Platform	Perturbation	Exprs_noise	N_tsamples	N_replicates	Tsteps	N_total	N_valid	Valid_fraction	N_null	N_alt	TypeI_001	TypeI_005	TypeI_010	Inflation_005	TypeI_005_Wilson_low	TypeI_005_Wilson_high	TypeI_005_CI_contains_005	Power_001	Power_005	Power_010	Null_q005	Alt_q005	sigma_c_bias_alt	sigma_c_MAE_alt	sigma_c_RMSE_alt	tau_MAE	alpha_MAE	Finite_condition_fraction	Median_condition	Condition_q95	Median_atom_zero_null	Mean_boot_failure	Mean_boot_rank_deficient	Median_test_seconds
RT-qPCR	NONE	Very low	3	3	5	2000	2000	1	1604	396	0.198877805486284	0.22568578553616	0.24501246882793	4.51371571072319	0.205897431406803	0.246784924075277	FALSE	0.335858585858586	0.416666666666667	0.457070707070707	0.201995012468828	0.345959595959596	0.0159672977316535	0.130726172442825	0.354266456249568	0.0261024425774676	0.347851366301933	1	5574.76561254328	182810.701599163	0.510505252626313	0	1.25062531265633e-06	11.5969798564911
RT-qPCR	NONE	Low	3	3	5	2000	2000	1	1604	396	0.198877805486284	0.238154613466334	0.271820448877806	4.76309226932668	0.217950402476422	0.259610027756472	FALSE	0.28030303030303	0.386363636363636	0.436868686868687	0.199501246882793	0.282828282828283	-0.0135413482255438	0.121075269796237	0.222300745741384	0.0262777362518236	0.344073600409187	1	5085.83133289513	147303.563601191	0.509004502251126	0	0	11.1919873952866
RT-qPCR	NONE	Medium	3	3	5	2000	2000	1	1604	396	0.155236907730673	0.223815461346633	0.266832917705736	4.47630922693267	0.204091684284532	0.244858959984925	FALSE	0.19949494949495	0.310606060606061	0.383838383838384	0.149625935162095	0.191919191919192	-0.0172313223853132	0.125219211127937	0.188677232143314	0.0273515939025877	0.347524859278982	1	4722.30742866734	130661.025939143	0.522511255627814	0	2.00100050025013e-06	11.2639834880829
RT-qPCR	NONE	High	3	3	5	2000	2000	1	1604	396	0.0935162094763092	0.168329177057357	0.226309226932668	3.36658354114713	0.150815785195466	0.187427426432866	FALSE	0.116161616161616	0.217171717171717	0.277777777777778	0.0629675810473816	0.0732323232323232	-0.0503677553060424	0.12736929372838	0.218925107037119	0.028256570780767	0.355114869454243	1	4113.47720833311	83409.686034734	0.56328164082041	0	2.25112556278139e-06	11.2854437828064
GAUSS	NONE	Very low	3	3	5	2000	2000	1	1604	396	0.196384039900249	0.22069825436409	0.246259351620948	4.4139650872818	0.2010834150954	0.241647710486353	FALSE	0.26010101010101	0.348484848484849	0.401515151515151	0.196384039900249	0.26010101010101	0.0172523608743556	0.150224241715496	0.366614646261404	0.0264438346068534	0.345864226299895	1	7781.26351985787	600019625083353000	0.507253626813407	0	1.75087543771886e-06	11.2689752578735
GAUSS	NONE	Low	3	3	5	2000	2000	1	1604	396	0.177057356608479	0.219451371571072	0.25	4.38902743142145	0.199880570283447	0.240362747823225	FALSE	0.217171717171717	0.297979797979798	0.361111111111111	0.173316708229426	0.214646464646465	-0.0204804334253912	0.122662729605212	0.189280960054596	0.0269475438809389	0.354980467815852	1	6126.04344448897	701329948221815000	0.513006503251626	0	1.75087543771886e-06	11.2627128362656
GAUSS	NONE	Medium	3	3	5	2000	2000	1	1604	396	0.13715710723192	0.193890274314214	0.24501246882793	3.87780548628429	0.175283595448747	0.213959669418755	FALSE	0.156565656565657	0.247474747474748	0.303030303030303	0.125311720698254	0.126262626262626	-0.0435266707237931	0.115237222182435	0.156434514697549	0.026694027942255	0.345069500596723	1	5314.40651386233	759013685330970000	0.539269634817409	0	2.00100050025013e-06	11.2643966674805
GAUSS	NONE	High	3	3	5	2000	2000	1	1604	396	0.0766832917705736	0.135910224438903	0.183915211970075	2.71820448877805	0.120006874640116	0.153553342636098	FALSE	0.0580808080808081	0.131313131313131	0.171717171717172	0.0442643391521197	0.0303030303030303	-0.0613378191280413	0.113724689321276	0.150321400722057	0.0279112311058123	0.354874000051505	1	4702.07681533496	656141428065693000	0.567033516758379	0	4.00200100050025e-06	11.2507246732712
RNA-seq	NONE	Very low	3	3	5	2000	2000	1	1604	396	0.173316708229426	0.218827930174564	0.255610972568579	4.37655860349127	0.19927924786556	0.239720166503571	FALSE	0.224747474747475	0.313131313131313	0.353535353535354	0.168329177057357	0.214646464646465	-0.0167086738396992	0.119279674754627	0.167187133653028	0.0267418584808148	0.355052157614462	1	6020.73237921335	694040029340833000	0.517258629314657	0	1.50075037518759e-06	11.2598719596863
RNA-seq	NONE	Low	3	3	5	2000	2000	1	1604	396	0.115336658354115	0.180174563591022	0.228179551122195	3.60349127182045	0.162137174636717	0.199740208004889	FALSE	0.148989898989899	0.22979797979798	0.305555555555556	0.0910224438902743	0.116161616161616	-0.0301424415930088	0.125673597308985	0.187481998342313	0.027151603014559	0.353536403959225	1	5635.36459665507	620384982345655000	0.548524262131066	0	3.75187593796898e-06	11.2399483919144
RNA-seq	NONE	Medium	3	3	5	2000	2000	1	1604	396	0.0997506234413965	0.169576059850374	0.213840399002494	3.39152119700748	0.152006022275358	0.188724996828056	FALSE	0.095959595959596	0.191919191919192	0.272727272727273	0.0735660847880299	0.0757575757575758	-0.0272147426270503	0.129790492495963	0.198911052467197	0.0281317823710776	0.351651681559106	1	5635.37299710216	678817740705835000	0.551025512756378	0	3.25162581290645e-06	11.2462632656097
RNA-seq	NONE	High	3	3	5	2000	2000	1	1604	396	0.0766832917705736	0.138403990024938	0.180798004987531	2.76807980049875	0.122366591758427	0.15616924046795	FALSE	0.0681818181818182	0.148989898989899	0.212121212121212	0.0405236907730673	0.0404040404040404	-0.0528998058039862	0.1201637648166	0.179064639486214	0.0278198555916302	0.350580374714411	1	5116.82586511528	792825055729475000	0.568784392196098	0	4.75237618809405e-06	11.2478891611099
RT-qPCR	SHUTOFF	Very low	3	3	5	2000	2000	1	1604	396	0	0.00498753117206983	0.0180798004987531	0.0997506234413965	0.00252940128132797	0.00981103111133297	FALSE	0	0.00757575757575758	0.0252525252525253	0	0	0.106915012032094	0.221222958948423	0.356063120526995	0.0222073625548093	0.298355738362054	1	1125.24024378308	8260.40332418935	0.506253126563282	0	7.50375187593797e-07	11.3147102594376
RT-qPCR	SHUTOFF	Low	3	3	5	2000	2000	1	1604	396	0.000623441396508728	0.00748129675810474	0.0317955112219451	0.149625935162095	0.00428477591941086	0.013031271423413	FALSE	0	0.00757575757575758	0.0454545454545455	0	0	0.174088499287879	0.307257809203949	0.488498295549965	0.0249978045977972	0.331782915783148	1	1260.09220332126	9578.27014490411	0.505252626313157	0	1.00050025012506e-06	11.3143264055252
RT-qPCR	SHUTOFF	Medium	3	3	5	2000	2000	1	1604	396	0.000623441396508728	0.0118453865336658	0.0455112219451372	0.236907730673317	0.00759633389028362	0.0184270396153253	FALSE	0	0.0277777777777778	0.0656565656565657	0	0	0.262057743872657	0.381507637149679	0.668073760611424	0.0306040327738558	0.370237758953086	1	1344.75242654647	11206.2932729164	0.505752876438219	0	1.00050025012506e-06	11.3215181827545
RT-qPCR	SHUTOFF	High	3	3	5	2000	2000	1	1604	396	0.00498753117206983	0.0286783042394015	0.0673316708229426	0.57356608478803	0.0215690152777225	0.0380397591414862	FALSE	0.00252525252525253	0.0404040404040404	0.0732323232323232	0	0	0.315314030003531	0.447375069220368	1.03971146337689	0.0408173925155726	0.426623601856655	1	1664.33559690585	16264.9170694163	0.508254127063532	0	5.00250125062531e-07	11.3201297521591
GAUSS	SHUTOFF	Very low	3	3	5	2000	2000	1	1604	396	0.000623441396508728	0.00935162094763092	0.0243142144638404	0.187032418952618	0.00567535752507295	0.0153724010303731	FALSE	0	0.00505050505050505	0.0378787878787879	0	0	0.160586422143583	0.272992187329835	0.408825950462639	0.0223170561458805	0.285978955253348	1	1569.37466076548	11721.9245490393	0.506753376688344	0	2.50125062531266e-07	11.3093851804733
GAUSS	SHUTOFF	Low	3	3	5	2000	2000	1	1604	396	0.000623441396508728	0.0124688279301746	0.0392768079800499	0.249376558603491	0.00808603685029264	0.0191812403928571	FALSE	0.00505050505050505	0.0176767676767677	0.0580808080808081	0	0	0.286637090170496	0.394886248291473	0.614552374354287	0.0260489595417613	0.322914198733449	1	1485.47220688466	12007.1942690988	0.504752376188094	0	1.00050025012506e-06	11.3133239746094
GAUSS	SHUTOFF	Medium	3	3	5	2000	2000	1	1604	396	0.00124688279301746	0.0168329177057357	0.0486284289276808	0.336658354114713	0.0115941117552815	0.0243804916506533	FALSE	0.00505050505050505	0.0353535353535354	0.0732323232323232	0	0	0.247307400826238	0.381302490262859	0.721547654311178	0.0339743421427966	0.390406435804497	1	1642.0935746143	16326.380414184	0.501500750375188	0	2.25112556278139e-06	11.3047245740891
GAUSS	SHUTOFF	High	3	3	5	2000	2000	1	1604	396	0.000623441396508728	0.0255610972568579	0.0623441396508728	0.511221945137157	0.0188975453078123	0.0344917104236927	FALSE	0.00252525252525253	0.0404040404040404	0.0909090909090909	0	0	0.235888343077368	0.372179858311588	0.701329894122601	0.0407406639948147	0.430068585297744	1	1820.07612482911	23439.2586782045	0.511255627813907	0	2.25112556278139e-06	11.305296421051
RNA-seq	SHUTOFF	Very low	3	3	5	2000	2000	1	1604	396	0.00187032418952618	0.0187032418952618	0.0517456359102244	0.374064837905237	0.013132118127553	0.026574196491004	FALSE	0	0.0101010101010101	0.0454545454545455	0	0	0.254099001024457	0.370990372924329	0.601319375382557	0.027448881809996	0.346749366236274	1	1435.18014981222	11028.3264579132	0.505752876438219	0	0	11.297850728035
RNA-seq	SHUTOFF	Low	3	3	5	2000	2000	1	1604	396	0.00249376558603491	0.0193266832917706	0.0511221945137157	0.386533665835411	0.0136485562156029	0.0273016621404949	FALSE	0.00505050505050505	0.0202020202020202	0.0606060606060606	0	0	0.224566888000315	0.350751179800578	0.554490280601705	0.0339389124114794	0.406940768048078	1	1626.81252788766	17091.5929847591	0.506253126563282	0	1.00050025012506e-06	11.3045170307159
RNA-seq	SHUTOFF	Medium	3	3	5	2000	2000	1	1604	396	0.00124688279301746	0.0174563591022444	0.0654613466334165	0.349127182044888	0.0121048017223237	0.0251137054211518	FALSE	0.0101010101010101	0.0378787878787879	0.0707070707070707	0	0	0.2228986085613	0.364738501002472	0.691016418873461	0.0371602972836336	0.412101497104588	1	1830.66974434185	22988.0724970496	0.510255127563782	0	2.25112556278139e-06	11.3029732704163
RNA-seq	SHUTOFF	High	3	3	5	2000	2000	1	1604	396	0.00498753117206983	0.0268079800498753	0.0592269326683292	0.536159600997506	0.0199628939059593	0.0359141693006272	FALSE	0	0.0126262626262626	0.0631313131313131	0	0	0.166456503373226	0.313478620045561	0.57479494653036	0.037969847229958	0.418722796047287	1	1990.96953419789	33508.0751661986	0.51375687843922	0	2.75137568784392e-06	11.3191516399384
RT-qPCR	NONE	Very low	3	3	10	2000	2000	1	1604	396	0.201995012468828	0.221945137157107	0.245635910224439	4.43890274314214	0.202286525196631	0.242932407860203	FALSE	0.315656565656566	0.388888888888889	0.414141414141414	0.202618453865337	0.318181818181818	-0.0176566126482583	0.11124103737299	0.182105167482155	0.0258586668771628	0.341562601603928	1	5277.28504069869	180109.294382291	0.515007503751876	0	3.00150075037519e-06	11.2887637615204
RT-qPCR	NONE	Low	3	3	10	2000	2000	1	1604	396	0.200124688279302	0.251246882793017	0.279925187032419	5.02493765586035	0.230632373684609	0.27305003503664	FALSE	0.27020202020202	0.361111111111111	0.409090909090909	0.202618453865337	0.272727272727273	-0.0112762791226267	0.132551758742506	0.284029409274308	0.0271950444105983	0.345669547528076	1	5250.71146969036	153600.154365643	0.51175587793897	0	1.25062531265633e-06	11.2823843955994
RT-qPCR	NONE	Medium	3	3	10	2000	2000	1	1604	396	0.163341645885287	0.229426433915212	0.265586034912718	4.58852867830424	0.209510669177245	0.250635108730079	FALSE	0.222222222222222	0.300505050505051	0.348484848484849	0.155236907730673	0.20959595959596	-0.0414768537159724	0.119254157889441	0.178960925805818	0.0272933367072072	0.348260607228494	1	4633.56664817239	124425.20449797	0.529264632316158	0	2.00100050025013e-06	11.2791237831116
RT-qPCR	NONE	High	3	3	10	2000	2000	1	1604	396	0.103491271820449	0.179551122194514	0.235037406483791	3.59102244389027	0.16154054170413	0.199092937199936	FALSE	0.106060606060606	0.191919191919192	0.23989898989899	0.0773067331670823	0.0757575757575758	-0.0562401132384071	0.126420947039957	0.197067370030232	0.0273893054642863	0.355820263682774	1	3991.20797769906	74610.278337094	0.55527763881941	0	2.50125062531266e-06	11.2953990697861
GAUSS	NONE	Very low	3	3	10	2000	2000	1	1604	396	0.183915211970075	0.217581047381546	0.238154613466334	4.35162094763092	0.198076804028168	0.238434802865882	FALSE	0.277777777777778	0.358585858585859	0.396464646464646	0.183915211970075	0.277777777777778	0.010278251972812	0.133651545025425	0.328856959042786	0.0266712033477215	0.35850257177841	1	7635.9534967335	648433867887190000	0.507253626813407	0	2.00100050025013e-06	11.2787232398987
GAUSS	NONE	Low	3	3	10	2000	2000	1	1604	396	0.183291770573566	0.238154613466334	0.265586034912718	4.76309226932668	0.217950402476422	0.259610027756472	FALSE	0.21969696969697	0.320707070707071	0.366161616161616	0.180174563591022	0.212121212121212	0.00275584351313801	0.14693249426056	0.328163886406622	0.0288776964584292	0.357084004674924	1	5982.33636851829	647371344889499000	0.51375687843922	0	1.25062531265633e-06	11.280671954155
GAUSS	NONE	Medium	3	3	10	2000	2000	1	1604	396	0.119700748129676	0.178927680798005	0.22069825436409	3.5785536159601	0.160943992365842	0.198445582800683	FALSE	0.159090909090909	0.247474747474748	0.318181818181818	0.107231920199501	0.131313131313131	-0.0245605056437153	0.13103635188247	0.201988498549635	0.0262243381898566	0.341699263875679	1	5575.39046657299	685687616577966000	0.549524762381191	0	1.50075037518759e-06	11.2736654281616
GAUSS	NONE	High	3	3	10	2000	2000	1	1604	396	0.0741895261845387	0.144638403990025	0.195137157107232	2.8927680798005	0.128273820061676	0.162701049540108	FALSE	0.101010101010101	0.171717171717172	0.224747474747475	0.0392768079800499	0.0606060606060606	-0.0329574799761821	0.13542088435628	0.269453973853122	0.0277200994783462	0.349227384075971	1	5152.80950434505	807523521600292000	0.568284142071036	0	3.00150075037519e-06	11.2776607275009
RNA-seq	NONE	Very low	3	3	10	2000	2000	1	1604	396	0.165835411471322	0.209476309226933	0.245635910224439	4.18952618453865	0.190267561450279	0.230073296855741	FALSE	0.23989898989899	0.335858585858586	0.381313131313131	0.162718204488778	0.23989898989899	-0.00253334121121959	0.135577277507027	0.250163318775666	0.026966610017288	0.351734276759694	1	6298.16933876143	612018588917132000	0.515257628814407	0	1.75087543771886e-06	11.2893004417419
RNA-seq	NONE	Low	3	3	10	2000	2000	1	1604	396	0.119700748129676	0.184538653366584	0.239401496259352	3.69077306733167	0.166315917837821	0.20426879096657	FALSE	0.128787878787879	0.204545454545455	0.267676767676768	0.107231920199501	0.113636363636364	-0.00867834065735543	0.144593961614015	0.359177670591203	0.0271731268538507	0.346440016271859	1	5536.30172798681	656775926078430000	0.54552276138069	0	3.25162581290645e-06	11.2814865112305
RNA-seq	NONE	Medium	3	3	10	2000	2000	1	1604	396	0.0966334164588529	0.161471321695761	0.217581047381546	3.22942643391521	0.144276018607699	0.180284251907685	FALSE	0.108585858585859	0.191919191919192	0.247474747474748	0.0804239401496259	0.0909090909090909	-0.0288621257494952	0.135245494099503	0.214425852903683	0.0274031340038994	0.350112830449747	1	5205.78086376176	682148662228702000	0.553526763381691	0	4.50225112556278e-06	11.2797538042069
RNA-seq	NONE	High	3	3	10	2000	2000	1	1604	396	0.077930174563591	0.130299251870324	0.18142144638404	2.60598503740648	0.114704439097307	0.147660644541041	FALSE	0.0909090909090909	0.148989898989899	0.19949494949495	0.0498753117206983	0.053030303030303	-0.0594587507940978	0.125453765965171	0.204105184109164	0.027766878738874	0.349865524367343	1	4930.64819257094	685704369066604000	0.564282141070535	0	5.00250125062531e-06	11.2682118415833
RT-qPCR	SHUTOFF	Very low	3	3	10	2000	2000	1	1604	396	0.0130922693266833	0.0698254364089776	0.116583541147132	1.39650872817955	0.0583538245295859	0.0833525965673109	FALSE	0.0429292929292929	0.108585858585859	0.189393939393939	0	0	0.255902194367247	0.343208595076988	0.632197837218759	0.0495132972202124	0.590206704194631	1	720.947556644745	3673.64663263157	0.501250625312656	0	0	11.3350148200989
RT-qPCR	SHUTOFF	Low	3	3	10	2000	2000	1	1604	396	0.00623441396508728	0.0311720698254364	0.0716957605985038	0.623441396508728	0.0237242612416013	0.0408601281277703	FALSE	0.0151515151515152	0.0454545454545455	0.116161616161616	0	0	0.214776659168524	0.314644842419826	0.57036999645141	0.0492740881443055	0.610453649567087	1	766.429983556203	4148.05636576482	0.501250625312656	0	0	11.3428583145142
RT-qPCR	SHUTOFF	Medium	3	3	10	2000	2000	1	1604	396	0.00685785536159601	0.0349127182044888	0.0829177057356609	0.698254364089776	0.0269831040769745	0.0450647077176414	FALSE	0.00505050505050505	0.053030303030303	0.103535353535354	0	0	0.236865734637302	0.35562901913244	0.662457062987846	0.0475436111537736	0.56973494131849	1	820.914384914872	4760.17199441407	0.504752376188094	0	0	11.3293863534927
RT-qPCR	SHUTOFF	High	3	3	10	2000	2000	1	1604	396	0.00311720698254364	0.0317955112219451	0.0810473815461347	0.635910224438903	0.0242653382789308	0.0415629548279815	FALSE	0.0101010101010101	0.0378787878787879	0.095959595959596	0	0	0.165879329301454	0.301075006408411	0.534900084871432	0.0414068167420957	0.458231568980616	1	1020.23901106331	6884.56977390051	0.510755377688844	0	1.00050025012506e-06	11.3020474910736
GAUSS	SHUTOFF	Very low	3	3	10	2000	2000	1	1604	396	0.00561097256857855	0.0405236907730673	0.0841645885286783	0.810473815461347	0.0319209081608656	0.0513220372716169	TRUE	0.0176767676767677	0.0505050505050505	0.138888888888889	0	0	0.222192154394275	0.320002997757148	0.560063499173083	0.0500580667347628	0.58732284777136	1	898.63509596906	5443.99791276865	0.501750875437719	0	0	11.2835773229599
GAUSS	SHUTOFF	Low	3	3	10	2000	2000	1	1604	396	0.0043640897755611	0.0305486284289277	0.0773067331670823	0.610972568578554	0.0231840640780127	0.0401564215538182	FALSE	0.0101010101010101	0.0429292929292929	0.0909090909090909	0	0	0.316050793837801	0.416002968398565	0.759769622897811	0.0506353664460801	0.58302812386717	1	878.084864536851	5636.31139066486	0.503001500750375	0	2.50125062531266e-07	11.2835446596146
GAUSS	SHUTOFF	Medium	3	3	10	2000	2000	1	1604	396	0.00623441396508728	0.0330423940149626	0.0885286783042394	0.660847880299252	0.0253500352903921	0.0429660652916017	FALSE	0.0151515151515152	0.0378787878787879	0.0883838383838384	0	0	0.275656545796754	0.401487664281353	0.768562639439739	0.0466299086316959	0.537191463110889	1	1003.26115672467	6928.67621472274	0.503751875937969	0	0	11.2784330844879
GAUSS	SHUTOFF	High	3	3	10	2000	2000	1	1604	396	0.00748129675810474	0.0380299251870324	0.0922693266832918	0.760598503740648	0.0297196337024635	0.0485476967798561	FALSE	0.0101010101010101	0.0631313131313131	0.126262626262626	0	0	0.238686088045532	0.376918025947116	0.764734365408069	0.0411770400134543	0.459374643198088	1	1060.63552037533	8431.9239183295	0.51175587793897	0	5.00250125062531e-07	11.3005990982056
RNA-seq	SHUTOFF	Very low	3	3	10	2000	2000	1	1604	396	0.00685785536159601	0.0305486284289277	0.0810473815461347	0.610972568578554	0.0231840640780127	0.0401564215538182	FALSE	0.0126262626262626	0.0580808080808081	0.126262626262626	0	0	0.305851114848973	0.421195645145172	0.767314804725104	0.0492742158395882	0.571378608960547	1	915.906762626082	5801.41647124507	0.501250625312656	0	2.50125062531266e-07	11.3019179105759
RNA-seq	SHUTOFF	Low	3	3	10	2000	2000	1	1604	396	0.00685785536159601	0.0336658354114713	0.0885286783042394	0.673316708229426	0.0258936097056896	0.0436663946138449	FALSE	0.0202020202020202	0.0656565656565657	0.106060606060606	0	0	0.261213751854458	0.387304305950122	0.742057527911404	0.0476098355256924	0.555361134879747	1	1043.94903008705	7466.88781737242	0.5040020010005	0	5.00250125062531e-07	11.2920491695404
RNA-seq	SHUTOFF	Medium	3	3	10	2000	2000	1	1604	396	0.00498753117206983	0.0355361596009975	0.084788029925187	0.71072319201995	0.0275289843072554	0.0457627312249013	FALSE	0.00505050505050505	0.0404040404040404	0.103535353535354	0	0	0.236819265068586	0.36841594721857	0.811949041711827	0.0428617512960733	0.487427911772801	1	1093.79557478222	8354.8800414048	0.510255127563782	0	0	11.2985141277313
RNA-seq	SHUTOFF	High	3	3	10	2000	2000	1	1604	396	0.00623441396508728	0.0405236907730673	0.0891521197007481	0.810473815461347	0.0319209081608656	0.0513220372716169	TRUE	0.00505050505050505	0.0429292929292929	0.0858585858585859	0	0	0.178211519726416	0.328721822304456	0.603510332529044	0.0431048841805222	0.459698278209794	1	1258.69481852347	12228.0688609967	0.514757378689345	0	7.50375187593797e-07	11.2922765016556
RT-qPCR	NONE	Very low	3	3	20	2000	2000	1	1604	396	0.208852867830424	0.235037406483791	0.246259351620948	4.70074812967581	0.214934810301557	0.256406101243634	FALSE	0.313131313131313	0.386363636363636	0.45959595959596	0.210099750623441	0.315656565656566	0.00266589962023301	0.123907190893181	0.235646277819647	0.0267538603609584	0.3527280539808	1	5528.66932715652	192812.115483756	0.51375687843922	0	1.00050025012506e-06	11.2660533189774
RT-qPCR	NONE	Low	3	3	20	2000	2000	1	1604	396	0.195760598503741	0.241895261845387	0.268079800498753	4.83790523690773	0.221571131858011	0.263452720800127	FALSE	0.27020202020202	0.371212121212121	0.429292929292929	0.197007481296758	0.272727272727273	0.00232615733474853	0.140937786050846	0.29767267771524	0.0263552383755304	0.350423795026153	1	4652.43519746092	154126.872357554	0.514757378689345	0	1.25062531265633e-06	11.268052816391
RT-qPCR	NONE	Medium	3	3	20	2000	2000	1	1604	396	0.163965087281796	0.226309226932668	0.271197007481297	4.52618453865337	0.206499476891459	0.247426782328161	FALSE	0.196969696969697	0.303030303030303	0.356060606060606	0.160847880299252	0.179292929292929	-0.0255094190463697	0.12922170474246	0.237756576650708	0.0259804022731232	0.341311651651503	1	4793.1453630055	118075.28538674	0.532516258129065	0	1.75087543771886e-06	11.2783018350601
RT-qPCR	NONE	High	3	3	20	2000	2000	1	1604	396	0.0978802992518703	0.165211970074813	0.214463840399003	3.30423940149626	0.147841778151831	0.184181914788797	FALSE	0.126262626262626	0.217171717171717	0.28030303030303	0.0791770573566085	0.0909090909090909	-0.0451475804081806	0.129645930764356	0.197555762556148	0.027792597487105	0.349146289070584	1	4102.42840856953	74550.5171314663	0.570285142571286	0	2.75137568784392e-06	11.2739640474319
GAUSS	NONE	Very low	3	3	20	2000	2000	1	1604	396	0.197007481296758	0.231296758104738	0.251870324189526	4.62593516209476	0.21131814980817	0.252559339311776	FALSE	0.277777777777778	0.361111111111111	0.411616161616162	0.197007481296758	0.28030303030303	0.0108445917178345	0.125039314299577	0.204520338482293	0.0272644427931711	0.344422288827295	1	7319.93128531377	606963958632693000	0.510255127563782	0	1.50075037518759e-06	11.2656397819519
GAUSS	NONE	Low	3	3	20	2000	2000	1	1604	396	0.167082294264339	0.215087281795511	0.25	4.30174563591022	0.195672726166684	0.235863265777203	FALSE	0.217171717171717	0.305555555555556	0.383838383838384	0.164588528678304	0.217171717171717	-0.00125714067311805	0.136941483178287	0.29392562980857	0.0268731898577092	0.362697345201793	1	6309.32246393809	602286171058237000	0.513506753376688	0	7.50375187593797e-07	11.2610186338425
GAUSS	NONE	Medium	3	3	20	2000	2000	1	1604	396	0.125935162094763	0.193266832917706	0.236907730673317	3.86533665835412	0.174685203897971	0.213314157231991	FALSE	0.164141414141414	0.247474747474748	0.297979797979798	0.109102244389027	0.131313131313131	-0.0373817005223863	0.123787727066571	0.169285711769463	0.0270361841561308	0.354343987517404	1	5765.5383973013	667093736800477000	0.550025012506253	0	1.00050025012506e-06	11.2706307172775
GAUSS	NONE	High	3	3	20	2000	2000	1	1604	396	0.0791770573566085	0.133416458852868	0.192643391521197	2.66832917705736	0.117649033836809	0.150935568489243	FALSE	0.0858585858585859	0.151515151515152	0.204545454545455	0.0455112219451372	0.0328282828282828	-0.0320462930702538	0.142590745769194	0.267943844619705	0.0271833702897459	0.344262077004793	1	5048.43014370127	661794835026831000	0.569284642321161	0	1.75087543771886e-06	11.2648179531097
RNA-seq	NONE	Very low	3	3	20	2000	2000	1	1604	396	0.1714463840399	0.21571072319202	0.243142144638404	4.3142144638404	0.196273643879999	0.236506251801428	FALSE	0.23989898989899	0.345959595959596	0.398989898989899	0.168952618453865	0.232323232323232	-0.00758470744458024	0.133360322183872	0.20888823541383	0.0266465720510434	0.351169126246113	1	6163.973223724	749514095706023000	0.517008504252126	0	1.00050025012506e-06	11.2601757049561
RNA-seq	NONE	Low	3	3	20	2000	2000	1	1604	396	0.129675810473815	0.190149625935162	0.235660847880299	3.80299251870324	0.1716944038038	0.210085438638458	FALSE	0.138888888888889	0.232323232323232	0.295454545454545	0.120324189526185	0.128787878787879	3.85890664551295e-05	0.15327530854083	0.496645162370664	0.0272180335082279	0.349862436834879	1	5707.84088153401	741078398455228000	0.542771385692847	0	3.00150075037519e-06	11.2705441713333
RNA-seq	NONE	Medium	3	3	20	2000	2000	1	1604	396	0.103491271820449	0.1714463840399	0.21571072319202	3.42892768079801	0.153792047556175	0.190670682759861	FALSE	0.128787878787879	0.212121212121212	0.275252525252525	0.084788029925187	0.111111111111111	-0.0407682142855287	0.130754551956406	0.251066803282841	0.0275859536778955	0.351783098153047	1	5534.54177542256	705777773465778000	0.564282141070535	0	3.00150075037519e-06	11.2800829410553
RNA-seq	NONE	High	3	3	20	2000	2000	1	1604	396	0.0698254364089776	0.127805486284289	0.165835411471322	2.55610972568579	0.11235098520246	0.145038483485725	FALSE	0.106060606060606	0.202020202020202	0.244949494949495	0.0386533665835412	0.0631313131313131	-0.0425348707234439	0.128487127361112	0.202421682411051	0.0284633140372262	0.356765015578899	1	4973.69925726104	834913939084467000	0.564532266133067	0	5.25262631315658e-06	11.2790864706039
RT-qPCR	SHUTOFF	Very low	3	3	20	2000	2000	1	1604	396	0.185785536159601	0.321072319201995	0.412094763092269	6.4214463840399	0.298674547352231	0.34432507997358	FALSE	0.22979797979798	0.393939393939394	0.454545454545455	0.183915211970075	0.227272727272727	0.319231806746823	0.418595669957776	0.684399640648244	0.0446686475573111	0.562968483716721	1	992.034494873294	4322.26273323671	0.496248124062031	0	0	11.3468230962753
RT-qPCR	SHUTOFF	Low	3	3	20	2000	2000	1	1604	396	0.105361596009975	0.22568578553616	0.31857855361596	4.51371571072319	0.205897431406803	0.246784924075277	FALSE	0.118686868686869	0.247474747474748	0.345959595959596	0.0667082294264339	0.095959595959596	0.28156868487834	0.386654326189022	0.659794842684602	0.0433652019473008	0.533899405769362	1	949.821667920264	4637.70754481406	0.500250125062531	0	2.50125062531266e-07	11.3461389541626
RT-qPCR	SHUTOFF	Medium	3	3	20	2000	2000	1	1604	396	0.0554862842892768	0.149625935162095	0.228179551122195	2.9925187032419	0.133007444844616	0.167918654657494	FALSE	0.0555555555555556	0.156565656565657	0.292929292929293	0.0143391521197008	0.0151515151515152	0.233750226230446	0.344094826145228	0.639876909368275	0.0420777720568285	0.491903964616705	1	887.309771908486	4871.50809345507	0.504252126063031	0	0	11.3453059196472
RT-qPCR	SHUTOFF	High	3	3	20	2000	2000	1	1604	396	0.0236907730673317	0.0760598503740648	0.158977556109726	1.5211970074813	0.0640755552999902	0.0900699031723139	FALSE	0.0277777777777778	0.0858585858585859	0.164141414141414	0	0	0.0970492229329181	0.243302271519149	0.44654435632531	0.0355842468811857	0.399440946845415	1	866.556499090762	5332.60607669743	0.510255127563782	0	5.00250125062531e-07	11.3559111356735
GAUSS	SHUTOFF	Very low	3	3	20	2000	2000	1	1604	396	0.170822942643392	0.317331670822943	0.412718204488778	6.34663341645885	0.295013567529024	0.340522637371542	FALSE	0.19949494949495	0.363636363636364	0.464646464646465	0.158977556109726	0.186868686868687	0.398229324462895	0.490313861921874	0.815991568561939	0.0475886498437012	0.642001117627076	1	1184.56935667392	6731.71748948062	0.498249124562281	0	0	11.3459377288818
GAUSS	SHUTOFF	Low	3	3	20	2000	2000	1	1604	396	0.0735660847880299	0.180174563591022	0.284912718204489	3.60349127182045	0.162137174636717	0.199740208004889	FALSE	0.116161616161616	0.232323232323232	0.356060606060606	0.0324189526184539	0.0429292929292929	0.281658716808291	0.395709832656561	0.691730272334183	0.0451664934526181	0.553919835966604	1	1068.292233589	6458.46011461191	0.500750375187594	0	0	11.3514926433563
GAUSS	SHUTOFF	Medium	3	3	20	2000	2000	1	1604	396	0.0386533665835412	0.122817955112219	0.203241895261845	2.45635910224439	0.107650213594491	0.139788025193368	FALSE	0.0404040404040404	0.111111111111111	0.237373737373737	0	0	0.229636956963397	0.353540267055221	0.664151260602305	0.0418209486962709	0.488803250065703	1	971.637031532739	5706.19596693661	0.503751875937969	0	2.50125062531266e-07	11.352622628212
GAUSS	SHUTOFF	High	3	3	20	2000	2000	1	1604	396	0.0149625935162095	0.0785536159600998	0.15211970074813	1.571072319202	0.0663714729498143	0.0927496004726527	FALSE	0.0176767676767677	0.0909090909090909	0.19949494949495	0	0	0.155996070295772	0.298405134511728	0.568029157901312	0.0358320774776961	0.397862169142323	1	970.896899586635	6321.15089431635	0.51375687843922	0	2.50125062531266e-07	11.3414521217346
RNA-seq	SHUTOFF	Very low	3	3	20	2000	2000	1	1604	396	0.0885286783042394	0.198254364089776	0.307356608478803	3.96508728179551	0.179474463383961	0.218476127646326	FALSE	0.106060606060606	0.242424242424242	0.358585858585859	0.0511221945137157	0.0681818181818182	0.305674107833451	0.408644491547751	0.711000507590714	0.0459520888304936	0.57251866491851	1	1068.86443524386	6486.86361078682	0.497748874437219	0	0	11.3492945432663
RNA-seq	SHUTOFF	Low	3	3	20	2000	2000	1	1604	396	0.0461346633416459	0.109725685785536	0.197630922693267	2.19451371571072	0.0953525432355312	0.125963717063972	FALSE	0.0328282828282828	0.133838383838384	0.224747474747475	0.0143391521197008	0.0126262626262626	0.219142838186937	0.352834428324199	0.643641746431366	0.0412868225322841	0.473316454306819	1	972.973578239342	6746.68874965437	0.5040020010005	0	0	11.3501977920532
RNA-seq	SHUTOFF	Medium	3	3	20	2000	2000	1	1604	396	0.0399002493765586	0.0903990024937656	0.164588528678304	1.80798004987531	0.0773271879016094	0.105428056534131	FALSE	0.0277777777777778	0.103535353535354	0.189393939393939	0	0	0.13167156351915	0.276207249353016	0.514954871665294	0.0383289834476962	0.417726107391573	1	980.913089147975	6659.05375885008	0.506753376688344	0	0	11.3434410095215
RNA-seq	SHUTOFF	High	3	3	20	2000	2000	1	1604	396	0.029925187032419	0.0910224438902743	0.167705735660848	1.82044887780549	0.077905919954605	0.106093228218677	FALSE	0.0176767676767677	0.0833333333333333	0.164141414141414	0	0	0.106716289963838	0.252557986981389	0.43220548265246	0.0349230399411444	0.390822340366633	1	1056.18390968615	8361.89465849487	0.510755377688844	0	2.50125062531266e-07	11.3403002023697
RT-qPCR	NONE	Very low	3	3	50	2000	2000	1	1604	396	0.214463840399003	0.245635910224439	0.258104738154614	4.91271820448878	0.225194030664334	0.267293244419048	FALSE	0.323232323232323	0.406565656565657	0.457070707070707	0.217581047381546	0.328282828282828	0.00292025237284588	0.124389292705999	0.289319515624103	0.0260895557107501	0.342597065354585	1	5694.76560632563	176647.644507772	0.52176088044022	0	5.00250125062531e-07	11.303292632103
RT-qPCR	NONE	Low	3	3	50	2000	2000	1	1604	396	0.192643391521197	0.248753117206983	0.274937655860349	4.97506234413965	0.228214746012464	0.270492047758623	FALSE	0.282828282828283	0.381313131313131	0.457070707070707	0.194513715710723	0.285353535353535	-0.00329685633304289	0.131438877364456	0.266790061538633	0.0282962892704595	0.355894503771707	1	4963.08792663382	183171.345179401	0.514257128564282	0	1.75087543771886e-06	11.3060485124588
RT-qPCR	NONE	Medium	3	3	50	2000	2000	1	1604	396	0.160847880299252	0.227556109725686	0.266832917705736	4.55112219451372	0.207703761391704	0.248710305302997	FALSE	0.20959595959596	0.277777777777778	0.371212121212121	0.154613466334165	0.189393939393939	-0.0278314746272492	0.122959083598573	0.175312292520547	0.0269543406342347	0.349150477413588	1	4711.33990572757	125888.0041154	0.526513256628314	0	2.00100050025013e-06	11.3126965761185
RT-qPCR	NONE	High	3	3	50	2000	2000	1	1604	396	0.0978802992518703	0.170199501246883	0.227556109725686	3.40399002493766	0.152601275136477	0.189373647704477	FALSE	0.116161616161616	0.23989898989899	0.305555555555556	0.0754364089775561	0.0656565656565657	-0.0391086405140235	0.121199290803481	0.163792723729649	0.0318470346066422	0.358874719745215	1	4242.62098148512	80169.4331135561	0.552526263131566	0	2.25112556278139e-06	11.304384469986
GAUSS	NONE	Very low	3	3	50	2000	2000	1	1604	396	0.199501246882793	0.230049875311721	0.248753117206983	4.60099750623441	0.210113099313085	0.25127658233178	FALSE	0.275252525252525	0.376262626262626	0.416666666666667	0.200124688279302	0.28030303030303	0.0104087794915595	0.132205757250784	0.2180522136331	0.0262487961812563	0.354369353866697	1	7143.3109924498	578478469860564000	0.510755377688844	0	1.25062531265633e-06	11.2985481023788
GAUSS	NONE	Low	3	3	50	2000	2000	1	1604	396	0.162094763092269	0.213840399002494	0.25	4.27680798004988	0.194471095523901	0.234577088944905	FALSE	0.234848484848485	0.310606060606061	0.361111111111111	0.158977556109726	0.232323232323232	-0.00742997919758245	0.125997271888964	0.221884903195657	0.026562346523043	0.349620621368044	1	6099.66634524931	725390220177632000	0.51775887943972	0	2.75137568784392e-06	11.2880680561066
GAUSS	NONE	Medium	3	3	50	2000	2000	1	1604	396	0.139027431421446	0.201371571072319	0.240648379052369	4.02743142144638	0.182470184481724	0.221699925236267	FALSE	0.166666666666667	0.242424242424242	0.313131313131313	0.121571072319202	0.138888888888889	-0.0301583816770617	0.125933254243725	0.185548261261008	0.0267326306688459	0.348305721959118	1	5619.84602697955	763997369790615000	0.532016008004002	0	2.25112556278139e-06	11.298588514328
GAUSS	NONE	High	3	3	50	2000	2000	1	1604	396	0.0760598503740648	0.141521197007481	0.188279301745636	2.83042394014963	0.12531881239318	0.1594365385209	FALSE	0.0555555555555556	0.113636363636364	0.161616161616162	0.0374064837905237	0.0252525252525253	-0.0579866165608437	0.122285897322086	0.167835428145108	0.0272600938765053	0.349317186984	1	4757.21966847494	677997729828827000	0.572786393196598	0	3.50175087543772e-06	11.2869015932083
RNA-seq	NONE	Very low	3	3	50	2000	2000	1	1604	396	0.165835411471322	0.214463840399003	0.248129675810474	4.28927680798005	0.195071876642894	0.235220211563452	FALSE	0.227272727272727	0.29040404040404	0.353535353535354	0.161471321695761	0.224747474747475	-0.000309326150124203	0.136554863455661	0.229873584001435	0.0261668907231286	0.348422378606726	1	6085.34676701583	679020366611012000	0.514257128564282	0	2.75137568784392e-06	11.2862203121185
RNA-seq	NONE	Low	3	3	50	2000	2000	1	1604	396	0.122194513715711	0.18142144638404	0.228179551122195	3.6284289276808	0.163330689938654	0.201034500178033	FALSE	0.143939393939394	0.234848484848485	0.28030303030303	0.10785536159601	0.131313131313131	-0.0281548623214745	0.123296221859349	0.176307872123063	0.0273203634996265	0.346854683923425	1	5663.72588104064	723797449556578000	0.535017508754377	0	1.75087543771886e-06	11.2896531820297
RNA-seq	NONE	Medium	3	3	50	2000	2000	1	1604	396	0.0960099750623441	0.1571072319202	0.203241895261845	3.14214463840399	0.14012028733663	0.175732657015969	FALSE	0.131313131313131	0.191919191919192	0.227272727272727	0.0760598503740648	0.095959595959596	-0.0291460166536087	0.13108140406728	0.212083720619309	0.027750766745496	0.360499863273247	1	5417.23509015987	830818859812766000	0.558779389694847	0	4.50225112556278e-06	11.2964360713959
RNA-seq	NONE	High	3	3	50	2000	2000	1	1604	396	0.0698254364089776	0.127805486284289	0.169576059850374	2.55610972568579	0.11235098520246	0.145038483485725	FALSE	0.0984848484848485	0.181818181818182	0.234848484848485	0.0405236907730673	0.0580808080808081	-0.035020492942565	0.133356010280988	0.199289212873317	0.027771086413512	0.354435485702341	1	5462.50544617059	715010003281961000	0.564782391195598	0	4.75237618809405e-06	11.289968252182
RT-qPCR	SHUTOFF	Very low	3	3	50	2000	2000	1	1604	396	0.445137157107232	0.547381546134663	0.589775561097257	10.9476309226933	0.522938326560409	0.571598357492687	FALSE	0.457070707070707	0.575757575757576	0.623737373737374	0.499376558603491	0.525252525252525	0.175131348104379	0.280571694182812	0.467299105461739	0.0219533267365405	0.341551749543849	1	1790.95838683964	6695.36820324194	0.50200100050025	0	0	11.3611360788345
RT-qPCR	SHUTOFF	Low	3	3	50	2000	2000	1	1604	396	0.348503740648379	0.5	0.572942643391521	10	0.475560265486635	0.524439734513365	FALSE	0.351010101010101	0.5	0.603535353535354	0.402743142144638	0.416666666666667	0.152011490683779	0.255640413913755	0.410525488053517	0.0214883806509826	0.327190745088882	1	1382.59925856154	6289.21941449287	0.500750375187594	0	1.00050025012506e-06	11.3596048355103
RT-qPCR	SHUTOFF	Medium	3	3	50	2000	2000	1	1604	396	0.203241895261845	0.364089775561097	0.461346633416459	7.28179551122195	0.340892721894263	0.387936263321858	FALSE	0.207070707070707	0.353535353535354	0.477272727272727	0.203241895261845	0.207070707070707	0.115531403515734	0.244316440526536	0.383160761959849	0.0220307058734656	0.322209912711871	1	1150.6331981886	5555.52253491777	0.501750875437719	0	0	11.360662817955
RT-qPCR	SHUTOFF	High	3	3	50	2000	2000	1	1604	396	0.0903990024937656	0.221945137157107	0.334164588528678	4.43890274314214	0.202286525196631	0.242932407860203	FALSE	0.106060606060606	0.247474747474748	0.376262626262626	0.0349127182044888	0.0328282828282828	0.0742253545030337	0.204053760592275	0.334937820055672	0.0218050625861291	0.317839422852139	1	1024.16172858109	5838.67277961946	0.505502751375688	0	0	11.3507146835327
GAUSS	SHUTOFF	Very low	3	3	50	2000	2000	1	1604	396	0.425810473815461	0.548628428927681	0.603491271820449	10.9725685785536	0.524188094866309	0.572836396661868	FALSE	0.396464646464646	0.550505050505051	0.623737373737374	0.49501246882793	0.47979797979798	0.176992906518622	0.290079402661579	0.497530808015559	0.0220418380136306	0.358593140359582	1	2326.14822486982	10290.9975252247	0.501750875437719	0	0	11.3397072553635
GAUSS	SHUTOFF	Low	3	3	50	2000	2000	1	1604	396	0.27930174563591	0.440773067331671	0.53428927680798	8.81546134663342	0.416646491956078	0.465182652977553	FALSE	0.287878787878788	0.474747474747475	0.555555555555556	0.322319201995012	0.330808080808081	0.16469683133112	0.281152928445722	0.445851322382835	0.0223520023521746	0.33814527646626	1	1490.15420646207	6979.74205707702	0.498249124562281	0	0	11.3456338644028
GAUSS	SHUTOFF	Medium	3	3	50	2000	2000	1	1604	396	0.145261845386534	0.304862842892768	0.425187032418953	6.09725685785536	0.282822605668518	0.327835524481234	FALSE	0.159090909090909	0.343434343434343	0.472222222222222	0.110972568578554	0.116161616161616	0.121211854947885	0.247568837548194	0.409756157105636	0.0220355833482252	0.320081297975385	1	1195.32321103895	6140.85138774548	0.506753376688344	0	0	11.3478561639786
GAUSS	SHUTOFF	High	3	3	50	2000	2000	1	1604	396	0.0829177057356609	0.213840399002494	0.322319201995012	4.27680798004988	0.194471095523901	0.234577088944905	FALSE	0.0782828282828283	0.214646464646465	0.325757575757576	0.0124688279301746	0.00757575757575758	0.0479296602497985	0.191463680638126	0.320497510080068	0.0230943006329496	0.32309812773889	1	1069.55622516929	6642.67036501351	0.512256128064032	0	1.25062531265633e-06	11.3466876745224
RNA-seq	SHUTOFF	Very low	3	3	50	2000	2000	1	1604	396	0.266209476309227	0.42643391521197	0.501246882793017	8.5286783042394	0.402435287522859	0.450784071447335	FALSE	0.28030303030303	0.457070707070707	0.545454545454545	0.30860349127182	0.318181818181818	0.143984766672736	0.260791283735048	0.430117822670467	0.0223948882041629	0.331342194329845	1	1442.08688470665	7509.51075049024	0.501000500250125	0	2.50125062531266e-07	11.3477658033371
RNA-seq	SHUTOFF	Low	3	3	50	2000	2000	1	1604	396	0.1571072319202	0.314214463840399	0.425187032418953	6.28428927680798	0.291964041961504	0.337352644251359	FALSE	0.156565656565657	0.325757575757576	0.444444444444444	0.135910224438903	0.133838383838384	0.101853445261234	0.224427374289423	0.334734502682424	0.0228133841757874	0.321315406031501	1	1155.64915635222	7058.31815259476	0.500250125062531	0	0	11.3497914075851
RNA-seq	SHUTOFF	Medium	3	3	50	2000	2000	1	1604	396	0.114713216957606	0.261845386533666	0.377805486284289	5.23690773067332	0.240917537412685	0.283911234846757	FALSE	0.103535353535354	0.277777777777778	0.398989898989899	0.071072319201995	0.0782828282828283	0.0638875171421512	0.201655165952876	0.318704823413963	0.0229070540613723	0.32750085410596	1	1105.88237261995	7514.63546150955	0.505752876438219	0	2.50125062531266e-07	11.3496243953705
RNA-seq	SHUTOFF	High	3	3	50	2000	2000	1	1604	396	0.0841645885286783	0.224438902743142	0.316708229426434	4.48877805486284	0.20469353491249	0.245501013094508	FALSE	0.101010101010101	0.255050505050505	0.343434343434343	0.029925187032419	0.0429292929292929	0.0515839870397694	0.192394685657285	0.401673248757186	0.0232904250836342	0.320395486824001	1	1197.68502067968	9266.34120103344	0.512256128064032	0	2.50125062531266e-07	11.3464275598526
RT-qPCR	NONE	Very low	3	5	5	2000	2000	1	1604	396	0.220074812967581	0.232543640897756	0.244389027431421	4.65087281795511	0.212523452742941	0.253841843852086	FALSE	0.363636363636364	0.419191919191919	0.454545454545455	0.22069825436409	0.368686868686869	-0.0198639792779976	0.100730583557419	0.144097699334792	0.0257684406602434	0.345282339128366	1	4728.02453278515	95912.3833658119	0.510255127563782	0	7.50375187593797e-07	11.3629920482636
RT-qPCR	NONE	Low	3	5	5	2000	2000	1	1604	396	0.216334164588529	0.252493765586035	0.275561097256858	5.0498753117207	0.231841536114524	0.274328680081807	FALSE	0.323232323232323	0.398989898989899	0.434343434343434	0.218827930174564	0.325757575757576	-0.0186998571040401	0.112745206682554	0.19368805865083	0.0261452915325983	0.345154537600227	1	4134.34149588917	86019.3550360896	0.495497748874437	0	1.00050025012506e-06	11.3452506065369
RT-qPCR	NONE	Medium	3	5	5	2000	2000	1	1604	396	0.189526184538653	0.242518703241895	0.278054862842893	4.85037406483791	0.222174798592079	0.2640929578036	FALSE	0.285353535353535	0.378787878787879	0.436868686868687	0.190773067331671	0.292929292929293	-0.0272683270365335	0.11703860198691	0.196344367762765	0.0267671189540059	0.354579049164865	1	4003.22598041747	58184.040157995	0.499749874937469	0	1.25062531265633e-06	11.3444160223007
RT-qPCR	NONE	High	3	5	5	2000	2000	1	1604	396	0.127805486284289	0.198877805486284	0.257481296758105	3.97755610972569	0.180073459414145	0.219121035353683	FALSE	0.131313131313131	0.242424242424242	0.300505050505051	0.105361596009975	0.106060606060606	-0.0478493297448045	0.113697882914407	0.159208853247824	0.0263168875321577	0.343393612013688	1	3303.54409033514	38150.9963561987	0.54152076038019	0	1.25062531265633e-06	11.3431361913681
GAUSS	NONE	Very low	3	5	5	2000	2000	1	1604	396	0.201995012468828	0.227556109725686	0.238154613466334	4.55112219451372	0.207703761391704	0.248710305302997	FALSE	0.318181818181818	0.383838383838384	0.416666666666667	0.202618453865337	0.320707070707071	0.00538195237723791	0.113343783957238	0.18615252704405	0.0255679403635896	0.348006926431172	1	5940.09595413976	736052320551105000	0.498749374687344	0	5.00250125062531e-07	11.3411985635757
GAUSS	NONE	Low	3	5	5	2000	2000	1	1604	396	0.184538653366584	0.22568578553616	0.255610972568579	4.51371571072319	0.205897431406803	0.246784924075277	FALSE	0.244949494949495	0.305555555555556	0.348484848484849	0.183291770573566	0.244949494949495	-0.0186319837939968	0.117546137713348	0.182712415005443	0.0265892838962475	0.345746518880795	1	4806.38082461792	769794724689955000	0.498249124562281	0	1.25062531265633e-06	11.346315741539
GAUSS	NONE	Medium	3	5	5	2000	2000	1	1604	396	0.154613466334165	0.205112219451372	0.236284289276808	4.10224438902743	0.186067466846417	0.225566065296818	FALSE	0.22979797979798	0.308080808080808	0.358585858585859	0.14713216957606	0.224747474747475	-0.0315355289462456	0.111872234048393	0.16257760905894	0.0265984269440945	0.349566499149458	1	4676.21440342946	844532123149175000	0.517008504252126	0	1.25062531265633e-06	11.3479218482971
GAUSS	NONE	High	3	5	5	2000	2000	1	1604	396	0.0910224438902743	0.167082294264339	0.216957605985037	3.34164588528678	0.149625908940577	0.186129495212674	FALSE	0.0909090909090909	0.189393939393939	0.247474747474748	0.0598503740648379	0.0681818181818182	-0.0432298939388728	0.122076373304723	0.179915202985108	0.0266901354120652	0.347711887246383	1	4085.94982127812	899353304452074000	0.548024012006003	0	1.25062531265633e-06	11.3359676599503
RNA-seq	NONE	Very low	3	5	5	2000	2000	1	1604	396	0.185785536159601	0.224438902743142	0.246259351620948	4.48877805486284	0.20469353491249	0.245501013094508	FALSE	0.295454545454545	0.361111111111111	0.416666666666667	0.185785536159601	0.295454545454545	-0.0121371350032068	0.114281954249996	0.171136414563966	0.02576236337251	0.34480245200376	1	4888.25177002848	739593375814728000	0.50600300150075	0	1.00050025012506e-06	11.3422619104385
RNA-seq	NONE	Low	3	5	5	2000	2000	1	1604	396	0.138403990024938	0.197630922693267	0.230673316708229	3.95261845386534	0.178875541971147	0.2178311453216	FALSE	0.20959595959596	0.275252525252525	0.351010101010101	0.129675810473815	0.19949494949495	-0.020899524624356	0.123094833047897	0.196997769793906	0.0272700963594298	0.35969222833678	1	4761.96454452887	897341060397642000	0.522011005502751	0	1.50075037518759e-06	11.3462508916855
RNA-seq	NONE	Medium	3	5	5	2000	2000	1	1604	396	0.111596009975062	0.172069825436409	0.212593516209476	3.44139650872818	0.154387566347387	0.19131906770619	FALSE	0.156565656565657	0.237373737373737	0.29040404040404	0.091645885286783	0.111111111111111	-0.0360323199017435	0.122267267230178	0.163370958978713	0.0265500951587102	0.345408336885549	1	4435.81731434123	929822582184165000	0.540270135067534	0	1.75087543771886e-06	11.3469042778015
RNA-seq	NONE	High	3	5	5	2000	2000	1	1604	396	0.0773067331670823	0.140274314214464	0.18142144638404	2.80548628428928	0.124137585385965	0.158129958053034	FALSE	0.116161616161616	0.204545454545455	0.285353535353535	0.0498753117206983	0.0782828282828283	-0.0334274958802982	0.126575719747477	0.221746185789723	0.0274651421833349	0.349913616318628	1	4508.06842176454	985868880041762000	0.562531265632816	0	1.50075037518759e-06	11.3343886137009
RT-qPCR	SHUTOFF	Very low	3	5	5	2000	2000	1	1604	396	0.00124688279301746	0.00187032418952618	0.00249376558603491	0.0374064837905237	0.00063627837900834	0.00548463532594896	FALSE	0	0.00252525252525253	0.00505050505050505	0	0	0.0682721687463645	0.18354979444639	0.300920599745284	0.0218119581298308	0.290448055328767	1	982.102529004576	6442.81044685259	0.504252126063031	0	7.50375187593797e-07	11.409684419632
RT-qPCR	SHUTOFF	Low	3	5	5	2000	2000	1	1604	396	0.000623441396508728	0.0105985037406484	0.0349127182044888	0.211970074812968	0.00662766525746785	0.0169079007730597	FALSE	0	0.0227272727272727	0.0404040404040404	0	0	0.188706952837418	0.317866584693848	0.60115949544012	0.0237086160449427	0.319789386390052	1	978.110457846534	6292.70693252901	0.504752376188094	0	1.25062531265633e-06	11.4164246320724
RT-qPCR	SHUTOFF	Medium	3	5	5	2000	2000	1	1604	396	0.000623441396508728	0.0118453865336658	0.0455112219451372	0.236907730673317	0.00759633389028362	0.0184270396153253	FALSE	0	0.00757575757575758	0.047979797979798	0	0	0.22962192109966	0.350993379207848	0.539885704718396	0.0280386912737652	0.36248889223009	1	1046.0727421411	7478.5831197229	0.502501250625313	0	2.50125062531266e-07	11.4184919595718
RT-qPCR	SHUTOFF	High	3	5	5	2000	2000	1	1604	396	0.00374064837905237	0.0305486284289277	0.0660847880299252	0.610972568578554	0.0231840640780127	0.0401564215538182	FALSE	0.00757575757575758	0.0328282828282828	0.0883838383838384	0	0	0.256312102391825	0.386871970550772	0.701319180951087	0.0361652005576311	0.406113321774471	1	1355.7088396696	13368.524247767	0.507253626813407	0	7.50375187593797e-07	11.4016780853272
GAUSS	SHUTOFF	Very low	3	5	5	2000	2000	1	1604	396	0	0.00374064837905237	0.0118453865336658	0.0748129675810474	0.00171546600605484	0.00813715891152465	FALSE	0	0.00505050505050505	0.0151515151515152	0	0	0.130794050718466	0.24613051954387	0.371745736013111	0.0210198633445518	0.271711824180157	1	1152.93633727021	7677.19121314235	0.505752876438219	0	5.00250125062531e-07	11.397145986557
GAUSS	SHUTOFF	Low	3	5	5	2000	2000	1	1604	396	0	0.00935162094763092	0.0386533665835412	0.187032418952618	0.00567535752507295	0.0153724010303731	FALSE	0	0.0151515151515152	0.0429292929292929	0	0	0.189338457030935	0.314264405679857	0.471101607110952	0.0237333715928811	0.304590856065005	1	1144.94105338662	8842.15043032177	0.503251625812907	0	1.00050025012506e-06	11.4120001792908
GAUSS	SHUTOFF	Medium	3	5	5	2000	2000	1	1604	396	0.00187032418952618	0.0187032418952618	0.0623441396508728	0.374064837905237	0.013132118127553	0.026574196491004	FALSE	0.00252525252525253	0.0126262626262626	0.0606060606060606	0	0	0.301229380352489	0.41641978579308	0.699258905170415	0.0302457302955605	0.368145503760405	1	1240.5994258049	10725.1809827219	0.501250625312656	0	7.50375187593797e-07	11.4040806293488
GAUSS	SHUTOFF	High	3	5	5	2000	2000	1	1604	396	0.00374064837905237	0.0317955112219451	0.0804239401496259	0.635910224438903	0.0242653382789308	0.0415629548279815	FALSE	0.00505050505050505	0.0303030303030303	0.0934343434343434	0	0	0.262617300573514	0.395289829749684	0.732039967681991	0.0373491834405865	0.411096339249522	1	1473.1992155254	15122.1835407583	0.507503751875938	0	2.25112556278139e-06	11.4163823127747
RNA-seq	SHUTOFF	Very low	3	5	5	2000	2000	1	1604	396	0.000623441396508728	0.0130922693266833	0.0336658354114713	0.261845386533666	0.00857898310822574	0.0199321978724647	FALSE	0	0.0277777777777778	0.0505050505050505	0	0	0.233164491975798	0.345160447781864	0.564310532935207	0.0242099757775041	0.30796394263923	1	1144.56127441965	8443.79777125285	0.504752376188094	0	7.50375187593797e-07	11.3951442241669
RNA-seq	SHUTOFF	Low	3	5	5	2000	2000	1	1604	396	0.00249376558603491	0.0187032418952618	0.0654613466334165	0.374064837905237	0.013132118127553	0.026574196491004	FALSE	0	0.0151515151515152	0.0505050505050505	0	0	0.213804874467854	0.343435336380171	0.537817785908468	0.0299601897907054	0.358972571471686	1	1274.7137460097	11969.866790797	0.5040020010005	0	1.00050025012506e-06	11.390762925148
RNA-seq	SHUTOFF	Medium	3	5	5	2000	2000	1	1604	396	0	0.0149625935162095	0.0604738154613466	0.29925187032419	0.0100752313907426	0.02216766080257	FALSE	0.00252525252525253	0.0252525252525253	0.0631313131313131	0	0	0.257258769640255	0.386559495393157	0.656653732242918	0.0332126467976917	0.398436119961767	1	1374.68056084742	15183.5696661962	0.503251625812907	0	1.00050025012506e-06	11.4026041030884
RNA-seq	SHUTOFF	High	3	5	5	2000	2000	1	1604	396	0.00124688279301746	0.0255610972568579	0.0604738154613466	0.511221945137157	0.0188975453078123	0.0344917104236927	FALSE	0	0.0303030303030303	0.0732323232323232	0	0	0.216346928610503	0.353807706952885	0.65575155308566	0.0369703980900485	0.410743661830927	1	1592.16570279285	21792.6005202926	0.511505752876438	0	1.25062531265633e-06	11.3885087966919
RT-qPCR	NONE	Very low	3	5	10	2000	2000	1	1604	396	0.218204488778055	0.241271820448878	0.253117206982544	4.82543640897756	0.22096752538261	0.262812423537987	FALSE	0.328282828282828	0.388888888888889	0.439393939393939	0.22069825436409	0.330808080808081	-0.0165695360002836	0.098745525779065	0.15731089443325	0.0266189363766014	0.353528783426168	1	4726.08396745012	99272.1049837387	0.506753376688344	0	7.50375187593797e-07	11.3465571403503
RT-qPCR	NONE	Low	3	5	10	2000	2000	1	1604	396	0.220074812967581	0.256234413965087	0.287406483790524	5.12468827930175	0.235470404186322	0.278163234435253	FALSE	0.305555555555556	0.376262626262626	0.419191919191919	0.224438902743142	0.308080808080808	-0.0294436613520719	0.104434639869938	0.140891126622137	0.0261144042420738	0.344218903688122	1	4172.10830320238	92010.9953916807	0.502501250625313	0	5.00250125062531e-07	11.3406538963318
RT-qPCR	NONE	Medium	3	5	10	2000	2000	1	1604	396	0.185162094763092	0.227556109725686	0.264339152119701	4.55112219451372	0.207703761391704	0.248710305302997	FALSE	0.28030303030303	0.356060606060606	0.401515151515151	0.185162094763092	0.28030303030303	-0.0282416174341379	0.116040210990413	0.231799022329797	0.026868737385059	0.348067760793549	1	3722.90855466757	63317.7478273615	0.504752376188094	0	5.00250125062531e-07	11.3443083763123
RT-qPCR	NONE	High	3	5	10	2000	2000	1	1604	396	0.117206982543641	0.197630922693267	0.255610972568579	3.95261845386534	0.178875541971147	0.2178311453216	FALSE	0.164141414141414	0.25	0.295454545454545	0.0922693266832918	0.131313131313131	-0.0389477929146765	0.128251619149141	0.186494840686085	0.0268968363248227	0.350743661334516	1	3255.41910826212	42117.9165376523	0.54352176088044	0	1.50075037518759e-06	11.346878528595
GAUSS	NONE	Very low	3	5	10	2000	2000	1	1604	396	0.180174563591022	0.198877805486284	0.211346633416459	3.97755610972569	0.180073459414145	0.219121035353683	FALSE	0.320707070707071	0.376262626262626	0.406565656565657	0.180174563591022	0.320707070707071	0.0142203382805767	0.119644324026356	0.207938774577888	0.0263286202507817	0.344945559604679	1	5682.62474550713	756536386055375000	0.499749874937469	0	5.00250125062531e-07	11.3407282829285
GAUSS	NONE	Low	3	5	10	2000	2000	1	1604	396	0.194513715710723	0.228179551122195	0.257481296758105	4.56359102244389	0.208306000033685	0.249351970398557	FALSE	0.255050505050505	0.345959595959596	0.398989898989899	0.194513715710723	0.255050505050505	-0.0113509551415629	0.116844175721659	0.217083410670761	0.0259776505330258	0.345595467864643	1	4792.98505308481	828146799602301000	0.499749874937469	0	7.50375187593797e-07	11.3373674154282
GAUSS	NONE	Medium	3	5	10	2000	2000	1	1604	396	0.145885286783042	0.206359102244389	0.248129675810474	4.12718204488778	0.187267138275431	0.226854201342886	FALSE	0.196969696969697	0.28030303030303	0.338383838383838	0.135286783042394	0.181818181818182	-0.0217962858673067	0.121281812651845	0.189893365367747	0.0261033249298125	0.344999312580012	1	4746.62176320545	816315666273887000	0.513256628314157	0	1.25062531265633e-06	11.3390144109726
GAUSS	NONE	High	3	5	10	2000	2000	1	1604	396	0.0922693266832918	0.175810473815461	0.224438902743142	3.51620947630923	0.157962511601339	0.195207544877482	FALSE	0.101010101010101	0.184343434343434	0.23989898989899	0.0629675810473816	0.0732323232323232	-0.0520057075454816	0.112346722981867	0.156971771853776	0.0266560877997154	0.348083642115055	1	4032.02256627494	862259287483366000	0.556278139069535	0	1.25062531265633e-06	11.3353884220123
RNA-seq	NONE	Very low	3	5	10	2000	2000	1	1604	396	0.192643391521197	0.224438902743142	0.248753117206983	4.48877805486284	0.20469353491249	0.245501013094508	FALSE	0.25	0.353535353535354	0.398989898989899	0.192643391521197	0.25	-0.015288205718644	0.113579282480427	0.173314371052453	0.0257037925831236	0.350820923080929	1	4767.51620235516	798592142685426000	0.497498749374687	0	1.25062531265633e-06	11.3275097608566
RNA-seq	NONE	Low	3	5	10	2000	2000	1	1604	396	0.149002493765586	0.201371571072319	0.236907730673317	4.02743142144638	0.182470184481724	0.221699925236267	FALSE	0.202020202020202	0.257575757575758	0.310606060606061	0.14214463840399	0.191919191919192	-0.0370782584637436	0.116863660094339	0.168561752326176	0.0265790651347132	0.355071742461795	1	4748.29719521925	793459361862251000	0.529264632316158	0	1.75087543771886e-06	11.3327507972717
RNA-seq	NONE	Medium	3	5	10	2000	2000	1	1604	396	0.137780548628429	0.190773067331671	0.231296758104738	3.81546134663342	0.172292408514175	0.210731337665624	FALSE	0.159090909090909	0.234848484848485	0.282828282828283	0.116583541147132	0.143939393939394	-0.0420130113917541	0.119087207536547	0.160813056820684	0.0265745743584203	0.34537440393842	1	4955.22079243584	840602736967136000	0.54152076038019	0	3.75187593796898e-06	11.3553885221481
RNA-seq	NONE	High	3	5	10	2000	2000	1	1604	396	0.0841645885286783	0.14713216957606	0.199501246882793	2.9426433915212	0.130639782658389	0.165310701893558	FALSE	0.0909090909090909	0.169191919191919	0.207070707070707	0.0536159600997506	0.0606060606060606	-0.0509775638579931	0.11762070954991	0.155181875888593	0.027465122239775	0.351766290401055	1	4463.35026268122	925671379283680000	0.565032516258129	0	1.75087543771886e-06	11.348149061203
RT-qPCR	SHUTOFF	Very low	3	5	10	2000	2000	1	1604	396	0.00997506234413965	0.0386533665835412	0.0716957605985038	0.773067331670823	0.0302689944350469	0.0492422397848135	FALSE	0.0303030303030303	0.0934343434343434	0.156565656565657	0	0	0.16218632465951	0.240416135088164	0.440734130182042	0.0495225268685869	0.608044629931866	1	571.84506762097	2939.56245667481	0.498999499749875	0	0	11.4206975698471
RT-qPCR	SHUTOFF	Low	3	5	10	2000	2000	1	1604	396	0.00249376558603491	0.0218204488778055	0.0592269326683292	0.43640897755611	0.01573096479177	0.0301948685144907	FALSE	0.0101010101010101	0.053030303030303	0.146464646464646	0	0	0.210160783935827	0.301419837151442	0.564700058763571	0.0486440433999368	0.586312392096174	1	580.159213859101	3048.67619068856	0.499749874937469	0	0	11.4217889308929
RT-qPCR	SHUTOFF	Medium	3	5	10	2000	2000	1	1604	396	0.00311720698254364	0.0336658354114713	0.0748129675810474	0.673316708229426	0.0258936097056896	0.0436663946138449	FALSE	0.00757575757575758	0.047979797979798	0.095959595959596	0	0	0.235540026658754	0.35034057207568	0.619064369348428	0.0482957008278564	0.578209778549388	1	666.399055937867	3484.12793556877	0.501750875437719	0	0	11.4146159887314
RT-qPCR	SHUTOFF	High	3	5	10	2000	2000	1	1604	396	0.00498753117206983	0.0411471321695761	0.0928927680798005	0.822942643391521	0.0324727766361513	0.052014072533872	TRUE	0.0101010101010101	0.0505050505050505	0.118686868686869	0	0	0.226193088398787	0.354196492288818	0.614153963738998	0.0439395114301704	0.48341972837632	1	782.198198745437	4897.65550053435	0.508254127063532	0	2.50125062531266e-07	11.426812171936
GAUSS	SHUTOFF	Very low	3	5	10	2000	2000	1	1604	396	0.00623441396508728	0.0280548628428928	0.0660847880299252	0.561097256857855	0.0210326080036169	0.0373322626780511	FALSE	0.0176767676767677	0.0606060606060606	0.138888888888889	0	0	0.155382616175331	0.24587411345593	0.459370192162381	0.0498806981944675	0.59630159975921	1	648.740216266058	3999.73203254694	0.499249624812406	0	0	11.4146661758423
GAUSS	SHUTOFF	Low	3	5	10	2000	2000	1	1604	396	0	0.0211970074812968	0.0629675810473816	0.423940149625935	0.015208007377034	0.0294739221916859	FALSE	0.0151515151515152	0.0580808080808081	0.111111111111111	0	0	0.220966998455051	0.319924541955342	0.58309613727385	0.0500725883463648	0.594194620062622	1	685.686330554824	3905.46953404967	0.502251125562781	0	0	11.4144753217697
GAUSS	SHUTOFF	Medium	3	5	10	2000	2000	1	1604	396	0.0043640897755611	0.0361596009975062	0.0822942643391521	0.723192019950125	0.0280755948340123	0.0464600244356852	FALSE	0.0126262626262626	0.0378787878787879	0.118686868686869	0	0	0.244057388373005	0.357003582035723	0.610459482208099	0.0481714829761767	0.566903785486934	1	764.719260999454	4926.76905736372	0.504502251125563	0	0	11.4334123134613
GAUSS	SHUTOFF	High	3	5	10	2000	2000	1	1604	396	0.00374064837905237	0.0386533665835412	0.0835411471321696	0.773067331670823	0.0302689944350469	0.0492422397848135	FALSE	0.0101010101010101	0.0505050505050505	0.121212121212121	0	0	0.27696424658586	0.405587123211444	0.82550162690203	0.0425780904586303	0.48830892710819	1	858.521960068408	5668.21276359979	0.508754377188594	0	7.50375187593797e-07	11.4233399629593
RNA-seq	SHUTOFF	Very low	3	5	10	2000	2000	1	1604	396	0.00498753117206983	0.0255610972568579	0.0723192019950125	0.511221945137157	0.0188975453078123	0.0344917104236927	FALSE	0.00505050505050505	0.0353535353535354	0.116161616161616	0	0	0.212490774170763	0.312113385074981	0.58324464484227	0.0497204618142893	0.600848991852638	1	671.926556483994	4189.09449979851	0.500750375187594	0	0	11.4282499551773
RNA-seq	SHUTOFF	Low	3	5	10	2000	2000	1	1604	396	0.00249376558603491	0.0361596009975062	0.0860349127182045	0.723192019950125	0.0280755948340123	0.0464600244356852	FALSE	0.0101010101010101	0.0656565656565657	0.138888888888889	0	0	0.289115156469857	0.390500991794264	0.693079986426529	0.0480041794522189	0.559711836352879	1	782.168446122919	4987.55994744244	0.504252126063031	0	0	11.4243143796921
RNA-seq	SHUTOFF	Medium	3	5	10	2000	2000	1	1604	396	0.00498753117206983	0.0386533665835412	0.0897755610972569	0.773067331670823	0.0302689944350469	0.0492422397848135	FALSE	0.00252525252525253	0.053030303030303	0.111111111111111	0	0	0.26525036777778	0.391084805614581	0.766674751846189	0.0455511705524026	0.52014613799782	1	866.119711092579	5830.11337164992	0.507253626813407	0	0	11.4403558969498
RNA-seq	SHUTOFF	High	3	5	10	2000	2000	1	1604	396	0.00872817955112219	0.029925187032419	0.094139650872818	0.598503740648379	0.0226447724680187	0.0394518094262714	FALSE	0.00757575757575758	0.0454545454545455	0.0909090909090909	0	0	0.168509068510423	0.307106587495043	0.567662564648149	0.0418221191446528	0.483179238774918	1	962.234861951419	8829.73245987119	0.510255127563782	0	5.00250125062531e-07	11.4454197883606
RT-qPCR	NONE	Very low	3	5	20	2000	2000	1	1604	396	0.211346633416459	0.233167082294264	0.241895261845387	4.66334164588529	0.213126198433065	0.254483001899503	FALSE	0.340909090909091	0.414141414141414	0.462121212121212	0.214463840399003	0.343434343434343	-0.0113841946225186	0.100107704997191	0.163693298239209	0.0259307395311787	0.340572024060062	1	4802.25930004108	90874.0994340043	0.507253626813407	0	1.50075037518759e-06	11.4180315732956
RT-qPCR	NONE	Low	3	5	20	2000	2000	1	1604	396	0.21571072319202	0.253740648379052	0.27930174563591	5.07481296758105	0.233050929420039	0.275607094251373	FALSE	0.335858585858586	0.401515151515151	0.441919191919192	0.218827930174564	0.340909090909091	-0.0214393538662077	0.109001086867967	0.179718582781561	0.0264394169772561	0.347676431207345	1	3987.18494116505	79350.9637786725	0.500250125062531	0	7.50375187593797e-07	11.4271802902222
RT-qPCR	NONE	Medium	3	5	20	2000	2000	1	1604	396	0.192019950124688	0.238778054862843	0.27930174563591	4.77556109725686	0.218553705256956	0.260250628713479	FALSE	0.265151515151515	0.356060606060606	0.391414141414141	0.192019950124688	0.265151515151515	-0.032734248422694	0.111105050459776	0.151445685669216	0.0260974862066422	0.34430508113362	1	3833.51666012949	65830.8247689872	0.511255627813907	0	1.00050025012506e-06	11.4124929904938
RT-qPCR	NONE	High	3	5	20	2000	2000	1	1604	396	0.123441396508728	0.217581047381546	0.273690773067332	4.35162094763092	0.198076804028168	0.238434802865882	FALSE	0.151515151515152	0.255050505050505	0.330808080808081	0.0978802992518703	0.126262626262626	-0.0537602031255217	0.111705467277735	0.133038711223054	0.0272079058728176	0.350863391197361	1	3425.27683816557	40154.6771153889	0.545022511255628	0	2.00100050025013e-06	11.4148372411728
GAUSS	NONE	Very low	3	5	20	2000	2000	1	1604	396	0.20573566084788	0.228802992518703	0.239401496259352	4.57605985037406	0.208908302690037	0.249993571479745	FALSE	0.335858585858586	0.373737373737374	0.431818181818182	0.209476309226933	0.338383838383838	0.0068393072804139	0.107985097545823	0.177806405925926	0.0261941089124859	0.348588752595267	1	6069.31017236523	693825071242605000	0.499249624812406	0	7.50375187593797e-07	11.4061164855957
GAUSS	NONE	Low	3	5	20	2000	2000	1	1604	396	0.19139650872818	0.230673316708229	0.25997506234414	4.61346633416459	0.210715592916617	0.251917992465788	FALSE	0.26010101010101	0.345959595959596	0.396464646464646	0.19139650872818	0.26010101010101	-0.0214826694735775	0.110092516757295	0.164040269437821	0.0260908236955917	0.344641217849384	1	5055.50813054635	842435865832170000	0.497248624312156	0	1.75087543771886e-06	11.402970790863
GAUSS	NONE	Medium	3	5	20	2000	2000	1	1604	396	0.160224438902743	0.208229426433915	0.238778054862843	4.1645885286783	0.189067179998425	0.228785870832514	FALSE	0.161616161616162	0.242424242424242	0.300505050505051	0.149625935162095	0.154040404040404	-0.0361671109027865	0.110303615581661	0.148543336192438	0.026238139958176	0.345205414235339	1	4584.0046724802	787036235231846000	0.520260130065033	0	1.50075037518759e-06	11.4026279449463
GAUSS	NONE	High	3	5	20	2000	2000	1	1604	396	0.0947630922693267	0.170822942643392	0.216957605985037	3.41645885286783	0.153196617025226	0.190022209553269	FALSE	0.121212121212121	0.207070707070707	0.255050505050505	0.0716957605985038	0.0833333333333333	-0.0317305709732374	0.128903923618983	0.198585772379055	0.027249687237348	0.350988203648116	1	4088.00778168692	867552235475358000	0.560280140070035	0	2.50125062531266e-06	11.4029664993286
RNA-seq	NONE	Very low	3	5	20	2000	2000	1	1604	396	0.182044887780549	0.216334164588529	0.24002493765586	4.32668329177057	0.196874629569159	0.23714916984981	FALSE	0.267676767676768	0.353535353535354	0.386363636363636	0.18142144638404	0.267676767676768	-0.00966545695638106	0.12194217719066	0.185500996062729	0.027548711363136	0.359108248525125	1	4919.06172626226	848529851301867000	0.503751875937969	0	1.00050025012506e-06	11.4016364812851
RNA-seq	NONE	Low	3	5	20	2000	2000	1	1604	396	0.136533665835411	0.18640897755611	0.227556109725686	3.72817955112219	0.16810802886616	0.206208391150853	FALSE	0.148989898989899	0.224747474747475	0.282828282828283	0.126558603491272	0.138888888888889	-0.0322457273912357	0.12381752631617	0.188446667768211	0.0266391222953863	0.345100568946133	1	4666.88189291486	886957968791994000	0.527013506753377	0	2.75137568784392e-06	11.4036331176758
RNA-seq	NONE	Medium	3	5	20	2000	2000	1	1604	396	0.120947630922693	0.183291770573566	0.225062344139651	3.66583541147132	0.165121581511171	0.202975319818139	FALSE	0.143939393939394	0.207070707070707	0.26010101010101	0.10785536159601	0.128787878787879	-0.0357967967053237	0.118738883318025	0.167624916915799	0.0265089931554426	0.345961079202624	1	4471.16892281001	890964811800548000	0.544272136068034	0	2.25112556278139e-06	11.411400437355
RNA-seq	NONE	High	3	5	20	2000	2000	1	1604	396	0.0791770573566085	0.145261845386534	0.192643391521197	2.90523690773067	0.128865149412697	0.163353623926628	FALSE	0.121212121212121	0.19949494949495	0.242424242424242	0.0592269326683292	0.0833333333333333	-0.0252563383862664	0.137468939270857	0.226852920897233	0.0286214707678589	0.384769050241468	1	4227.99997314535	993738347595894000	0.563531765882942	0	2.25112556278139e-06	11.4237886667252
RT-qPCR	SHUTOFF	Very low	3	5	20	2000	2000	1	1604	396	0.233790523690773	0.375935162094763	0.47069825436409	7.51870324189526	0.352554296174513	0.399908860054882	FALSE	0.252525252525253	0.436868686868687	0.550505050505051	0.254364089775561	0.272727272727273	0.328364659533092	0.413212981060867	0.738595255801361	0.0450741116771302	0.580683586122357	1	841.769287944609	3490.64356142658	0.492496248124062	0	0	11.4997775554657
RT-qPCR	SHUTOFF	Low	3	5	20	2000	2000	1	1604	396	0.127182044887781	0.268703241895262	0.375311720698254	5.37406483790524	0.247581263343587	0.290930450028803	FALSE	0.148989898989899	0.335858585858586	0.472222222222222	0.0972568578553616	0.111111111111111	0.287178491651766	0.3753761961631	0.682591706186591	0.0444969543980292	0.567292075475062	1	785.055049357897	3451.34465714182	0.496998499249625	0	0	11.4937254190445
RT-qPCR	SHUTOFF	Medium	3	5	20	2000	2000	1	1604	396	0.0548628428927681	0.158354114713217	0.257481296758105	3.16708229426434	0.14130715602158	0.177033595806101	FALSE	0.0858585858585859	0.244949494949495	0.378787878787879	0.00872817955112219	0.0277777777777778	0.214129102581153	0.315081025741453	0.596262646653232	0.0428528298998118	0.526235153010613	1	743.99118012304	3384.83468880074	0.501750875437719	0	0	11.5052924156189
RT-qPCR	SHUTOFF	High	3	5	20	2000	2000	1	1604	396	0.0211970074812968	0.0748129675810474	0.145261845386534	1.49625935162095	0.0629290977082992	0.0887285532889234	FALSE	0.0227272727272727	0.106060606060606	0.217171717171717	0	0	0.138342299882044	0.274466474718254	0.501257466076282	0.0385717595457155	0.439301254749553	1	725.771998925675	3972.63004553427	0.509004502251126	0	0	11.5148675441742
GAUSS	SHUTOFF	Very low	3	5	20	2000	2000	1	1604	396	0.218204488778055	0.359725685785536	0.456982543640898	7.19451371571072	0.336600205367016	0.38352145368632	FALSE	0.214646464646465	0.414141414141414	0.517676767676768	0.232543640897756	0.232323232323232	0.37968780609984	0.464569496270113	0.785697579454772	0.04694512117356	0.62940514098893	1	939.993568083815	4416.60431643612	0.494247123561781	0	0	11.4827023744583
GAUSS	SHUTOFF	Low	3	5	20	2000	2000	1	1604	396	0.103491271820449	0.248129675810474	0.360349127182045	4.96259351620948	0.22761048518575	0.269852404847795	FALSE	0.111111111111111	0.285353535353535	0.416666666666667	0.0498753117206983	0.0631313131313131	0.293110288785097	0.384462699632024	0.652762330355748	0.0454165459824807	0.579426512053138	1	874.305253284216	4671.97899128586	0.499749874937469	0	0	11.4986033439636
GAUSS	SHUTOFF	Medium	3	5	20	2000	2000	1	1604	396	0.0442643391521197	0.125311720698254	0.221945137157107	2.50623441396509	0.109999559487758	0.142414294250263	FALSE	0.0631313131313131	0.186868686868687	0.292929292929293	0.0118453865336658	0.0151515151515152	0.224085084808982	0.345427906026463	0.660716114654488	0.0422778264784983	0.507064644134882	1	823.345013122742	4439.58451390089	0.504252126063031	0	0	11.4924441576004
GAUSS	SHUTOFF	High	3	5	20	2000	2000	1	1604	396	0.0199501246882793	0.0854114713216958	0.160224438902743	1.70822942643392	0.0727046738015129	0.100099340733902	FALSE	0.0277777777777778	0.101010101010101	0.194444444444444	0	0	0.152936908851688	0.285290837961265	0.585513066750828	0.0374332523825527	0.417857223128179	1	759.715571070496	4423.68251471525	0.510255127563782	0	0	11.5075749158859
RNA-seq	SHUTOFF	Very low	3	5	20	2000	2000	1	1604	396	0.104738154613466	0.24501246882793	0.338528678304239	4.9002493765586	0.224590064979418	0.266653306366424	FALSE	0.128787878787879	0.295454545454545	0.431818181818182	0.0548628428927681	0.095959595959596	0.294202088051979	0.384454919957937	0.743872053605584	0.0454019602193145	0.574353693052672	1	876.034448540223	4434.37275216401	0.497748874437219	0	0	11.5064144134521
RNA-seq	SHUTOFF	Low	3	5	20	2000	2000	1	1604	396	0.0448877805486284	0.122817955112219	0.215087281795511	2.45635910224439	0.107650213594491	0.139788025193368	FALSE	0.0505050505050505	0.148989898989899	0.308080808080808	0.0118453865336658	0.0151515151515152	0.214933311298064	0.320402398650336	0.534590181926616	0.0430065214633141	0.515763681701701	1	804.814729046251	4471.49319460019	0.503751875937969	0	0	11.5015698671341
RNA-seq	SHUTOFF	Medium	3	5	20	2000	2000	1	1604	396	0.0243142144638404	0.0997506234413965	0.169576059850374	1.99501246882793	0.0860281437562437	0.115385656742608	FALSE	0.0328282828282828	0.141414141414141	0.257575757575758	0	0	0.199160081375774	0.323821587981969	0.623336618439293	0.0412593558087815	0.484257294669881	1	768.70617197544	5021.92865101401	0.505752876438219	0	0	11.5057765245438
RNA-seq	SHUTOFF	High	3	5	20	2000	2000	1	1604	396	0.0261845386533666	0.0760598503740648	0.152743142144638	1.5211970074813	0.0640755552999902	0.0900699031723139	FALSE	0.0227272727272727	0.113636363636364	0.194444444444444	0	0	0.117515604816584	0.256858841219164	0.467907174729664	0.037079217541256	0.438517535780283	1	788.32341863577	5966.89885959108	0.506753376688344	0	0	11.5033653974533
RT-qPCR	NONE	Very low	3	5	50	2000	2000	1	1604	396	0.221945137157107	0.242518703241895	0.25997506234414	4.85037406483791	0.222174798592079	0.2640929578036	FALSE	0.366161616161616	0.421717171717172	0.467171717171717	0.22568578553616	0.373737373737374	-0.00165395654552376	0.115070294537229	0.207950573624032	0.0260129643901767	0.343311031777741	1	4643.17260374294	99453.4589333785	0.502751375687844	0	2.50125062531266e-07	11.4618527889252
RT-qPCR	NONE	Low	3	5	50	2000	2000	1	1604	396	0.206359102244389	0.237531172069825	0.262468827930175	4.75062344139651	0.217347160922879	0.258969365572474	FALSE	0.333333333333333	0.419191919191919	0.474747474747475	0.208229426433915	0.343434343434343	-0.0181785101592609	0.107510568664841	0.165272913414298	0.0265994820594935	0.347448246178621	1	4114.67088746297	84890.0931706111	0.501000500250125	0	2.50125062531266e-07	11.4575638771057
RT-qPCR	NONE	Medium	3	5	50	2000	2000	1	1604	396	0.189526184538653	0.236284289276808	0.264339152119701	4.72568578553616	0.21614086215906	0.257687856861211	FALSE	0.247474747474748	0.343434343434343	0.378787878787879	0.189526184538653	0.247474747474748	-0.0313584394879865	0.115005642944225	0.180962656870621	0.026495929565868	0.34569731444807	1	3903.89294326101	59985.3829997491	0.509754877438719	0	1.00050025012506e-06	11.4587367773056
RT-qPCR	NONE	High	3	5	50	2000	2000	1	1604	396	0.109725685785536	0.192643391521197	0.245635910224439	3.85286783042394	0.174086889145314	0.212668568247106	FALSE	0.151515151515152	0.257575757575758	0.328282828282828	0.0791770573566085	0.116161616161616	-0.0454400265283324	0.116888102674025	0.148997288256272	0.0271175470041271	0.351071360526207	1	3312.60134121073	40524.3905362705	0.541270635317659	0	3.50175087543772e-06	11.4499913454056
GAUSS	NONE	Very low	3	5	50	2000	2000	1	1604	396	0.199501246882793	0.219451371571072	0.235660847880299	4.38902743142145	0.199880570283447	0.240362747823225	FALSE	0.315656565656566	0.386363636363636	0.424242424242424	0.200124688279302	0.318181818181818	0.00460127134781016	0.117966809162208	0.199163233363652	0.0257253981580036	0.354923222566407	1	5636.33216952317	765441786900969000	0.495747873936969	0	1.00050025012506e-06	11.4416433572769
GAUSS	NONE	Low	3	5	50	2000	2000	1	1604	396	0.182668329177057	0.218827930174564	0.246882793017456	4.37655860349127	0.19927924786556	0.239720166503571	FALSE	0.277777777777778	0.333333333333333	0.383838383838384	0.182668329177057	0.277777777777778	-0.0112104185472272	0.112539692152867	0.2063052005976	0.0258282505457845	0.344623029179355	1	4779.49455601569	792199695649688000	0.50200100050025	0	2.00100050025013e-06	11.4317542314529
GAUSS	NONE	Medium	3	5	50	2000	2000	1	1604	396	0.138403990024938	0.200124688279302	0.241895261845387	4.00249376558604	0.181271674277117	0.220410627965793	FALSE	0.202020202020202	0.292929292929293	0.340909090909091	0.130299251870324	0.191919191919192	-0.0175945019986615	0.128930231969713	0.219099296977561	0.0265665977356387	0.346498474456747	1	4501.9148581861	842946379052435000	0.520510255127564	0	1.00050025012506e-06	11.4373941421509
GAUSS	NONE	High	3	5	50	2000	2000	1	1604	396	0.087281795511222	0.167082294264339	0.21072319201995	3.34164588528678	0.149625908940577	0.186129495212674	FALSE	0.156565656565657	0.234848484848485	0.28030303030303	0.0567331670822943	0.0934343434343434	-0.0355331230845546	0.127272979900062	0.183603886022002	0.0266418200192209	0.348187604339307	1	3998.18404877189	994557413323282000	0.55327663831916	0	2.75137568784392e-06	11.4221198558807
RNA-seq	NONE	Very low	3	5	50	2000	2000	1	1604	396	0.183291770573566	0.220074812967581	0.252493765586035	4.40149625935162	0.20048195942771	0.241005262416503	FALSE	0.275252525252525	0.348484848484849	0.391414141414141	0.183291770573566	0.275252525252525	-0.0140569294774457	0.109671232175931	0.194200424364025	0.025856820051505	0.345151116165862	1	4878.8121382375	736277390291306000	0.499249624812406	0	7.50375187593797e-07	11.4259932041168
RNA-seq	NONE	Low	3	5	50	2000	2000	1	1604	396	0.138403990024938	0.192019950124688	0.228802992518703	3.84039900249377	0.173488651473427	0.212022902181453	FALSE	0.181818181818182	0.262626262626263	0.303030303030303	0.132793017456359	0.159090909090909	-0.0367680259033688	0.119892584433535	0.184630666522533	0.0263066470942158	0.344668830508686	1	4488.85224703104	880623865724502000	0.526263131565783	0	1.50075037518759e-06	11.4304182529449
RNA-seq	NONE	Medium	3	5	50	2000	2000	1	1604	396	0.120947630922693	0.175187032418953	0.218204488778055	3.50374064837905	0.157366471078872	0.194559681662408	FALSE	0.146464646464646	0.232323232323232	0.287878787878788	0.110972568578554	0.131313131313131	-0.0153168786169789	0.129736524114315	0.194734639215285	0.0270642457371605	0.354594248346738	1	4532.30072210877	936618825925146000	0.543771885942971	0	2.00100050025013e-06	11.4249266386032
RNA-seq	NONE	High	3	5	50	2000	2000	1	1604	396	0.091645885286783	0.156483790523691	0.198254364089776	3.12967581047382	0.139526999779812	0.175082040835246	FALSE	0.116161616161616	0.194444444444444	0.232323232323232	0.0667082294264339	0.0858585858585859	-0.0467862255089858	0.126550666720023	0.186483342528023	0.0277156063362311	0.353890055282731	1	3748.39298060898	1066783782277590000	0.550525262631316	0	1.00050025012506e-06	11.4296386241913
RT-qPCR	SHUTOFF	Very low	3	5	50	2000	2000	1	1604	396	0.518079800498753	0.627805486284289	0.672693266832918	12.5561097256858	0.603870320335645	0.651129945860205	FALSE	0.542929292929293	0.69949494949495	0.752525252525253	0.596633416458853	0.664141414141414	0.219630102354847	0.312419325546525	0.480725116837807	0.0213450644252385	0.342093805028911	1	1694.35447460251	5727.01951839881	0.496748374187094	0	2.50125062531266e-07	11.4847877025604
RT-qPCR	SHUTOFF	Low	3	5	50	2000	2000	1	1604	396	0.403366583541147	0.576683291770574	0.650249376558604	11.5336658354115	0.552348788025841	0.600651371691669	FALSE	0.467171717171717	0.631313131313131	0.717171717171717	0.496259351620948	0.545454545454545	0.212491970879358	0.30189389120014	0.471919499171131	0.0207710706502353	0.327016113536366	1	1291.59078638296	4834.099994412	0.495747873936969	0	2.50125062531266e-07	11.4928385019302
RT-qPCR	SHUTOFF	Medium	3	5	50	2000	2000	1	1604	396	0.271197007481297	0.468204488778055	0.567955112219451	9.3640897755611	0.44389006685627	0.492670842529153	FALSE	0.292929292929293	0.52020202020202	0.648989898989899	0.326683291770574	0.348484848484849	0.150659454424063	0.246415185195915	0.389025795900136	0.0212253318523778	0.315561886989704	1	999.407082101072	4146.54703600072	0.498249124562281	0	0	11.4916093349457
RT-qPCR	SHUTOFF	High	3	5	50	2000	2000	1	1604	396	0.0991271820448878	0.241895261845387	0.35286783042394	4.83790523690773	0.221571131858011	0.263452720800127	FALSE	0.148989898989899	0.333333333333333	0.452020202020202	0.0461346633416459	0.0681818181818182	0.086748656618199	0.201954249206851	0.322710306320439	0.0209082515727659	0.311441634779938	1	814.700971566274	4169.31017400949	0.502751375687844	0	0	11.5033376216888
GAUSS	SHUTOFF	Very low	3	5	50	2000	2000	1	1604	396	0.528054862842893	0.628428927680798	0.68142144638404	12.568578553616	0.604500330273276	0.651743839660115	FALSE	0.527777777777778	0.676767676767677	0.722222222222222	0.594139650872818	0.628787878787879	0.212228735114481	0.303345400367836	0.469620452561633	0.0209446921711905	0.344564823857657	1	2171.48030888469	8463.28719541514	0.499749874937469	0	2.50125062531266e-07	11.4763612747192
GAUSS	SHUTOFF	Low	3	5	50	2000	2000	1	1604	396	0.36284289276808	0.527431421446384	0.628428927680798	10.5486284289277	0.502962868385497	0.551768896066295	FALSE	0.381313131313131	0.568181818181818	0.669191919191919	0.43142144638404	0.477272727272727	0.201149345297601	0.301331007657945	0.494571890073149	0.0217133782463311	0.327542607710245	1	1316.27178292111	5477.52291392822	0.492246123061531	0	0	11.4812332391739
GAUSS	SHUTOFF	Medium	3	5	50	2000	2000	1	1604	396	0.203241895261845	0.379675810473815	0.5	7.59351620947631	0.356240038978323	0.403686539676317	FALSE	0.196969696969697	0.416666666666667	0.555555555555556	0.203241895261845	0.196969696969697	0.112824509671778	0.23019345977442	0.373903162524113	0.0214047746029894	0.311859035183844	1	1026.24836465098	5118.28804837704	0.500250125062531	0	0	11.4783231019974
GAUSS	SHUTOFF	High	3	5	50	2000	2000	1	1604	396	0.105985037406484	0.246259351620948	0.369700748129676	4.92518703241895	0.225798055678246	0.267933123142678	FALSE	0.0732323232323232	0.22979797979798	0.366161616161616	0.0561097256857855	0.053030303030303	0.0518399485383918	0.194392268468283	0.311132492254596	0.0220064044051649	0.314780511524772	1	834.036150193389	4720.0122531741	0.505002501250625	0	5.00250125062531e-07	11.4938743114471
RNA-seq	SHUTOFF	Very low	3	5	50	2000	2000	1	1604	396	0.364089775561097	0.533042394014963	0.622194513715711	10.6608478802993	0.508577011736698	0.557349886352961	FALSE	0.393939393939394	0.595959595959596	0.691919191919192	0.443266832917706	0.484848484848485	0.173212226668884	0.277429122709667	0.461147769721422	0.0215334065531642	0.329962076361577	1	1382.33843194637	6067.27707158139	0.495247623811906	0	0	11.4986032247543
RNA-seq	SHUTOFF	Low	3	5	50	2000	2000	1	1604	396	0.206982543640898	0.379675810473815	0.497506234413965	7.59351620947631	0.356240038978323	0.403686539676317	FALSE	0.212121212121212	0.398989898989899	0.525252525252525	0.213216957605985	0.212121212121212	0.122228874430138	0.238040394657923	0.405789412970329	0.021808907868496	0.322001236881064	1	994.94515076371	5474.33068988915	0.500750375187594	0	2.50125062531266e-07	11.4728488922119
RNA-seq	SHUTOFF	Medium	3	5	50	2000	2000	1	1604	396	0.138403990024938	0.320448877805486	0.425810473815461	6.40897755610973	0.298064267299165	0.343691456289105	FALSE	0.159090909090909	0.366161616161616	0.517676767676768	0.110349127182045	0.131313131313131	0.0695435138207536	0.198050466746976	0.288302478714357	0.0223596538625802	0.315730336390456	1	896.56078842313	5844.12780191751	0.500750375187594	0	2.50125062531266e-07	11.474827170372
RNA-seq	SHUTOFF	High	3	5	50	2000	2000	1	1604	396	0.115336658354115	0.277431421446384	0.38216957605985	5.54862842892768	0.256071860052775	0.299854505645185	FALSE	0.159090909090909	0.328282828282828	0.45959595959596	0.0791770573566085	0.113636363636364	0.102802040238745	0.220827511617829	0.346317686648587	0.0224243022605184	0.322556703177909	1	929.745424745985	6585.166790009	0.506253126563282	0	0	11.4755971431732
RT-qPCR	NONE	Very low	3	10	5	2000	2000	1	1604	396	0.232543640897756	0.249376558603491	0.263092269326683	4.98753117206983	0.228819065421575	0.271131632087052	FALSE	0.401515151515151	0.462121212121212	0.494949494949495	0.234413965087282	0.404040404040404	-0.00675452587057654	0.0998403968162728	0.173904696640737	0.0254841324447142	0.340588158772785	1	4853.20248815351	55157.6016625456	0.502751375687844	0	5.00250125062531e-07	11.5203928947449
RT-qPCR	NONE	Low	3	10	5	2000	2000	1	1604	396	0.229426433915212	0.25	0.273690773067332	5	0.229423443266731	0.271771157979437	FALSE	0.376262626262626	0.439393939393939	0.494949494949495	0.233790523690773	0.391414141414141	-0.01272167506544	0.106286012011879	0.181376210061661	0.0260101796165875	0.343768900190964	1	3798.05142945381	48384.2990457228	0.495747873936969	0	2.50125062531266e-07	11.5291607379913
RT-qPCR	NONE	Medium	3	10	5	2000	2000	1	1604	396	0.21072319201995	0.253740648379052	0.291770573566085	5.07481296758105	0.233050929420039	0.275607094251373	FALSE	0.373737373737374	0.439393939393939	0.46969696969697	0.215087281795511	0.376262626262626	-0.0159980311648759	0.113330888133129	0.205438489677564	0.0261499405366644	0.344615401104285	1	3559.26575929229	38403.7413156695	0.496748374187094	0	1.00050025012506e-06	11.5345634222031
RT-qPCR	NONE	High	3	10	5	2000	2000	1	1604	396	0.162094763092269	0.243142144638404	0.283665835411471	4.86284289276808	0.222778525427239	0.264733134705981	FALSE	0.237373737373737	0.297979797979798	0.358585858585859	0.155236907730673	0.222222222222222	-0.0470410967809881	0.114136641954221	0.184860061402302	0.0269870341702739	0.346292271786781	1	3091.69624642328	25156.9659375036	0.51775887943972	0	7.50375187593797e-07	11.5315184593201
GAUSS	NONE	Very low	3	10	5	2000	2000	1	1604	396	0.208229426433915	0.22069825436409	0.234413965087282	4.4139650872818	0.2010834150954	0.241647710486353	FALSE	0.351010101010101	0.414141414141414	0.464646464646465	0.208852867830424	0.356060606060606	0.0481793881388823	0.127678828634935	0.259533726577218	0.0252214259293035	0.343991309238997	1	5576.71252303164	724194281977182000	0.497248624312156	0	5.00250125062531e-07	11.5424971580505
GAUSS	NONE	Low	3	10	5	2000	2000	1	1604	396	0.20074812967581	0.233167082294264	0.253117206982544	4.66334164588529	0.213126198433065	0.254483001899503	FALSE	0.320707070707071	0.368686868686869	0.419191919191919	0.201995012468828	0.323232323232323	0.01173443140519	0.116848910692877	0.210207020906756	0.0256442182525079	0.34438246732139	1	4671.21332261823	807957048851545000	0.495747873936969	0	5.00250125062531e-07	11.5427672863007
GAUSS	NONE	Medium	3	10	5	2000	2000	1	1604	396	0.17643391521197	0.216957605985037	0.237531172069825	4.33915211970075	0.197475683022061	0.237792020134448	FALSE	0.257575757575758	0.330808080808081	0.371212121212121	0.17643391521197	0.257575757575758	-0.020457346398851	0.116281755288785	0.171421223950008	0.0253928169132874	0.345519838844023	1	4544.13586895694	871586136067916000	0.494997498749375	0	7.50375187593797e-07	11.5258935689926
GAUSS	NONE	High	3	10	5	2000	2000	1	1604	396	0.133416458852868	0.198877805486284	0.240648379052369	3.97755610972569	0.180073459414145	0.219121035353683	FALSE	0.164141414141414	0.244949494949495	0.297979797979798	0.124064837905237	0.138888888888889	-0.037908018749116	0.11258171775443	0.150708723428225	0.0257066282978786	0.341846753667328	1	3969.89739715474	869562344060363000	0.523511755877939	0	2.00100050025013e-06	11.5337352752686
RNA-seq	NONE	Very low	3	10	5	2000	2000	1	1604	396	0.193890274314214	0.218827930174564	0.25	4.37655860349127	0.19927924786556	0.239720166503571	FALSE	0.325757575757576	0.381313131313131	0.419191919191919	0.193890274314214	0.330808080808081	0.00395845625623433	0.111497247137912	0.196596482727078	0.0255293132612044	0.346721979001404	1	4607.27637032615	774538172755984000	0.494497248624312	0	2.50125062531266e-07	11.5299323797226
RNA-seq	NONE	Low	3	10	5	2000	2000	1	1604	396	0.167705735660848	0.211970074812968	0.241271820448878	4.23940149625935	0.192669164772679	0.232647308483504	FALSE	0.237373737373737	0.323232323232323	0.386363636363636	0.165211970074813	0.232323232323232	-0.0244678107083753	0.112463048989841	0.16499034727839	0.0258904886448945	0.34839095238055	1	4465.2309424942	961771609022638000	0.504752376188094	0	1.00050025012506e-06	11.5444439649582
RNA-seq	NONE	Medium	3	10	5	2000	2000	1	1604	396	0.154613466334165	0.20074812967581	0.245635910224439	4.01496259351621	0.181870892590332	0.221055313390118	FALSE	0.191919191919192	0.275252525252525	0.323232323232323	0.149625935162095	0.184343434343434	-0.0427378056280971	0.109451076323162	0.145781817368778	0.0262095122085883	0.345601349715841	1	4400.10994266188	1010644970919690000	0.515257628814407	0	1.25062531265633e-06	11.534973859787
RNA-seq	NONE	High	3	10	5	2000	2000	1	1604	396	0.13216957605985	0.184538653366584	0.22069825436409	3.69077306733167	0.166315917837821	0.20426879096657	FALSE	0.169191919191919	0.244949494949495	0.287878787878788	0.11783042394015	0.151515151515152	-0.0278522243011735	0.126184041984208	0.193132611788258	0.0271589622395317	0.354165443221585	1	4117.6344358611	995381718531922000	0.534267133566783	0	1.50075037518759e-06	11.5438376665115
RT-qPCR	SHUTOFF	Very low	3	10	5	2000	2000	1	1604	396	0	0.000623441396508728	0.000623441396508728	0.0124688279301746	0.000110061193549702	0.00352304503632614	FALSE	0	0	0.00505050505050505	0	0	0.047055700207274	0.142695387007436	0.219285149719733	0.0210330671458385	0.269250505078998	1	848.128699347408	5064.61670613725	0.504252126063031	0	2.50125062531266e-07	11.6037896871567
RT-qPCR	SHUTOFF	Low	3	10	5	2000	2000	1	1604	396	0	0.00498753117206983	0.0199501246882793	0.0997506234413965	0.00252940128132797	0.00981103111133297	FALSE	0	0.00757575757575758	0.053030303030303	0	0	0.192007571491231	0.3010410993077	0.469325881270622	0.0219018155783178	0.286751778680034	1	868.829949327178	5226.6441134078	0.504752376188094	0	0	11.6117683649063
RT-qPCR	SHUTOFF	Medium	3	10	5	2000	2000	1	1604	396	0.000623441396508728	0.0130922693266833	0.050498753117207	0.261845386533666	0.00857898310822574	0.0199321978724647	FALSE	0.00252525252525253	0.0353535353535354	0.0808080808080808	0	0	0.266153780638733	0.37994841285871	0.673729768626338	0.0249526681006649	0.323780413675587	1	916.00964213149	6253.86320770648	0.503251625812907	0	0	11.6242779493332
RT-qPCR	SHUTOFF	High	3	10	5	2000	2000	1	1604	396	0.00374064837905237	0.0218204488778055	0.0679551122194514	0.43640897755611	0.01573096479177	0.0301948685144907	FALSE	0.00757575757575758	0.0252525252525253	0.0782828282828283	0	0	0.277657415482293	0.403000845958329	0.722096819163489	0.030814877529694	0.381717545761791	1	1138.24633479646	10300.510437051	0.503751875937969	0	2.50125062531266e-07	11.6134955883026
GAUSS	SHUTOFF	Very low	3	10	5	2000	2000	1	1604	396	0	0	0.00311720698254364	0	0	0.00238920249233511	FALSE	0	0.00252525252525253	0.0101010101010101	0	0	0.0766292740379298	0.188764785426087	0.283545286077748	0.0207612627063672	0.26298087796784	1	987.109127282184	6197.91605396465	0.504252126063031	0	0	11.6092917919159
GAUSS	SHUTOFF	Low	3	10	5	2000	2000	1	1604	396	0.000623441396508728	0.00810473815461347	0.0361596009975062	0.162094763092269	0.00474256388910307	0.0138173871912615	FALSE	0.00505050505050505	0.0151515151515152	0.0656565656565657	0	0	0.212546678691358	0.319491521776387	0.501367466967458	0.022166705133192	0.284224662637245	1	1023.61365645644	7023.5274122599	0.504752376188094	0	5.00250125062531e-07	11.5893503427505
GAUSS	SHUTOFF	Medium	3	10	5	2000	2000	1	1604	396	0	0.0130922693266833	0.0442643391521197	0.261845386533666	0.00857898310822574	0.0199321978724647	FALSE	0	0.0202020202020202	0.0707070707070707	0	0	0.287270857557656	0.396147377047423	0.609429699404378	0.0265192364819876	0.340790472974214	1	1081.48694337741	8144.27423372515	0.504752376188094	0	1.00050025012506e-06	11.5992566347122
GAUSS	SHUTOFF	High	3	10	5	2000	2000	1	1604	396	0	0.0162094763092269	0.0610972568578554	0.324189526184539	0.0110855402253062	0.0236451594430879	FALSE	0.00505050505050505	0.0404040404040404	0.0858585858585859	0	0	0.256108219355528	0.383685713422058	0.623165677912423	0.031378605758024	0.370812376095677	1	1258.92833024829	11934.8770068742	0.505252626313157	0	7.50375187593797e-07	11.5964646339417
RNA-seq	SHUTOFF	Very low	3	10	5	2000	2000	1	1604	396	0	0.00872817955112219	0.027431421446384	0.174563591022444	0.00520628472097099	0.0145975700969343	FALSE	0.00252525252525253	0.0126262626262626	0.0454545454545455	0	0	0.16296452968493	0.276423127016398	0.41314995083932	0.0222078876831392	0.289629708909158	1	1019.1234613199	6897.54257810268	0.504252126063031	0	0	11.603596329689
RNA-seq	SHUTOFF	Low	3	10	5	2000	2000	1	1604	396	0.000623441396508728	0.0112219451371571	0.0430174563591022	0.224438902743142	0.00711011794628463	0.0176693518217836	FALSE	0	0.0151515151515152	0.0454545454545455	0	0	0.232759856742422	0.359807648169532	0.572294466278698	0.0259195436649871	0.333477890461189	1	1175.88521898115	9863.76126996242	0.503501750875438	0	1.50075037518759e-06	11.6102850437164
RNA-seq	SHUTOFF	Medium	3	10	5	2000	2000	1	1604	396	0	0.013715710723192	0.0561097256857855	0.27431421446384	0.00907495634082923	0.0206801283774019	FALSE	0.00757575757575758	0.0202020202020202	0.0707070707070707	0	0	0.25774728983669	0.378566475526209	0.632688791447259	0.0293813952949252	0.368302424931592	1	1255.19899454089	11473.6455290958	0.502751375687844	0	7.50375187593797e-07	11.5978782176971
RNA-seq	SHUTOFF	High	3	10	5	2000	2000	1	1604	396	0.00249376558603491	0.0187032418952618	0.0598503740648379	0.374064837905237	0.013132118127553	0.026574196491004	FALSE	0	0.0328282828282828	0.0757575757575758	0	0	0.237095169488345	0.359239236966392	0.604916070019126	0.0325969658885754	0.387341416996503	1	1364.53181861853	15690.2424541628	0.504752376188094	0	1.25062531265633e-06	11.5939308404922
RT-qPCR	NONE	Very low	3	10	10	2000	2000	1	1604	396	0.231296758104738	0.248753117206983	0.256857855361596	4.97506234413965	0.228214746012464	0.270492047758623	FALSE	0.401515151515151	0.441919191919192	0.47979797979798	0.234413965087282	0.401515151515151	-0.0151017895813396	0.0920033052206403	0.148391382645362	0.0255872123317425	0.340172276605479	1	4594.96487060575	63642.0609459684	0.501750875437719	0	2.50125062531266e-07	11.5569536685944
RT-qPCR	NONE	Low	3	10	10	2000	2000	1	1604	396	0.22069825436409	0.243142144638404	0.268079800498753	4.86284289276808	0.222778525427239	0.264733134705981	FALSE	0.368686868686869	0.426767676767677	0.472222222222222	0.225062344139651	0.373737373737374	-0.00722108447124796	0.115868262117762	0.244691875630885	0.0261960557517642	0.342493294037947	1	3936.00947104491	44508.0596158069	0.496748374187094	0	7.50375187593797e-07	11.549576997757
RT-qPCR	NONE	Medium	3	10	10	2000	2000	1	1604	396	0.213216957605985	0.249376558603491	0.281172069825436	4.98753117206983	0.228819065421575	0.271131632087052	FALSE	0.340909090909091	0.398989898989899	0.436868686868687	0.216957605985037	0.340909090909091	-0.0268194958996436	0.106153398996265	0.149994281012496	0.0266052948732594	0.34727801842719	1	3610.01513286162	36816.7508402625	0.494497248624312	0	7.50375187593797e-07	11.5467374324799
RT-qPCR	NONE	High	3	10	10	2000	2000	1	1604	396	0.155236907730673	0.219451371571072	0.266832917705736	4.38902743142145	0.199880570283447	0.240362747823225	FALSE	0.202020202020202	0.287878787878788	0.320707070707071	0.145261845386534	0.191919191919192	-0.0414267756276235	0.121488359714871	0.217211546300454	0.0269211730070035	0.351110336477389	1	3089.25749957166	26297.3363535082	0.521010505252626	0	1.25062531265633e-06	11.547078371048
GAUSS	NONE	Very low	3	10	10	2000	2000	1	1604	396	0.201995012468828	0.219451371571072	0.229426433915212	4.38902743142145	0.199880570283447	0.240362747823225	FALSE	0.363636363636364	0.421717171717172	0.464646464646465	0.203241895261845	0.366161616161616	0.0204434280237071	0.107224163401973	0.199076200148744	0.0247911717459053	0.338912561751928	1	5657.58539177714	754377033126188000	0.497248624312156	0	5.00250125062531e-07	11.5509170293808
GAUSS	NONE	Low	3	10	10	2000	2000	1	1604	396	0.195760598503741	0.22069825436409	0.24002493765586	4.4139650872818	0.2010834150954	0.241647710486353	FALSE	0.320707070707071	0.366161616161616	0.416666666666667	0.197007481296758	0.323232323232323	-0.00635458037017714	0.10534329111577	0.170029945156398	0.0250695465615935	0.342915228368064	1	4680.12876351885	824250428350605000	0.491745872936468	0	1.00050025012506e-06	11.5453437566757
GAUSS	NONE	Medium	3	10	10	2000	2000	1	1604	396	0.164588528678304	0.215087281795511	0.239401496259352	4.30174563591022	0.195672726166684	0.235863265777203	FALSE	0.262626262626263	0.335858585858586	0.386363636363636	0.162094763092269	0.26010101010101	-0.00838138905619719	0.119107904975096	0.218146118517231	0.0261031560770915	0.346339378261338	1	4676.79630099051	888438949107172000	0.496248124062031	0	1.00050025012506e-06	11.5518867969513
GAUSS	NONE	High	3	10	10	2000	2000	1	1604	396	0.126558603491272	0.182044887780549	0.224438902743142	3.64089775561097	0.16392757164218	0.201681522212048	FALSE	0.154040404040404	0.217171717171717	0.272727272727273	0.115960099750623	0.143939393939394	-0.0394076791132141	0.118533584256313	0.165925016801002	0.027110409190191	0.349551512621693	1	4121.65105652188	912591566405805000	0.519509754877439	0	1.25062531265633e-06	11.542363524437
RNA-seq	NONE	Very low	3	10	10	2000	2000	1	1604	396	0.196384039900249	0.218827930174564	0.243765586034913	4.37655860349127	0.19927924786556	0.239720166503571	FALSE	0.323232323232323	0.393939393939394	0.426767676767677	0.197630922693267	0.323232323232323	0.00688458534201196	0.116618004990514	0.208693395771793	0.0257475834559143	0.343498191393348	1	4762.21676171292	813740305684273000	0.497748874437219	0	7.50375187593797e-07	11.5448379516602
RNA-seq	NONE	Low	3	10	10	2000	2000	1	1604	396	0.170822942643392	0.205112219451372	0.243142144638404	4.10224438902743	0.186067466846417	0.225566065296818	FALSE	0.267676767676768	0.358585858585859	0.404040404040404	0.168952618453865	0.262626262626263	0.0030042910905286	0.127269333552099	0.204488119853471	0.0257557362909719	0.343895935125113	1	4713.7211750484	920885215679021000	0.504752376188094	0	1.00050025012506e-06	11.5225294828415
RNA-seq	NONE	Medium	3	10	10	2000	2000	1	1604	396	0.156483790523691	0.209476309226933	0.249376558603491	4.18952618453865	0.190267561450279	0.230073296855741	FALSE	0.202020202020202	0.262626262626263	0.318181818181818	0.151496259351621	0.19949494949495	-0.038030046147774	0.111857024246769	0.166561997912537	0.0265155186672227	0.347977305149599	1	4208.69189012891	1044151665653380000	0.510755377688844	0	2.00100050025013e-06	11.5382231473923
RNA-seq	NONE	High	3	10	10	2000	2000	1	1604	396	0.125311720698254	0.180174563591022	0.223192019950125	3.60349127182045	0.162137174636717	0.199740208004889	FALSE	0.143939393939394	0.227272727272727	0.285353535353535	0.11284289276808	0.126262626262626	-0.0267227472162662	0.127587359593499	0.1894487649082	0.0267044112434988	0.35166885483426	1	4302.70388487024	1077372723470170000	0.538769384692346	0	1.50075037518759e-06	11.5357841253281
RT-qPCR	SHUTOFF	Very low	3	10	10	2000	2000	1	1604	396	0.00872817955112219	0.0317955112219451	0.064214463840399	0.635910224438903	0.0242653382789308	0.0415629548279815	FALSE	0.0176767676767677	0.111111111111111	0.202020202020202	0	0	0.146483115190596	0.201141074505051	0.353340823674388	0.0496853814321954	0.62204198699141	1	496.03919761985	2359.79641076776	0.497748874437219	0	0	11.6253448724747
RT-qPCR	SHUTOFF	Low	3	10	10	2000	2000	1	1604	396	0.0043640897755611	0.0230673316708229	0.0604738154613466	0.461346633416459	0.0167812118675745	0.0316324289137676	FALSE	0.0151515151515152	0.0707070707070707	0.156565656565657	0	0	0.179107397856193	0.252744551993852	0.47363674669387	0.0496318763046028	0.612793494945915	1	505.231793538813	2449.47185315435	0.499249624812406	0	0	11.6122250556946
RT-qPCR	SHUTOFF	Medium	3	10	10	2000	2000	1	1604	396	0.0043640897755611	0.0317955112219451	0.084788029925187	0.635910224438903	0.0242653382789308	0.0415629548279815	FALSE	0.00757575757575758	0.0555555555555556	0.121212121212121	0	0	0.169486045022442	0.272396267804987	0.494996778618609	0.0492934942779389	0.603642043922012	1	557.915001704178	3090.57666135289	0.500750375187594	0	0	11.6086083650589
RT-qPCR	SHUTOFF	High	3	10	10	2000	2000	1	1604	396	0.00374064837905237	0.0461346633416459	0.100374064837905	0.922693266832918	0.0369080876551257	0.0575299914152234	TRUE	0.00757575757575758	0.0580808080808081	0.136363636363636	0	0	0.232619121208098	0.352824381528668	0.643915379537829	0.0463515373322882	0.530178036469993	1	704.400939271788	4099.18527112435	0.505502751375688	0	2.50125062531266e-07	11.6239783763886
GAUSS	SHUTOFF	Very low	3	10	10	2000	2000	1	1604	396	0.0043640897755611	0.0243142144638404	0.0629675810473816	0.486284289276808	0.0178368693334937	0.0330645789229299	FALSE	0.0227272727272727	0.0934343434343434	0.179292929292929	0	0	0.149200048793112	0.220974180530933	0.402647099560383	0.049921989739013	0.608121217115053	1	546.33206725256	3188.9513908731	0.498749374687344	0	0	11.5957443714142
GAUSS	SHUTOFF	Low	3	10	10	2000	2000	1	1604	396	0.00374064837905237	0.0261845386533666	0.0748129675810474	0.523690773067332	0.0194296555582806	0.0352035039107652	FALSE	0.00505050505050505	0.0631313131313131	0.136363636363636	0	0	0.188054257463713	0.265745225818959	0.485235393958378	0.0494945623705114	0.597171060238943	1	574.578800657471	3254.38410449153	0.500250125062531	0	0	11.5821696519852
GAUSS	SHUTOFF	Medium	3	10	10	2000	2000	1	1604	396	0.00498753117206983	0.0405236907730673	0.0866583541147132	0.810473815461347	0.0319209081608656	0.0513220372716169	TRUE	0.00505050505050505	0.0707070707070707	0.148989898989899	0	0	0.232293060626158	0.331333697734798	0.635037217774365	0.0491914535518267	0.586784910709766	1	669.040247906577	3987.74928552569	0.504752376188094	0	0	11.5858315229416
GAUSS	SHUTOFF	High	3	10	10	2000	2000	1	1604	396	0.00685785536159601	0.0498753117206983	0.108478802992519	0.997506234413965	0.0402561009008551	0.0616454005947384	TRUE	0.0101010101010101	0.0580808080808081	0.121212121212121	0	0	0.229451687032069	0.351430346226412	0.637212208652724	0.0453302618777928	0.540924292793737	1	758.930715964218	4822.79887611468	0.508754377188594	0	0	11.5985952615738
RNA-seq	SHUTOFF	Very low	3	10	10	2000	2000	1	1604	396	0.00311720698254364	0.0218204488778055	0.0673316708229426	0.43640897755611	0.01573096479177	0.0301948685144907	FALSE	0.00757575757575758	0.0757575757575758	0.166666666666667	0	0	0.183281820186334	0.265563051872429	0.490781533203339	0.0499177822160942	0.606807498284795	1	586.707177809119	3498.93301234277	0.500750375187594	0	0	11.5952647924423
RNA-seq	SHUTOFF	Low	3	10	10	2000	2000	1	1604	396	0.0043640897755611	0.027431421446384	0.0735660847880299	0.548628428927681	0.0204972231161435	0.0366237438279838	FALSE	0.00252525252525253	0.0454545454545455	0.131313131313131	0	0	0.231754702967771	0.329735520735019	0.561411095078747	0.0491681157826812	0.597438879774622	1	670.871754749522	4256.25881557984	0.503251625812907	0	0	11.6033942699432
RNA-seq	SHUTOFF	Medium	3	10	10	2000	2000	1	1604	396	0.00810473815461347	0.0374064837905237	0.0953865336658354	0.748129675810474	0.0291709362624052	0.0478524904823737	FALSE	0.00757575757575758	0.0681818181818182	0.146464646464646	0	0	0.267733178011939	0.367951162470337	0.722495649821552	0.0468185378023547	0.558771098124046	1	736.265531894057	4947.89665122128	0.506253126563282	0	0	11.5881289243698
RNA-seq	SHUTOFF	High	3	10	10	2000	2000	1	1604	396	0.00810473815461347	0.0405236907730673	0.0922693266832918	0.810473815461347	0.0319209081608656	0.0513220372716169	TRUE	0.0126262626262626	0.0707070707070707	0.136363636363636	0	0	0.287758961962729	0.409008752428165	0.760552683416476	0.045382963638353	0.527767954508438	1	868.439349180391	6538.25085429304	0.509254627313657	0	0	11.6014572381973
RT-qPCR	NONE	Very low	3	10	20	2000	2000	1	1604	396	0.233790523690773	0.24501246882793	0.256857855361596	4.9002493765586	0.224590064979418	0.266653306366424	FALSE	0.421717171717172	0.477272727272727	0.507575757575758	0.235037406483791	0.436868686868687	-0.00544713303078395	0.0972985001849579	0.16557681204643	0.0253351590601912	0.341403328235285	1	4674.52527265515	64112.106663105	0.501750875437719	0	5.00250125062531e-07	11.5455893278122
RT-qPCR	NONE	Low	3	10	20	2000	2000	1	1604	396	0.226309226932668	0.248753117206983	0.271820448877806	4.97506234413965	0.228214746012464	0.270492047758623	FALSE	0.411616161616162	0.457070707070707	0.502525252525253	0.230049875311721	0.414141414141414	-0.0143489135386121	0.101058365014642	0.150007186210623	0.0260289360457819	0.345422510135045	1	3844.78300131463	48548.0263342549	0.496748374187094	0	1.00050025012506e-06	11.5414398908615
RT-qPCR	NONE	Medium	3	10	20	2000	2000	1	1604	396	0.218204488778055	0.256234413965087	0.28428927680798	5.12468827930175	0.235470404186322	0.278163234435253	FALSE	0.363636363636364	0.436868686868687	0.48989898989899	0.221945137157107	0.373737373737374	-0.0162575571000847	0.11408209620951	0.186685979734665	0.0258246212642153	0.343562557485713	1	3615.79890206052	37516.2424689198	0.494247123561781	0	5.00250125062531e-07	11.541984796524
RT-qPCR	NONE	High	3	10	20	2000	2000	1	1604	396	0.158354114713217	0.236907730673317	0.283042394014963	4.73815461346633	0.216743980761615	0.258328641996197	FALSE	0.207070707070707	0.275252525252525	0.358585858585859	0.153366583541147	0.19949494949495	-0.0498258992291511	0.105957238819648	0.132027978700506	0.0266199785987184	0.348432777367122	1	3120.40270693763	25250.3645994651	0.522761380690345	0	7.50375187593797e-07	11.5428985357285
GAUSS	NONE	Very low	3	10	20	2000	2000	1	1604	396	0.21072319201995	0.224438902743142	0.236907730673317	4.48877805486284	0.20469353491249	0.245501013094508	FALSE	0.381313131313131	0.429292929292929	0.45959595959596	0.211970074812968	0.386363636363636	0.0304510510955271	0.113236235030362	0.213909022570335	0.0247332797217612	0.340374813479014	1	5674.71414011723	701761522305523000	0.496498249124562	0	2.50125062531266e-07	11.5335605144501
GAUSS	NONE	Low	3	10	20	2000	2000	1	1604	396	0.197007481296758	0.219451371571072	0.243765586034913	4.38902743142145	0.199880570283447	0.240362747823225	FALSE	0.320707070707071	0.396464646464646	0.419191919191919	0.197007481296758	0.325757575757576	0.00443088388394799	0.114977003774117	0.201128409828365	0.0260187886510422	0.36245150114921	1	4858.32507498071	771613598462979000	0.492496248124062	0	2.50125062531266e-07	11.5228234529495
GAUSS	NONE	Medium	3	10	20	2000	2000	1	1604	396	0.167705735660848	0.211970074812968	0.246882793017456	4.23940149625935	0.192669164772679	0.232647308483504	FALSE	0.267676767676768	0.335858585858586	0.368686868686869	0.165835411471322	0.265151515151515	-0.00855745360430943	0.121526995932424	0.224126538562562	0.025623974851194	0.34539355943295	1	4641.62304808914	895240855277783000	0.495747873936969	0	7.50375187593797e-07	11.5446590185165
GAUSS	NONE	High	3	10	20	2000	2000	1	1604	396	0.135286783042394	0.196384039900249	0.237531172069825	3.92768079800499	0.17767792405973	0.216540955757935	FALSE	0.161616161616162	0.265151515151515	0.305555555555556	0.124688279301746	0.136363636363636	-0.0209031228401522	0.117990860568584	0.184671101229859	0.0260340494132038	0.34580291725263	1	4162.12433138212	922435558444971000	0.522511255627814	0	7.50375187593797e-07	11.541685461998
RNA-seq	NONE	Very low	3	10	20	2000	2000	1	1604	396	0.20573566084788	0.230049875311721	0.246882793017456	4.60099750623441	0.210113099313085	0.25127658233178	FALSE	0.330808080808081	0.406565656565657	0.441919191919192	0.206359102244389	0.335858585858586	-0.0131280180864485	0.100918105435916	0.135137874685996	0.0259032105724204	0.346893916439482	1	4805.02914331104	801411567171303000	0.494247123561781	0	2.50125062531266e-07	11.5280740261078
RNA-seq	NONE	Low	3	10	20	2000	2000	1	1604	396	0.168329177057357	0.215087281795511	0.239401496259352	4.30174563591022	0.195672726166684	0.235863265777203	FALSE	0.25	0.303030303030303	0.348484848484849	0.165835411471322	0.247474747474748	-0.026160743337433	0.1076656302864	0.144099647275396	0.0257733238707233	0.343563051406425	1	4413.46897706188	918834180763704000	0.503001500750375	0	2.25112556278139e-06	11.5310683250427
RNA-seq	NONE	Medium	3	10	20	2000	2000	1	1604	396	0.149002493765586	0.203241895261845	0.241271820448878	4.06483790523691	0.184268499087813	0.2236333218428	FALSE	0.207070707070707	0.272727272727273	0.313131313131313	0.146508728179551	0.196969696969697	-0.0222259971381569	0.12344360502439	0.20115914997026	0.026702782445614	0.34714001003162	1	4126.40536101391	978772649533770000	0.516258129064532	0	1.25062531265633e-06	11.5295807123184
RNA-seq	NONE	High	3	10	20	2000	2000	1	1604	396	0.111596009975062	0.172693266832918	0.211970074812968	3.45386533665835	0.154983173020378	0.191967364770739	FALSE	0.169191919191919	0.21969696969697	0.267676767676768	0.0966334164588529	0.126262626262626	-0.0460963127438154	0.112062732574414	0.151458308941955	0.0265555501111422	0.346129092395511	1	4128.03516842146	1031238068181520000	0.531515757878939	0	7.50375187593797e-07	11.5472244024277
RT-qPCR	SHUTOFF	Very low	3	10	20	2000	2000	1	1604	396	0.327930174563591	0.490648379052369	0.569201995012469	9.81296758104738	0.466235252261323	0.515106191675567	FALSE	0.386363636363636	0.568181818181818	0.676767676767677	0.400872817955112	0.457070707070707	0.321906899898067	0.376775525184431	0.612835789582981	0.0454788308515432	0.579716558350916	1	731.356646449319	3094.31697512119	0.488244122061031	0	0	11.6069093942642
RT-qPCR	SHUTOFF	Low	3	10	20	2000	2000	1	1604	396	0.216957605985037	0.401496259351621	0.506234413965087	8.02992518703242	0.37776968473616	0.425693524732405	FALSE	0.23989898989899	0.446969696969697	0.540404040404041	0.231920199501247	0.244949494949495	0.244262848736475	0.320661944542668	0.532975617167826	0.0457281017559845	0.606055836282805	1	716.797050845721	3074.04200440061	0.493246623311656	0	0	11.6023980379105
RT-qPCR	SHUTOFF	Medium	3	10	20	2000	2000	1	1604	396	0.0922693266832918	0.250623441396509	0.370947630922693	5.01246882793017	0.23002787940255	0.272410625581159	FALSE	0.118686868686869	0.318181818181818	0.467171717171717	0.0330423940149626	0.0378787878787879	0.220985970892247	0.306379245216179	0.507721150001144	0.0452570811722202	0.55363852128627	1	694.645554463597	3163.88523721762	0.500750375187594	0	0	11.6130316257477
RT-qPCR	SHUTOFF	High	3	10	20	2000	2000	1	1604	396	0.0187032418952618	0.0866583541147132	0.161471321695761	1.73316708229426	0.0738590512773509	0.101432770733146	FALSE	0.0353535353535354	0.146464646464646	0.237373737373737	0	0	0.123688922162626	0.244538592473258	0.415113920678148	0.0401590438642258	0.452885185923843	1	682.174706130881	3355.51264507112	0.506253126563282	0	0	11.6107465028763
GAUSS	SHUTOFF	Very low	3	10	20	2000	2000	1	1604	396	0.337281795511222	0.506234413965087	0.592892768079801	10.1246882793017	0.481781679551894	0.530657357823514	FALSE	0.338383838383838	0.563131313131313	0.651515151515152	0.402743142144638	0.421717171717172	0.387088978062326	0.441777668655249	0.713747374806924	0.0473513365741692	0.635170302739302	1	830.119251804782	3556.16674743258	0.48424212106053	0	0	11.5834659337997
GAUSS	SHUTOFF	Low	3	10	20	2000	2000	1	1604	396	0.168329177057357	0.342892768079801	0.45573566084788	6.85785536159601	0.320063181475954	0.366473076663782	FALSE	0.186868686868687	0.373737373737374	0.502525252525253	0.145885286783042	0.174242424242424	0.259523085010203	0.337193760603095	0.6099390140313	0.0471210630259334	0.632404752080361	1	778.001597508315	3831.39044416898	0.496998499249625	0	0	11.5817730426788
GAUSS	SHUTOFF	Medium	3	10	20	2000	2000	1	1604	396	0.0685785536159601	0.18640897755611	0.301122194513716	3.72817955112219	0.16810802886616	0.206208391150853	FALSE	0.0656565656565657	0.21969696969697	0.361111111111111	0.00935162094763092	0.0151515151515152	0.165828473718011	0.265758079039244	0.48403561074271	0.0459153336061372	0.571124513561404	1	758.244510407165	3900.87865478356	0.502751375687844	0	0	11.5890070199966
GAUSS	SHUTOFF	High	3	10	20	2000	2000	1	1604	396	0.0224438902743142	0.101620947630923	0.179551122194514	2.03241895261845	0.0877732253448732	0.117372286366601	FALSE	0.047979797979798	0.148989898989899	0.227272727272727	0	0	0.163595833715231	0.278438792183243	0.490157358167714	0.0415756105666227	0.470174317101514	1	713.712385131886	4024.71258224603	0.507253626813407	0	0	11.5945951938629
RNA-seq	SHUTOFF	Very low	3	10	20	2000	2000	1	1604	396	0.175810473815461	0.337905236907731	0.444513715710723	6.75810473815461	0.315169473688208	0.361415554551202	FALSE	0.222222222222222	0.436868686868687	0.558080808080808	0.165211970074813	0.21969696969697	0.304843810830734	0.37583430788385	0.652172172855717	0.0469095117842201	0.623959404371757	1	783.50708860046	4028.92360257806	0.496248124062031	0	0	11.5915758609772
RNA-seq	SHUTOFF	Low	3	10	20	2000	2000	1	1604	396	0.0679551122194514	0.205112219451372	0.312344139650873	4.10224438902743	0.186067466846417	0.225566065296818	FALSE	0.103535353535354	0.282828282828283	0.419191919191919	0.0118453865336658	0.0126262626262626	0.205412718364176	0.299468925624263	0.511285344256835	0.0452892709213131	0.5506398356509	1	764.437173186228	3889.45341318153	0.501750875437719	0	0	11.5914165973663
RNA-seq	SHUTOFF	Medium	3	10	20	2000	2000	1	1604	396	0.0349127182044888	0.144014962593516	0.250623441396509	2.88029925187032	0.127682599199271	0.162048366664973	FALSE	0.0606060606060606	0.186868686868687	0.308080808080808	0	0	0.192543076562	0.302657688478955	0.544380738149498	0.0439786401207832	0.523623532977914	1	785.337018664401	4460.59879006503	0.508754377188594	0	2.50125062531266e-07	11.599051117897
RNA-seq	SHUTOFF	High	3	10	20	2000	2000	1	1604	396	0.0330423940149626	0.103491271820449	0.187655860349127	2.06982543640898	0.0895198434487117	0.119357379475384	FALSE	0.047979797979798	0.146464646464646	0.22979797979798	0	0	0.121139327403329	0.246294446939938	0.418093030755547	0.0402802098047952	0.463762703237156	1	763.977022899984	4920.40300070838	0.505752876438219	0	0	11.6043854951859
RT-qPCR	NONE	Very low	3	10	50	2000	2000	1	1604	396	0.234413965087282	0.247506234413965	0.258728179551122	4.9501246882793	0.227006283088766	0.269212703207239	FALSE	0.409090909090909	0.454545454545455	0.484848484848485	0.236284289276808	0.416666666666667	-0.010862731198327	0.0925899437982159	0.15398552263523	0.025228499362597	0.339369115288977	1	4668.80221836953	62428.2236312147	0.505002501250625	0	7.50375187593797e-07	11.5508317947388
RT-qPCR	NONE	Low	3	10	50	2000	2000	1	1604	396	0.223192019950125	0.248753117206983	0.268703241895262	4.97506234413965	0.228214746012464	0.270492047758623	FALSE	0.391414141414141	0.446969696969697	0.477272727272727	0.226309226932668	0.396464646464646	-0.0188267837724565	0.103391857844025	0.163526685512736	0.0261922365210785	0.345265738663455	1	3835.42150824251	50617.9318433222	0.498999499749875	0	7.50375187593797e-07	11.5418394804001
RT-qPCR	NONE	Medium	3	10	50	2000	2000	1	1604	396	0.216334164588529	0.260598503740648	0.28428927680798	5.21197007481297	0.239706670110656	0.282634294673704	FALSE	0.356060606060606	0.431818181818182	0.472222222222222	0.220074812967581	0.358585858585859	-0.0253839764073573	0.10427656846965	0.156326625531683	0.0260830843070868	0.343333327580706	1	3655.36264282737	36942.7823896319	0.494247123561781	0	7.50375187593797e-07	11.5380187034607
RT-qPCR	NONE	High	3	10	50	2000	2000	1	1604	396	0.175187032418953	0.231920199501247	0.27431421446384	4.63840399002494	0.211920769809333	0.253200623048153	FALSE	0.202020202020202	0.287878787878788	0.333333333333333	0.170822942643392	0.194444444444444	-0.050302752696245	0.110035910058436	0.152154675346473	0.0268580461849955	0.348738908600369	1	3098.30046301512	24771.1824884618	0.514257128564282	0	1.25062531265633e-06	11.5400794744492
GAUSS	NONE	Very low	3	10	50	2000	2000	1	1604	396	0.202618453865337	0.216957605985037	0.226932668329177	4.33915211970075	0.197475683022061	0.237792020134448	FALSE	0.363636363636364	0.414141414141414	0.454545454545455	0.204488778054863	0.363636363636364	0.0219525957744121	0.108884522076541	0.198319396804523	0.0244264118700746	0.337789894159301	1	5604.92124979677	761285368212286000	0.498749374687344	0	0	11.5408548116684
GAUSS	NONE	Low	3	10	50	2000	2000	1	1604	396	0.197007481296758	0.22568578553616	0.245635910224439	4.51371571072319	0.205897431406803	0.246784924075277	FALSE	0.323232323232323	0.383838383838384	0.441919191919192	0.197630922693267	0.323232323232323	0.00570156742004985	0.115730630460794	0.200515556126401	0.0254610115279506	0.346159259484847	1	4848.96165764091	740845581053355000	0.492746373186593	0	1.00050025012506e-06	11.5283681154251
GAUSS	NONE	Medium	3	10	50	2000	2000	1	1604	396	0.182668329177057	0.229426433915212	0.269950124688279	4.58852867830424	0.209510669177245	0.250635108730079	FALSE	0.25	0.313131313131313	0.368686868686869	0.182044887780549	0.25	-0.0189951631250694	0.111118293704886	0.173629088792825	0.0253968992016307	0.34208499228065	1	4727.51605274371	905893193292250000	0.495247623811906	0	5.00250125062531e-07	11.5506336688995
GAUSS	NONE	High	3	10	50	2000	2000	1	1604	396	0.13216957605985	0.17643391521197	0.214463840399003	3.5286783042394	0.158558637804813	0.195855322411549	FALSE	0.138888888888889	0.227272727272727	0.275252525252525	0.119700748129676	0.126262626262626	-0.0357850516928069	0.10815323345923	0.135308184405452	0.0261044401375364	0.343166090962039	1	3963.74847274795	950297797695863000	0.531765882941471	0	1.50075037518759e-06	11.5407774448395
RNA-seq	NONE	Very low	3	10	50	2000	2000	1	1604	396	0.198877805486284	0.226932668329177	0.242518703241895	4.53865336658354	0.207101586948916	0.248068576008245	FALSE	0.320707070707071	0.391414141414141	0.436868686868687	0.199501246882793	0.323232323232323	-0.00231826593804066	0.109094520925075	0.180670609158144	0.0254611701725348	0.342970862642139	1	4762.01483419188	805733073520717000	0.496248124062031	0	5.00250125062531e-07	11.5319833755493
RNA-seq	NONE	Low	3	10	50	2000	2000	1	1604	396	0.18640897755611	0.223815461346633	0.25498753117207	4.47630922693267	0.204091684284532	0.244858959984925	FALSE	0.262626262626263	0.330808080808081	0.378787878787879	0.18640897755611	0.262626262626263	-0.0210780954160717	0.107068824401474	0.149105827616546	0.0257544134333464	0.345012470355962	1	4352.69471165897	1052406685975970000	0.508754377188594	0	1.75087543771886e-06	11.5409537553787
RNA-seq	NONE	Medium	3	10	50	2000	2000	1	1604	396	0.156483790523691	0.212593516209476	0.247506234413965	4.25187032418953	0.193269739369465	0.233290637624259	FALSE	0.181818181818182	0.247474747474748	0.28030303030303	0.150872817955112	0.179292929292929	-0.0414616107438869	0.111438982311723	0.160714103113866	0.0264946672192399	0.345690694918772	1	4453.39726738666	999996852697335000	0.517008504252126	0	1.75087543771886e-06	11.5457981824875
RNA-seq	NONE	High	3	10	50	2000	2000	1	1604	396	0.11783042394015	0.167082294264339	0.211970074812968	3.34164588528678	0.149625908940577	0.186129495212674	FALSE	0.143939393939394	0.222222222222222	0.305555555555556	0.10286783042394	0.111111111111111	-0.0261261290219567	0.126146134019681	0.188801887959529	0.0270356834321364	0.353301224902944	1	4348.34110429656	1017327600979740000	0.543021510755378	0	1.50075037518759e-06	11.5414867401123
RT-qPCR	SHUTOFF	Very low	3	10	50	2000	2000	1	1604	396	0.677057356608479	0.766209476309227	0.807980049875312	15.3241895261845	0.744875902634893	0.786270993294998	FALSE	0.76010101010101	0.828282828282828	0.863636363636364	0.753740648379052	0.823232323232323	0.275024621514794	0.338585923921874	0.538657465305759	0.0206492209946036	0.346333602574286	1	1712.13848747116	4992.8505974237	0.489744872436218	0	0	11.621276140213
RT-qPCR	SHUTOFF	Low	3	10	50	2000	2000	1	1604	396	0.604738154613466	0.741271820448878	0.796134663341646	14.8254364089776	0.719281535613688	0.762109210814575	FALSE	0.626262626262626	0.78030303030303	0.840909090909091	0.712593516209476	0.755050505050505	0.218955881784799	0.298668214541793	0.47002528043951	0.0208076309458554	0.330107784049534	1	1363.11901417973	4395.54529359877	0.487743871935968	0	0	11.6136800050735
RT-qPCR	SHUTOFF	Medium	3	10	50	2000	2000	1	1604	396	0.451371571072319	0.617206982543641	0.705112219451372	12.3441396508728	0.593166534100614	0.640687368557044	FALSE	0.48989898989899	0.707070707070707	0.808080808080808	0.556733167082294	0.656565656565657	0.196812227837309	0.276359060313007	0.439094004315334	0.0205646314422604	0.323122139893528	1	1026.53851097613	3867.55225148209	0.494997498749375	0	0	11.6021118164063
RT-qPCR	SHUTOFF	High	3	10	50	2000	2000	1	1604	396	0.184538653366584	0.346009975062344	0.458852867830424	6.92019950124688	0.323123190024692	0.369632586802748	FALSE	0.237373737373737	0.434343434343434	0.573232323232323	0.180798004987531	0.232323232323232	0.147044043247892	0.239132412641922	0.363967932906285	0.020950305769987	0.306455288838869	1	785.30725292509	3443.91147003053	0.50200100050025	0	0	11.6043932437897
GAUSS	SHUTOFF	Very low	3	10	50	2000	2000	1	1604	396	0.672693266832918	0.766832917705736	0.799875311720698	15.3366583541147	0.745516998100498	0.786873801566935	FALSE	0.704545454545455	0.785353535353535	0.823232323232323	0.748129675810474	0.777777777777778	0.226095106606283	0.302839064871152	0.489157075706854	0.02053460450893	0.354063767117345	1	2183.63185578031	7741.59417185581	0.488494247123562	0	0	11.5818235874176
GAUSS	SHUTOFF	Low	3	10	50	2000	2000	1	1604	396	0.536159600997506	0.69139650872818	0.763092269326683	13.8279301745636	0.668356332463263	0.713522114961741	FALSE	0.53030303030303	0.71969696969697	0.803030303030303	0.644014962593516	0.676767676767677	0.180948704302113	0.274667278797083	0.475454124440635	0.0209607211897719	0.329942839349816	1	1367.23507048504	5196.41113766241	0.490745372686343	0	0	11.5948023796082
GAUSS	SHUTOFF	Medium	3	10	50	2000	2000	1	1604	396	0.326683291770574	0.508728179551122	0.632793017456359	10.1745635910224	0.484271306727739	0.533143345597831	FALSE	0.373737373737374	0.590909090909091	0.676767676767677	0.383416458852868	0.457070707070707	0.164986043493663	0.267771978607882	0.43854969528066	0.0216167873898772	0.31962102092224	1	1020.79399154655	4688.71199555409	0.494747373686843	0	0	11.6050500869751
GAUSS	SHUTOFF	High	3	10	50	2000	2000	1	1604	396	0.146508728179551	0.302369077306733	0.417705735660848	6.04738154613466	0.280386722416058	0.325295792783531	FALSE	0.207070707070707	0.376262626262626	0.505050505050505	0.121571072319202	0.191919191919192	0.122405509286846	0.233567396750706	0.367544332149948	0.0213991360820596	0.306517523580136	1	774.829410186589	4124.24478223541	0.501750875437719	0	0	11.6008511781693
RNA-seq	SHUTOFF	Very low	3	10	50	2000	2000	1	1604	396	0.540523690773067	0.680798004987531	0.748129675810474	13.6159600997506	0.657575930961907	0.703156152924905	FALSE	0.555555555555556	0.757575757575758	0.828282828282828	0.643391521197008	0.691919191919192	0.201856133640855	0.294078414940426	0.480430402556601	0.0216256514598991	0.334507451047343	1	1409.46911672955	5397.12086376114	0.491745872936468	0	0	11.601783156395
RNA-seq	SHUTOFF	Low	3	10	50	2000	2000	1	1604	396	0.31359102244389	0.489401496259352	0.58354114713217	9.78802992518703	0.464992561760207	0.513861074701601	FALSE	0.409090909090909	0.623737373737374	0.732323232323232	0.371571072319202	0.474747474747475	0.197112830613811	0.292778101012985	0.478604477449678	0.0222268490219225	0.323986712152943	1	995.444413168117	5110.99400675942	0.494747373686843	0	0	11.6289124488831
RNA-seq	SHUTOFF	Medium	3	10	50	2000	2000	1	1604	396	0.245635910224439	0.39713216957606	0.521197007481297	7.9426433915212	0.373459768924288	0.421296114381492	FALSE	0.265151515151515	0.464646464646465	0.590909090909091	0.270573566084788	0.295454545454545	0.129893264902775	0.239719190659188	0.360240827855113	0.0220435985863204	0.321442464280646	1	898.886117869606	4830.24892358357	0.500250125062531	0	0	11.6154378652573
RNA-seq	SHUTOFF	High	3	10	50	2000	2000	1	1604	396	0.168952618453865	0.334164588528678	0.448877805486284	6.68329177057357	0.311501071025645	0.357620534788522	FALSE	0.222222222222222	0.409090909090909	0.522727272727273	0.160847880299252	0.217171717171717	0.0871049757992871	0.211668390828063	0.32370637727546	0.0228971146656447	0.32811142811421	1	849.697513095313	5091.53771507255	0.499749874937469	0	2.50125062531266e-07	11.6346665620804
RT-qPCR	NONE	Very low	5	3	5	2000	2000	1	1604	396	0.278054862842893	0.300498753117207	0.316708229426434	6.00997506234414	0.278560322870433	0.323390481116534	FALSE	0.434343434343434	0.505050505050505	0.532828282828283	0.281172069825436	0.452020202020202	0.000318532227293029	0.103785142243367	0.18539256304928	0.0249592483897214	0.33925648012613	1	1614.87854796844	9992.79651803785	0.49399699849925	0	0	17.3652656078339
RT-qPCR	NONE	Low	5	3	5	2000	2000	1	1604	396	0.297381546134663	0.331047381546135	0.359725685785536	6.62094763092269	0.308445309248739	0.354456777877723	FALSE	0.401515151515151	0.452020202020202	0.492424242424242	0.305486284289277	0.416666666666667	-0.0251490680083398	0.101224704564696	0.139391886535398	0.0254259474981043	0.344090781300986	1	1495.98288018916	8889.80360892429	0.47823911955978	0	0	17.374835729599
RT-qPCR	NONE	Medium	5	3	5	2000	2000	1	1604	396	0.287406483790524	0.346009975062344	0.384039900249377	6.92019950124688	0.323123190024692	0.369632586802748	FALSE	0.330808080808081	0.406565656565657	0.467171717171717	0.296758104738155	0.356060606060606	-0.0366776088383712	0.103249051480807	0.139717442602081	0.0259004317662163	0.348283124776739	1	1391.95969294883	7585.8491165959	0.490745372686343	0	0	17.3774458169937
RT-qPCR	NONE	High	5	3	5	2000	2000	1	1604	396	0.223815461346633	0.311720698254364	0.364713216957606	6.23441396508728	0.289525273223695	0.334815798039005	FALSE	0.26010101010101	0.335858585858586	0.396464646464646	0.233790523690773	0.265151515151515	-0.0648921832262892	0.106051054747774	0.131882594884169	0.0274237995390075	0.354902760662384	1	1103.88243809516	6353.56106792819	0.532516258129065	0	0	17.3804271221161
GAUSS	NONE	Very low	5	3	5	2000	2000	1	1604	396	0.297381546134663	0.324812967581047	0.344139650872818	6.49625935162095	0.302337202370259	0.348125847380796	FALSE	0.462121212121212	0.540404040404041	0.565656565656566	0.304862842892768	0.48989898989899	0.0117306407284786	0.116398261554829	0.208339128554122	0.0244112550769098	0.335047214958925	1	1980.54026420101	18061.8057394959	0.483241620810405	0	0	17.3561186790466
GAUSS	NONE	Low	5	3	5	2000	2000	1	1604	396	0.278054862842893	0.32356608478803	0.364089775561097	6.4713216957606	0.301116132175721	0.346859110100253	FALSE	0.376262626262626	0.47979797979798	0.545454545454545	0.288653366583541	0.391414141414141	-0.021595951580835	0.107441332789131	0.157568486994482	0.0256239226066695	0.345061072646137	1	1674.97155925809	12079.3893593167	0.474737368684342	0	0	17.3965522050858
GAUSS	NONE	Medium	5	3	5	2000	2000	1	1604	396	0.262468827930175	0.325436408977556	0.364713216957606	6.50872817955112	0.302947806670195	0.348759146818401	FALSE	0.345959595959596	0.421717171717172	0.467171717171717	0.275561097256858	0.361111111111111	-0.0367077816290748	0.110257248468482	0.148278553176429	0.0262543252388928	0.348893680610697	1	1434.66465580358	10113.7544407046	0.501250625312656	0	0	17.3557566404343
GAUSS	NONE	High	5	3	5	2000	2000	1	1604	396	0.187032418952618	0.278054862842893	0.340399002493766	5.56109725685786	0.256678730463531	0.300491538971969	FALSE	0.242424242424242	0.335858585858586	0.411616161616162	0.185785536159601	0.234848484848485	-0.0620885775721411	0.104159010916311	0.127828875713327	0.0272401264338968	0.353117496329332	1	1161.7548553177	8683.53248927681	0.52576288144072	0	0	17.3890948295593
RNA-seq	NONE	Very low	5	3	5	2000	2000	1	1604	396	0.284912718204489	0.342269326683292	0.372817955112219	6.84538653366584	0.319451312392626	0.365841042009569	FALSE	0.376262626262626	0.436868686868687	0.47979797979798	0.293640897755611	0.386363636363636	-0.0183815515514891	0.119971992830301	0.186492260454399	0.0254982743386449	0.343783327314525	1	1639.01205674025	13723.1492760516	0.482491245622811	0	0	17.3844228982925
RNA-seq	NONE	Low	5	3	5	2000	2000	1	1604	396	0.231296758104738	0.298004987531172	0.344139650872818	5.96009975062344	0.276125811758862	0.320849377277942	FALSE	0.313131313131313	0.401515151515151	0.439393939393939	0.236907730673317	0.323232323232323	-0.0390136787318502	0.108829065075243	0.14747421764683	0.0264084958038058	0.350468944165998	1	1458.35763490224	10920.793757671	0.507003501750875	0	0	17.3764655590057
RNA-seq	NONE	Medium	5	3	5	2000	2000	1	1604	396	0.226932668329177	0.312344139650873	0.354114713216958	6.24688279301746	0.290134894126342	0.335450080873899	FALSE	0.25	0.348484848484849	0.393939393939394	0.231296758104738	0.26010101010101	-0.0538895421483022	0.107735881050994	0.137451481240855	0.0266210895791126	0.350457517817727	1	1299.79859420169	9816.98037250077	0.512506253126563	0	0	17.3823918104172
RNA-seq	NONE	High	5	3	5	2000	2000	1	1604	396	0.177680798004988	0.262468827930175	0.311097256857855	5.24937655860349	0.241523054681601	0.284549621315381	FALSE	0.21969696969697	0.320707070707071	0.386363636363636	0.174563591022444	0.217171717171717	-0.0638553197114892	0.10339078946511	0.126973601733291	0.0274203247767167	0.352914342644964	1	1136.5755520397	11734.8681055627	0.537268634317159	0	0	17.3800137042999
RT-qPCR	SHUTOFF	Very low	5	3	5	2000	2000	1	1604	396	0.000623441396508728	0.0112219451371571	0.0236907730673317	0.224438902743142	0.00711011794628463	0.0176693518217836	FALSE	0.053030303030303	0.169191919191919	0.247474747474748	0	0	0.0358268352009748	0.102996936595176	0.148123787083399	0.00344649996917394	0.0894481779185745	1	387.749281609462	1649.83932923536	0.499749874937469	0	0	17.4884134531021
RT-qPCR	SHUTOFF	Low	5	3	5	2000	2000	1	1604	396	0.0043640897755611	0.0187032418952618	0.057356608478803	0.374064837905237	0.013132118127553	0.026574196491004	FALSE	0.00757575757575758	0.0732323232323232	0.133838383838384	0	0	0.0420829551981441	0.146129491278887	0.209423470983328	0.00475805523562301	0.124457087545539	1	400.540083983263	1832.37845592884	0.502251125562781	0	0	17.4738258123398
RT-qPCR	SHUTOFF	Medium	5	3	5	2000	2000	1	1604	396	0.0043640897755611	0.0336658354114713	0.0723192019950125	0.673316708229426	0.0258936097056896	0.0436663946138449	FALSE	0.0101010101010101	0.053030303030303	0.111111111111111	0	0	0.06100683159061	0.166505924866972	0.235194036314688	0.00716990470106853	0.159705410458102	1	433.414921437267	2284.75785274584	0.505752876438219	0	0	17.4921690225601
RT-qPCR	SHUTOFF	High	5	3	5	2000	2000	1	1604	396	0.0043640897755611	0.029925187032419	0.0754364089775561	0.598503740648379	0.0226447724680187	0.0394518094262714	FALSE	0.0101010101010101	0.0429292929292929	0.0909090909090909	0	0	0.0591343710882923	0.18615154957612	0.283139352866704	0.0146861353619361	0.228311483772036	1	479.903244604224	2677.00269913182	0.510505252626313	0	0	17.4742075204849
GAUSS	SHUTOFF	Very low	5	3	5	2000	2000	1	1604	396	0.00249376558603491	0.0162094763092269	0.0430174563591022	0.324189526184539	0.0110855402253062	0.0236451594430879	FALSE	0.0353535353535354	0.116161616161616	0.22979797979798	0	0	0.050092178749673	0.140587393507236	0.192363270676842	0.00294982188844201	0.0973406103726442	1	501.457150579741	2985.7342095453	0.501250625312656	0	0	17.4847159385681
GAUSS	SHUTOFF	Low	5	3	5	2000	2000	1	1604	396	0.000623441396508728	0.0268079800498753	0.0635910224438903	0.536159600997506	0.0199628939059593	0.0359141693006272	FALSE	0.0151515151515152	0.0505050505050505	0.108585858585859	0	0	0.0489822543317517	0.154315318146612	0.204269828030274	0.00477441039265364	0.13128680426535	1	505.797547642443	3079.31277430558	0.502751375687844	0	0	17.4735349416733
GAUSS	SHUTOFF	Medium	5	3	5	2000	2000	1	1604	396	0.00124688279301746	0.0249376558603491	0.0723192019950125	0.498753117206983	0.0183666026103764	0.0337787493835879	FALSE	0.00252525252525253	0.0656565656565657	0.111111111111111	0	0	0.0865269706170248	0.194551992496303	0.258041580492955	0.00838003028623842	0.173949300498446	1	508.99832218795	3133.74255167616	0.504252126063031	0	0	17.5070703029633
GAUSS	SHUTOFF	High	5	3	5	2000	2000	1	1604	396	0.00249376558603491	0.0261845386533666	0.0704488778054863	0.523690773067332	0.0194296555582806	0.0352035039107652	FALSE	0.0126262626262626	0.0606060606060606	0.113636363636364	0	0	0.10170779148383	0.224581819220487	0.329275644951154	0.0153145733182657	0.226245166407242	1	533.010331672937	3294.9321023203	0.506253126563282	0	0	17.4619846343994
RNA-seq	SHUTOFF	Very low	5	3	5	2000	2000	1	1604	396	0.00187032418952618	0.0230673316708229	0.0554862842892768	0.461346633416459	0.0167812118675745	0.0316324289137676	FALSE	0.0101010101010101	0.047979797979798	0.131313131313131	0	0	0.0625143484199079	0.160338444860384	0.222031828244743	0.00451142303603668	0.129845331181091	1	492.136233035529	2983.19308964532	0.502251125562781	0	0	17.5318301916122
RNA-seq	SHUTOFF	Low	5	3	5	2000	2000	1	1604	396	0.00311720698254364	0.0305486284289277	0.0760598503740648	0.610972568578554	0.0231840640780127	0.0401564215538182	FALSE	0.00757575757575758	0.0505050505050505	0.0984848484848485	0	0	0.0592290033802675	0.180791274266422	0.262496892401178	0.00860911780939051	0.177282884773146	1	523.921942841101	3495.44962923053	0.506753376688344	0	0	17.5293046236038
RNA-seq	SHUTOFF	Medium	5	3	5	2000	2000	1	1604	396	0.00311720698254364	0.0324189526184539	0.0729426433915212	0.648379052369077	0.0248072707331981	0.0422649261112549	FALSE	0.00757575757575758	0.0707070707070707	0.128787878787879	0	0	0.0977239925432339	0.207792984883891	0.323612736298759	0.0118038981397667	0.202323029129262	1	550.810404852259	3714.05741077016	0.505752876438219	0	0	17.4507478475571
RNA-seq	SHUTOFF	High	5	3	5	2000	2000	1	1604	396	0.00561097256857855	0.0280548628428928	0.077930174563591	0.561097256857855	0.0210326080036169	0.0373322626780511	FALSE	0.00505050505050505	0.0404040404040404	0.0707070707070707	0	0	0.0617651299717144	0.181626852065684	0.264512428897249	0.0160596400626595	0.230756358206374	1	546.123895923982	4766.97005880622	0.507253626813407	0	0	17.4655570983887
RT-qPCR	NONE	Very low	5	3	10	2000	2000	1	1604	396	0.272443890274314	0.29426433915212	0.311097256857855	5.88528678304239	0.272475531480693	0.317036235130866	FALSE	0.434343434343434	0.5	0.542929292929293	0.278678304239402	0.439393939393939	-0.00147165086398421	0.102374370922016	0.171007482629719	0.0250698751232184	0.339302300710662	1	1573.02362952279	11043.6704121191	0.492746373186593	0	0	17.4418851137161
RT-qPCR	NONE	Low	5	3	10	2000	2000	1	1604	396	0.276807980049875	0.317331670822943	0.344139650872818	6.34663341645885	0.295013567529024	0.340522637371542	FALSE	0.452020202020202	0.502525252525253	0.532828282828283	0.282418952618454	0.462121212121212	-0.0106087524696832	0.108868778911414	0.163132210598734	0.0253475350587553	0.343142588704593	1	1405.03452965474	9244.07242814597	0.479239619809905	0	0	17.4323661327362
RT-qPCR	NONE	Medium	5	3	10	2000	2000	1	1604	396	0.282418952618454	0.341645885286783	0.373441396508728	6.83291770573566	0.318839487652097	0.365208963012558	FALSE	0.376262626262626	0.467171717171717	0.502525252525253	0.298004987531172	0.401515151515151	-0.0232988843944174	0.108093817657299	0.158273840755131	0.0259446270991473	0.349173541077521	1	1386.79308097967	9101.8887884888	0.493746873436718	0	0	17.456573843956
RT-qPCR	NONE	High	5	3	10	2000	2000	1	1604	396	0.20074812967581	0.298628428927681	0.346633416458853	5.97256857855362	0.27673436552968	0.321484727244665	FALSE	0.247474747474748	0.351010101010101	0.409090909090909	0.203241895261845	0.252525252525253	-0.0596230792870566	0.104748299571566	0.127518362907274	0.0270736404380537	0.354077516746478	1	1107.62515838428	6707.32434481215	0.530765382691346	0	0	17.4450018405914
GAUSS	NONE	Very low	5	3	10	2000	2000	1	1604	396	0.288653366583541	0.314837905236908	0.330423940149626	6.29675810473816	0.292573852692886	0.337986737257517	FALSE	0.421717171717172	0.507575757575758	0.547979797979798	0.292394014962594	0.446969696969697	0.00220518365039537	0.112652662923543	0.176070121778132	0.0243595568887716	0.334892767443723	1	1986.31001763403	15788.9100995707	0.485992996498249	0	0	17.4063880443573
GAUSS	NONE	Low	5	3	10	2000	2000	1	1604	396	0.270573566084788	0.311720698254364	0.346633416458853	6.23441396508728	0.289525273223695	0.334815798039005	FALSE	0.383838383838384	0.434343434343434	0.482323232323232	0.280548628428928	0.391414141414141	-0.014512363134317	0.115553805460209	0.184265760522864	0.025648377824168	0.346728797433308	1	1624.40998932751	12012.8161944933	0.480990495247624	0	0	17.4346854686737
GAUSS	NONE	Medium	5	3	10	2000	2000	1	1604	396	0.258104738154614	0.322942643391521	0.371571072319202	6.45885286783042	0.300505666419364	0.346225672119069	FALSE	0.285353535353535	0.383838383838384	0.44949494949495	0.260598503740648	0.318181818181818	-0.0375375926333489	0.111350979992439	0.153562678546425	0.0264853017699494	0.35070827617152	1	1407.68636586568	10330.1379297025	0.49399699849925	0	0	17.4246029853821
GAUSS	NONE	High	5	3	10	2000	2000	1	1604	396	0.184538653366584	0.27431421446384	0.3285536159601	5.48628428927681	0.253038301377971	0.296668545632285	FALSE	0.227272727272727	0.333333333333333	0.388888888888889	0.182668329177057	0.227272727272727	-0.0575059163782943	0.112557817612912	0.173659996213137	0.0274356603861157	0.353666024715417	1	1172.19580555484	9105.71092088927	0.536768384192096	0	0	17.4389716386795
RNA-seq	NONE	Very low	5	3	10	2000	2000	1	1604	396	0.279925187032419	0.319201995012469	0.350997506234414	6.38403990024938	0.296843847075095	0.342424069038094	FALSE	0.383838383838384	0.414141414141414	0.477272727272727	0.288653366583541	0.391414141414141	-0.0209085478691012	0.112777454573861	0.152853794487877	0.0256738064165668	0.346622850360016	1	1635.24652278185	13369.0686805967	0.474487243621811	0	0	17.4199331998825
RNA-seq	NONE	Low	5	3	10	2000	2000	1	1604	396	0.253117206982544	0.321072319201995	0.367206982543641	6.4214463840399	0.298674547352231	0.34432507997358	FALSE	0.300505050505051	0.383838383838384	0.416666666666667	0.264339152119701	0.323232323232323	-0.0386356386960927	0.11764940008813	0.164232266889184	0.0261416238821047	0.348493978964023	1	1417.16584263252	10851.7144520665	0.510755377688844	0	0	17.404478430748
RNA-seq	NONE	Medium	5	3	10	2000	2000	1	1604	396	0.231920199501247	0.310473815461347	0.35286783042394	6.20947630922693	0.288306174447854	0.333547089339764	FALSE	0.27020202020202	0.373737373737374	0.426767676767677	0.242518703241895	0.282828282828283	-0.0444146547747288	0.112423116736136	0.164289879980964	0.0268634342980385	0.350484367009676	1	1300.97866367214	10850.2051909891	0.524762381190595	0	0	17.4186106920242
RNA-seq	NONE	High	5	3	10	2000	2000	1	1604	396	0.177680798004988	0.252493765586035	0.311720698254364	5.0498753117207	0.231841536114524	0.274328680081807	FALSE	0.224747474747475	0.323232323232323	0.393939393939394	0.173316708229426	0.222222222222222	-0.0530327188141212	0.110403118434363	0.149047016478182	0.0274487013985726	0.352994027647056	1	1135.02612321244	10821.3514323211	0.534017008504252	0	0	17.4086797237396
RT-qPCR	SHUTOFF	Very low	5	3	10	2000	2000	1	1604	396	0.0211970074812968	0.0748129675810474	0.127182044887781	1.49625935162095	0.0629290977082992	0.0887285532889234	FALSE	0.186868686868687	0.313131313131313	0.431818181818182	0.00374064837905237	0.0454545454545455	0.0577243489520407	0.117555256704759	0.201664742596363	0.00590235728708629	0.124351478015682	1	320.277293065512	1610.54681193117	0.494247123561781	0	0	17.5053495168686
RT-qPCR	SHUTOFF	Low	5	3	10	2000	2000	1	1604	396	0.00498753117206983	0.0423940149625935	0.0910224438902743	0.84788029925187	0.0335782809340128	0.0533963757110919	TRUE	0.0782828282828283	0.19949494949495	0.320707070707071	0	0	0.0523134807479684	0.121795869149646	0.194063385955343	0.00690187702667087	0.138751354977894	1	334.722452343423	1654.31422831711	0.497748874437219	0	0	17.5501698255539
RT-qPCR	SHUTOFF	Medium	5	3	10	2000	2000	1	1604	396	0.00623441396508728	0.0361596009975062	0.0810473815461347	0.723192019950125	0.0280755948340123	0.0464600244356852	FALSE	0.0303030303030303	0.108585858585859	0.194444444444444	0	0	0.0647034345476198	0.15856096765635	0.241997212143348	0.0079760020893608	0.156572756484378	1	356.394210127103	2056.84134592197	0.500500250125063	0	0	17.4893287420273
RT-qPCR	SHUTOFF	High	5	3	10	2000	2000	1	1604	396	0.0124688279301746	0.0467581047381546	0.100997506234414	0.935162094763092	0.0374648812533079	0.0582171015545819	TRUE	0.0151515151515152	0.0606060606060606	0.126262626262626	0	0	0.0272844857414205	0.151228232049214	0.211016100153404	0.0133221670401584	0.215282459045299	1	407.305051548058	2281.53724860323	0.504502251125563	0	0	17.4921096563339
GAUSS	SHUTOFF	Very low	5	3	10	2000	2000	1	1604	396	0.0155860349127182	0.0660847880299252	0.117206982543641	1.3216957605985	0.054934186778755	0.0793088118928975	FALSE	0.136363636363636	0.26010101010101	0.371212121212121	0	0	0.051194204966912	0.120577681348268	0.182604334254739	0.00483332946811737	0.106549921829738	1	394.622175625861	2655.2031441941	0.495747873936969	0	0	17.4488652944565
GAUSS	SHUTOFF	Low	5	3	10	2000	2000	1	1604	396	0.00810473815461347	0.0386533665835412	0.0804239401496259	0.773067331670823	0.0302689944350469	0.0492422397848135	FALSE	0.047979797979798	0.141414141414141	0.222222222222222	0	0	0.0480699222746217	0.138825946376054	0.198964643325397	0.00594314001959662	0.128932324215037	1	397.349721274568	2611.54861999672	0.497248624312156	0	0	17.4745539426804
GAUSS	SHUTOFF	Medium	5	3	10	2000	2000	1	1604	396	0.00935162094763092	0.0430174563591022	0.0903990024937656	0.860349127182045	0.0341318922411366	0.0540866681415088	TRUE	0.0176767676767677	0.0858585858585859	0.159090909090909	0	0	0.049828439934701	0.157120049414163	0.219953764714518	0.00813612363949308	0.157247481890038	1	418.594106206519	2694.59027759265	0.501750875437719	0	0	17.4473030567169
GAUSS	SHUTOFF	High	5	3	10	2000	2000	1	1604	396	0.00935162094763092	0.0610972568578554	0.13216957605985	1.22194513715711	0.0503919597523083	0.0738998090190183	FALSE	0.0303030303030303	0.095959595959596	0.174242424242424	0	0	0.0601288297600211	0.174303886158055	0.264315938039203	0.013978071515935	0.224942548403097	1	418.466989295736	3055.54682381585	0.507753876938469	0	0	17.4812594652176
RNA-seq	SHUTOFF	Very low	5	3	10	2000	2000	1	1604	396	0.00623441396508728	0.0405236907730673	0.0854114713216958	0.810473815461347	0.0319209081608656	0.0513220372716169	TRUE	0.053030303030303	0.189393939393939	0.300505050505051	0	0	0.0728101523510537	0.144897104780149	0.208068691806089	0.00566784964468967	0.125216753147538	1	399.40338473421	2551.91578179434	0.496748374187094	0	0	17.4594570398331
RNA-seq	SHUTOFF	Low	5	3	10	2000	2000	1	1604	396	0.00810473815461347	0.0405236907730673	0.084788029925187	0.810473815461347	0.0319209081608656	0.0513220372716169	TRUE	0.0277777777777778	0.103535353535354	0.19949494949495	0	0	0.0662621847373512	0.172955598501537	0.248806966128618	0.00859203731391647	0.167352439727779	1	419.043234448684	2928.76868821514	0.500250125062531	0	0	17.4473472833633
RNA-seq	SHUTOFF	Medium	5	3	10	2000	2000	1	1604	396	0.00935162094763092	0.0392768079800499	0.0822942643391521	0.785536159600998	0.0308190033483075	0.0499361346090936	FALSE	0.0353535353535354	0.113636363636364	0.196969696969697	0	0	0.0665974361935801	0.17415336561419	0.249743311868281	0.0118012507606442	0.195118184870148	1	445.260261350138	3135.60977711594	0.502751375687844	0	0	17.4223204851151
RNA-seq	SHUTOFF	High	5	3	10	2000	2000	1	1604	396	0.0143391521197008	0.0523690773067332	0.106608478802993	1.04738154613466	0.0424972747873327	0.0643798416584236	TRUE	0.0277777777777778	0.0808080808080808	0.156565656565657	0	0	0.0643373632621721	0.175127363620636	0.275563722816925	0.0149157781778907	0.225466365144077	1	447.132481912353	3563.28305317883	0.503501750875438	0	0	17.4057629108429
RT-qPCR	NONE	Very low	5	3	20	2000	2000	1	1604	396	0.275561097256858	0.296758104738155	0.314837905236908	5.93516209476309	0.274908852763623	0.3195785287981	FALSE	0.416666666666667	0.487373737373737	0.522727272727273	0.277431421446384	0.441919191919192	-0.0084732872505865	0.105138442973213	0.159727669755717	0.0251177678107073	0.338843956308694	1	1534.39165655341	10140.8997947947	0.496998499249625	0	0	17.4014023542404
RT-qPCR	NONE	Low	5	3	20	2000	2000	1	1604	396	0.296134663341646	0.331670822942643	0.363466334164589	6.63341645885287	0.30905637096997	0.355089619894034	FALSE	0.439393939393939	0.52020202020202	0.573232323232323	0.301745635910224	0.462121212121212	-0.0157852742590205	0.10002074638944	0.145618413843446	0.0253223812550742	0.34609315893029	1	1436.85231598982	9042.36573309861	0.48024012006003	0	0	17.4014363288879
RT-qPCR	NONE	Medium	5	3	20	2000	2000	1	1604	396	0.28428927680798	0.346633416458853	0.378428927680798	6.93266832917706	0.323735323963793	0.370264356601188	FALSE	0.386363636363636	0.454545454545455	0.494949494949495	0.300498753117207	0.398989898989899	-0.0327917139227543	0.108187678408927	0.146706372980567	0.025775118507831	0.34921387121422	1	1346.5545689599	7956.44656117376	0.484992496248124	0	0	17.3824142217636
RT-qPCR	NONE	High	5	3	20	2000	2000	1	1604	396	0.202618453865337	0.281172069825436	0.334164588528678	5.62344139650873	0.259713869908472	0.303675918214732	FALSE	0.262626262626263	0.366161616161616	0.416666666666667	0.204488778054863	0.27020202020202	-0.0681249064109661	0.0974445644815279	0.114944606805882	0.027471140203736	0.355740869250603	1	1076.98971506434	6545.96110829613	0.522011005502751	0	0	17.4153698682785
GAUSS	NONE	Very low	5	3	20	2000	2000	1	1604	396	0.280548628428928	0.309226932668329	0.325436408977556	6.18453865336658	0.287087266901837	0.3322781894107	FALSE	0.431818181818182	0.47979797979798	0.52020202020202	0.288653366583541	0.444444444444444	0.000394742467154654	0.115352806191879	0.218510223115046	0.0249029001606666	0.335329807513407	1	1982.55634108846	17986.4342660872	0.484492246123062	0	0	17.3631646633148
GAUSS	NONE	Low	5	3	20	2000	2000	1	1604	396	0.283665835411471	0.331047381546135	0.36783042394015	6.62094763092269	0.308445309248739	0.354456777877723	FALSE	0.404040404040404	0.467171717171717	0.540404040404041	0.295511221945137	0.424242424242424	-0.00515823026525948	0.114812960814007	0.173583513960466	0.0253634130439517	0.344517263384687	1	1642.38823345629	12564.3688409542	0.482741370685343	0	0	17.4003312587738
GAUSS	NONE	Medium	5	3	20	2000	2000	1	1604	396	0.254364089775561	0.326683291770574	0.379052369077307	6.53366583541147	0.304169153332904	0.350025607630773	FALSE	0.335858585858586	0.434343434343434	0.482323232323232	0.268703241895262	0.358585858585859	-0.040579071532439	0.107659376850965	0.14961143925705	0.0264420697716642	0.349921727542693	1	1388.63016410573	10473.0363955875	0.492996498249125	0	0	17.3867954015732
GAUSS	NONE	High	5	3	20	2000	2000	1	1604	396	0.193890274314214	0.293640897755611	0.347256857855362	5.87281795511222	0.27186732600589	0.316400536868129	FALSE	0.242424242424242	0.343434343434343	0.401515151515151	0.193890274314214	0.242424242424242	-0.0605554902715647	0.106641853314469	0.136919489006643	0.0273423598179632	0.353830215399512	1	1136.22808665774	8291.86079803851	0.534517258629315	0	0	17.3999145030975
RNA-seq	NONE	Very low	5	3	20	2000	2000	1	1604	396	0.291147132169576	0.337905236907731	0.364713216957606	6.75810473815461	0.315169473688208	0.361415554551202	FALSE	0.386363636363636	0.467171717171717	0.505050505050505	0.304239401496259	0.416666666666667	-0.0192529473901043	0.109256342092355	0.173541323034513	0.0253808625608953	0.343287640885314	1	1657.64190974351	12955.0601712482	0.478739369684842	0	0	17.3870666027069
RNA-seq	NONE	Low	5	3	20	2000	2000	1	1604	396	0.269950124688279	0.338528678304239	0.391521197007481	6.77057356608479	0.315781031138598	0.362047900838353	FALSE	0.305555555555556	0.398989898989899	0.434343434343434	0.283665835411471	0.325757575757576	-0.0349845349000356	0.111993356329805	0.159854021737617	0.0263622219686321	0.349831729681512	1	1368.82230952124	11296.4502677816	0.503751875937969	0	0	17.4350023269653
RNA-seq	NONE	Medium	5	3	20	2000	2000	1	1604	396	0.225062344139651	0.309850374064838	0.35785536159601	6.19700748129676	0.287696696731588	0.332912663318489	FALSE	0.252525252525253	0.351010101010101	0.414141414141414	0.230673316708229	0.257575757575758	-0.0596514603622344	0.102325540570354	0.124528266282925	0.0267374116386723	0.35129322632174	1	1270.96315384743	9997.94382462983	0.517008504252126	0	0	17.4051004648209
RNA-seq	NONE	High	5	3	20	2000	2000	1	1604	396	0.182668329177057	0.266832917705736	0.329800498753117	5.33665835411471	0.245763224620485	0.289016777539282	FALSE	0.207070707070707	0.285353535353535	0.335858585858586	0.174563591022444	0.202020202020202	-0.0696285378495527	0.104495022840619	0.123957588716784	0.0274357441757876	0.354062683668806	1	1117.03920662128	10562.4205933726	0.533266633316658	0	0	17.4617023468018
RT-qPCR	SHUTOFF	Very low	5	3	20	2000	2000	1	1604	396	0.147755610972569	0.238154613466334	0.311720698254364	4.76309226932668	0.217950402476422	0.259610027756472	FALSE	0.303030303030303	0.411616161616162	0.494949494949495	0.134663341645885	0.267676767676768	0.0750075781120928	0.159933566829939	0.266701212838995	0.0183471048744116	0.256147841260938	1	392.751172477559	1539.34802755527	0.492246123061531	0	0	17.4891961812973
RT-qPCR	SHUTOFF	Low	5	3	20	2000	2000	1	1604	396	0.071072319201995	0.162718204488778	0.215087281795511	3.25436408977556	0.145464230493656	0.18158384749681	FALSE	0.166666666666667	0.315656565656566	0.434343434343434	0.0355361596009975	0.0833333333333333	0.0573052577427005	0.139149180483608	0.209467439306526	0.0178112056297012	0.250458368308854	1	398.365977874059	1695.71539168415	0.494247123561781	0	0	17.5496720075607
RT-qPCR	SHUTOFF	Medium	5	3	20	2000	2000	1	1604	396	0.0405236907730673	0.107231920199501	0.163341645885287	2.14463840399002	0.0930175445783274	0.123323100771013	FALSE	0.0934343434343434	0.242424242424242	0.343434343434343	0.00623441396508728	0.0252525252525253	0.0473051569830219	0.142529510179986	0.213838716130751	0.0178485171113421	0.246510859134411	1	387.741587272194	1694.07049566054	0.499249624812406	0	0	17.5103176832199
RT-qPCR	SHUTOFF	High	5	3	20	2000	2000	1	1604	396	0.0336658354114713	0.105361596009975	0.177680798004988	2.1072319201995	0.0912679615146269	0.121340972622092	FALSE	0.0808080808080808	0.189393939393939	0.262626262626263	0	0	0.0147612849546074	0.137059574859077	0.19420468694104	0.018627200728546	0.256346572190415	1	399.667623257053	2310.80757031955	0.500250125062531	0	0	17.4548276662827
GAUSS	SHUTOFF	Very low	5	3	20	2000	2000	1	1604	396	0.107231920199501	0.203241895261845	0.276184538653367	4.06483790523691	0.184268499087813	0.2236333218428	FALSE	0.21969696969697	0.398989898989899	0.492424242424242	0.077930174563591	0.166666666666667	0.12708051234969	0.202181747444652	0.35073701766792	0.0187916537778253	0.273722881692019	1	469.493117934666	2268.01465873782	0.491745872936468	0	0	17.4979778528214
GAUSS	SHUTOFF	Low	5	3	20	2000	2000	1	1604	396	0.0579800498753117	0.131546134663342	0.203241895261845	2.63092269326683	0.115881911142245	0.148970979971184	FALSE	0.128787878787879	0.227272727272727	0.330808080808081	0.0261845386533666	0.0454545454545455	0.0624089927501431	0.155106935035478	0.268541894545232	0.0202579275275784	0.28896161478187	1	456.097681740562	2364.53885635053	0.494747373686843	0	0	17.460808634758
GAUSS	SHUTOFF	Medium	5	3	20	2000	2000	1	1604	396	0.0411471321695761	0.109725685785536	0.168329177057357	2.19451371571072	0.0953525432355312	0.125963717063972	FALSE	0.0757575757575758	0.189393939393939	0.29040404040404	0.00872817955112219	0.0328282828282828	0.0522342501609801	0.159566660349553	0.258803636901093	0.0202406669510068	0.277895261803554	1	434.502786360785	2396.49550857447	0.499749874937469	0	0	17.467839717865
GAUSS	SHUTOFF	High	5	3	20	2000	2000	1	1604	396	0.0380299251870324	0.105361596009975	0.170199501246883	2.1072319201995	0.0912679615146269	0.121340972622092	FALSE	0.0757575757575758	0.176767676767677	0.242424242424242	0	0	0.018049552384457	0.150090157346808	0.21688557543154	0.0207412322226813	0.274129069327381	1	420.609104319099	2681.39345196692	0.498749374687344	0	0	17.4438070058823
RNA-seq	SHUTOFF	Very low	5	3	20	2000	2000	1	1604	396	0.0523690773067332	0.130922693266833	0.194513715710723	2.61845386533666	0.11529311365578	0.148315873720108	FALSE	0.113636363636364	0.287878787878788	0.386363636363636	0.0268079800498753	0.0429292929292929	0.0838032088548511	0.164179921090028	0.304335669145339	0.0197914095392173	0.282543698210842	1	448.826281797243	2169.98720572353	0.497248624312156	0	0	17.4393430948257
RNA-seq	SHUTOFF	Low	5	3	20	2000	2000	1	1604	396	0.0430174563591022	0.0960099750623441	0.153366583541147	1.92019950124688	0.0825427449094851	0.111407633164122	FALSE	0.111111111111111	0.207070707070707	0.277777777777778	0.0143391521197008	0.053030303030303	0.0442853670672983	0.151227882317638	0.28802908613334	0.0200838126255569	0.270410425101936	1	427.308538366492	2538.34248289701	0.498749374687344	0	0	17.4134205579758
RNA-seq	SHUTOFF	Medium	5	3	20	2000	2000	1	1604	396	0.0374064837905237	0.10785536159601	0.173316708229426	2.1571072319202	0.093601058661602	0.123983490425279	FALSE	0.0883838383838384	0.189393939393939	0.28030303030303	0.0105985037406484	0.0227272727272727	0.0137210966151555	0.129659244919262	0.183140214770804	0.0206668248235317	0.280231695855187	1	431.949865994477	2801.12685724617	0.496748374187094	0	0	17.4611279964447
RNA-seq	SHUTOFF	High	5	3	20	2000	2000	1	1604	396	0.0542394014962594	0.124688279301746	0.188279301745636	2.49376558603491	0.109412025958255	0.141757924042226	FALSE	0.108585858585859	0.174242424242424	0.262626262626263	0.0211970074812968	0.0429292929292929	0.0363145445131667	0.160076286599064	0.273556619679713	0.0210673433481548	0.284862426564087	1	431.835237632272	3583.73172226952	0.502251125562781	0	0	17.4117655754089
RT-qPCR	NONE	Very low	5	3	50	2000	2000	1	1604	396	0.271197007481297	0.29426433915212	0.30860349127182	5.88528678304239	0.272475531480693	0.317036235130866	FALSE	0.477272727272727	0.53030303030303	0.560606060606061	0.273690773067332	0.494949494949495	0.00554981033593977	0.111984143030264	0.19330764179846	0.0248707955938013	0.33822777589932	1	1541.29258996926	10737.2841146533	0.498249124562281	0	0	17.3645190000534
RT-qPCR	NONE	Low	5	3	50	2000	2000	1	1604	396	0.29426433915212	0.341022443890274	0.377182044887781	6.82044887780549	0.318227707312498	0.364576839614617	FALSE	0.406565656565657	0.47979797979798	0.52020202020202	0.305486284289277	0.431818181818182	-0.0144392065635734	0.114351606947068	0.168811383271001	0.0253176094698534	0.346114604326116	1	1440.36077602325	9473.64847187769	0.47623811905953	0	0	17.3781785964966
RT-qPCR	NONE	Medium	5	3	50	2000	2000	1	1604	396	0.263715710723192	0.314837905236908	0.352244389027431	6.29675810473816	0.292573852692886	0.337986737257517	FALSE	0.356060606060606	0.424242424242424	0.482323232323232	0.27431421446384	0.376262626262626	-0.0306277188172073	0.106070132878881	0.151229591328441	0.025934059021826	0.348188018959757	1	1394.80863832908	8298.65148357523	0.487743871935968	0	0	17.3964749574661
RT-qPCR	NONE	High	5	3	50	2000	2000	1	1604	396	0.217581047381546	0.291770573566085	0.345386533665835	5.8354114713217	0.270043010692952	0.314493140968444	FALSE	0.255050505050505	0.348484848484849	0.411616161616162	0.225062344139651	0.255050505050505	-0.0579637075269929	0.107924773406182	0.131468939925202	0.0273617813223722	0.355256727271048	1	1106.52778797934	6267.68076047367	0.529514757378689	0	0	17.4020209312439
GAUSS	NONE	Very low	5	3	50	2000	2000	1	1604	396	0.305486284289277	0.331047381546135	0.349127182044888	6.62094763092269	0.308445309248739	0.354456777877723	FALSE	0.436868686868687	0.51010101010101	0.563131313131313	0.306733167082294	0.446969696969697	0.0217451014466969	0.124882151766681	0.215123363257532	0.0245476999220269	0.336702583930754	1	2051.49032243355	19099.8129541205	0.479489744872436	0	0	17.3093242645264
GAUSS	NONE	Low	5	3	50	2000	2000	1	1604	396	0.296134663341646	0.345386533665835	0.384663341645885	6.90773067331671	0.322511100086992	0.369000773002908	FALSE	0.363636363636364	0.439393939393939	0.484848484848485	0.30860349127182	0.383838383838384	-0.0143131205658638	0.115913047233536	0.176190902497635	0.025363820715621	0.344926723632278	1	1678.61084447686	12771.8244096001	0.481240620310155	0	0	17.313747048378
GAUSS	NONE	Medium	5	3	50	2000	2000	1	1604	396	0.262468827930175	0.342892768079801	0.384663341645885	6.85785536159601	0.320063181475954	0.366473076663782	FALSE	0.338383838383838	0.416666666666667	0.454545454545455	0.278678304239402	0.353535353535354	-0.0433857414833668	0.106709812387408	0.136555455158359	0.0262502580029918	0.349841304880356	1	1461.80677783306	9995.01426319504	0.500750375187594	0	0	17.3478736877441
GAUSS	NONE	High	5	3	50	2000	2000	1	1604	396	0.185785536159601	0.287406483790524	0.342892768079801	5.74812967581047	0.265788043603446	0.310040781895166	FALSE	0.232323232323232	0.313131313131313	0.381313131313131	0.184538653366584	0.232323232323232	-0.0689251266251281	0.100256943575343	0.121025195963674	0.0274895157471181	0.354005296403075	1	1140.97585347323	8243.12809490587	0.524012006003002	0	0	17.3234881162643
RNA-seq	NONE	Very low	5	3	50	2000	2000	1	1604	396	0.283665835411471	0.329800498753117	0.366583541147132	6.59600997506234	0.307223322207479	0.353190957443902	FALSE	0.404040404040404	0.472222222222222	0.535353535353535	0.297381546134663	0.421717171717172	-0.00278671274762149	0.120576343613263	0.189998274257203	0.0254440958927452	0.345405629289515	1	1731.84302128583	15429.8184002928	0.47623811905953	0	0	17.3674682378769
RNA-seq	NONE	Low	5	3	50	2000	2000	1	1604	396	0.246259351620948	0.321072319201995	0.353491271820449	6.4214463840399	0.298674547352231	0.34432507997358	FALSE	0.308080808080808	0.396464646464646	0.44949494949495	0.261221945137157	0.323232323232323	-0.0406569298020066	0.114977374317912	0.154207705489627	0.0261506054393583	0.348250756673001	1	1405.29698202371	10557.4783082264	0.507753876938469	0	0	17.3549474477768
RNA-seq	NONE	Medium	5	3	50	2000	2000	1	1604	396	0.219451371571072	0.283665835411471	0.335411471321696	5.67331670822943	0.262142919952619	0.306222483120749	FALSE	0.257575757575758	0.351010101010101	0.398989898989899	0.226309226932668	0.27020202020202	-0.0530933502431045	0.108405323875039	0.145722932324008	0.0270178772378629	0.35216905820407	1	1322.71980665042	10479.6581460655	0.510505252626313	0	0	17.3629878759384
RNA-seq	NONE	High	5	3	50	2000	2000	1	1604	396	0.168952618453865	0.246259351620948	0.311720698254364	4.92518703241895	0.225798055678246	0.267933123142678	FALSE	0.204545454545455	0.310606060606061	0.371212121212121	0.160224438902743	0.202020202020202	-0.0719160666859133	0.106644630646229	0.126195625726392	0.0278099532798745	0.353425433395095	1	1134.62440267957	10912.0347765328	0.541270635317659	0	0	17.3721832036972
RT-qPCR	SHUTOFF	Very low	5	3	50	2000	2000	1	1604	396	0.364089775561097	0.427057356608479	0.461970074812968	8.54114713216958	0.403052736958845	0.45141052574889	FALSE	0.47979797979798	0.588383838383838	0.643939393939394	0.384663341645885	0.527777777777778	0.0551959194455295	0.166053731023336	0.26600911539758	0.024277304912038	0.314801790022322	1	857.778111885666	2397.35436526765	0.501750875437719	0	0	17.5029623508453
RT-qPCR	SHUTOFF	Low	5	3	50	2000	2000	1	1604	396	0.281795511221945	0.373441396508728	0.42643391521197	7.46882793017456	0.350097967513865	0.397389573765367	FALSE	0.381313131313131	0.522727272727273	0.570707070707071	0.309226932668329	0.414141414141414	0.0292757282929148	0.138659600301974	0.222942023000138	0.0229259015256381	0.301666422795582	1	736.016977394695	2148.89481280418	0.497748874437219	0	0	17.4858067035675
RT-qPCR	SHUTOFF	Medium	5	3	50	2000	2000	1	1604	396	0.213216957605985	0.30860349127182	0.365336658354115	6.17206982543641	0.28647788503826	0.331643667536737	FALSE	0.308080808080808	0.446969696969697	0.542929292929293	0.222568578553616	0.320707070707071	0.00648853243655983	0.123611548188881	0.166943563744683	0.022143157856813	0.293186357976303	1	603.373179773889	2113.67926605355	0.501750875437719	0	0	17.4958583116531
RT-qPCR	SHUTOFF	High	5	3	50	2000	2000	1	1604	396	0.10286783042394	0.20074812967581	0.271197007481297	4.01496259351621	0.181870892590332	0.221055313390118	FALSE	0.196969696969697	0.330808080808081	0.424242424242424	0.0698254364089776	0.154040404040404	-0.0155153449835734	0.116710250220204	0.148168834787918	0.0219178450948381	0.293001002482216	1	505.498441188469	2383.36662282968	0.505752876438219	0	0	17.5118088722229
GAUSS	SHUTOFF	Very low	5	3	50	2000	2000	1	1604	396	0.341022443890274	0.418952618453865	0.463840399002494	8.37905236907731	0.39502895586316	0.443263558256545	FALSE	0.494949494949495	0.555555555555556	0.595959595959596	0.373441396508728	0.53030303030303	0.0465744077746115	0.158717915030421	0.271127677516776	0.0247721201850374	0.345503185449924	1	1246.11370206522	5121.11850666481	0.500250125062531	0	0	17.4842417240143
GAUSS	SHUTOFF	Low	5	3	50	2000	2000	1	1604	396	0.253117206982544	0.350374064837905	0.39713216957606	7.00748129675811	0.327409048533354	0.374054054456872	FALSE	0.391414141414141	0.5	0.578282828282828	0.268703241895262	0.424242424242424	0.0550896018068839	0.167986436725108	0.317696215799295	0.0238502384997358	0.319212355029609	1	849.014917300309	3560.31932488899	0.500750375187594	0	0	17.5084091424942
GAUSS	SHUTOFF	Medium	5	3	50	2000	2000	1	1604	396	0.189526184538653	0.284912718204489	0.357231920199501	5.69825436408978	0.263357755507529	0.30749545504092	FALSE	0.242424242424242	0.363636363636364	0.429292929292929	0.189526184538653	0.242424242424242	0.00533249131809628	0.131111079937782	0.202968499325369	0.0229017975973307	0.300881866587512	1	697.7876418884	3373.41016255646	0.500250125062531	0	0	17.4843107461929
GAUSS	SHUTOFF	High	5	3	50	2000	2000	1	1604	396	0.127805486284289	0.232543640897756	0.309226932668329	4.65087281795511	0.212523452742941	0.253841843852086	FALSE	0.194444444444444	0.366161616161616	0.44949494949495	0.0978802992518703	0.169191919191919	0.0204186300065663	0.152208559566754	0.24688639834739	0.0228925787188958	0.30492182358406	1	563.521988730591	3142.16509180195	0.508754377188594	0	0	17.4886409044266
RNA-seq	SHUTOFF	Very low	5	3	50	2000	2000	1	1604	396	0.253740648379052	0.36284289276808	0.414588528678304	7.2568578553616	0.339666075296368	0.386675102444672	FALSE	0.391414141414141	0.512626262626263	0.590909090909091	0.276184538653367	0.424242424242424	0.0374988606862448	0.152659362560967	0.292523167354856	0.0237495936078545	0.312823562807713	1	856.181420777338	3663.65174253577	0.499749874937469	0	0	17.508229136467
RNA-seq	SHUTOFF	Low	5	3	50	2000	2000	1	1604	396	0.1714463840399	0.258104738154614	0.326059850374065	5.16209476309227	0.237285608073865	0.280079741760332	FALSE	0.257575757575758	0.401515151515151	0.477272727272727	0.165211970074813	0.255050505050505	0.00873632160012287	0.134864880439042	0.203063642611869	0.0232378724457318	0.302396417100244	1	685.034118123057	3380.10306427073	0.498749374687344	0	0	17.4467967748642
RNA-seq	SHUTOFF	Medium	5	3	50	2000	2000	1	1604	396	0.155860349127182	0.257481296758105	0.321695760598504	5.14962593516209	0.236680483447698	0.279440962648958	FALSE	0.237373737373737	0.411616161616162	0.474747474747475	0.14713216957606	0.232323232323232	0.00782645488209628	0.136797964173661	0.201169085233206	0.0230674270820625	0.300693681513213	1	620.927970719071	3330.69536435841	0.503751875937969	0	0	17.4894027709961
RNA-seq	SHUTOFF	High	5	3	50	2000	2000	1	1604	396	0.140897755610973	0.240648379052369	0.316084788029925	4.81296758104738	0.220363979324526	0.262172065858531	FALSE	0.202020202020202	0.303030303030303	0.416666666666667	0.124688279301746	0.179292929292929	0.0110497927418216	0.138826098616567	0.21991534926284	0.0230999366750006	0.305325603400714	1	575.515742210776	4006.62909331115	0.503251625812907	0	0	17.4686136245728
RT-qPCR	NONE	Very low	5	5	5	2000	2000	1	1604	396	0.309850374064838	0.324189526184539	0.337905236907731	6.48379052369077	0.301726644182463	0.347492501831052	FALSE	0.47979797979798	0.560606060606061	0.593434343434343	0.312967581047382	0.512626262626263	-0.00361786943351734	0.0907588591076412	0.143576318029946	0.024644764962457	0.336695627502747	1	1367.45171857036	9463.25752644112	0.491745872936468	0	0	17.57493019104
RT-qPCR	NONE	Low	5	5	5	2000	2000	1	1604	396	0.31857855361596	0.334788029925187	0.354738154613466	6.69576059850374	0.312112359014717	0.358253150536989	FALSE	0.452020202020202	0.527777777777778	0.570707070707071	0.322319201995012	0.47979797979798	-0.0241290380089015	0.0974311062969057	0.138173499052669	0.0256849535525859	0.344343772576469	1	1272.50364080295	8695.50512978073	0.469984992496248	0	0	17.5667704343796
RT-qPCR	NONE	Medium	5	5	5	2000	2000	1	1604	396	0.325436408977556	0.368453865336658	0.400249376558604	7.36907730673317	0.345187321937494	0.392348989441412	FALSE	0.429292929292929	0.487373737373737	0.547979797979798	0.339152119700748	0.444444444444444	-0.0349248830178457	0.097475954042293	0.139958874830788	0.0260132943743768	0.350056073336583	1	1210.5357225924	6981.61925157395	0.48224112056028	0	0	17.4990477561951
RT-qPCR	NONE	High	5	5	5	2000	2000	1	1604	396	0.265586034912718	0.342269326683292	0.391521197007481	6.84538653366584	0.319451312392626	0.365841042009569	FALSE	0.366161616161616	0.421717171717172	0.45959595959596	0.283042394014963	0.376262626262626	-0.0637203461019248	0.10094227930581	0.127038361611185	0.0272353950475737	0.357320107627167	1	1013.59693857203	6419.92217664611	0.504752376188094	0	0	17.5688401460648
GAUSS	NONE	Very low	5	5	5	2000	2000	1	1604	396	0.324189526184539	0.351620947630923	0.367206982543641	7.03241895261845	0.328633972916377	0.37531693754893	FALSE	0.47979797979798	0.555555555555556	0.603535353535354	0.331670822942643	0.51010101010101	0.00453836234462819	0.101033087646784	0.164246795811403	0.0244547403566966	0.333725067137248	1	1747.60489260397	14325.6626661855	0.479739869934967	0	0	17.4939227104187
GAUSS	NONE	Low	5	5	5	2000	2000	1	1604	396	0.334788029925187	0.372817955112219	0.402743142144638	7.45635910224439	0.349483989878673	0.396759647663019	FALSE	0.494949494949495	0.540404040404041	0.573232323232323	0.349127182044888	0.52020202020202	-0.0103923911865356	0.103727243624708	0.143991201729671	0.0252503500321072	0.345371820524517	1	1470.80330600737	11415.4993410355	0.47223611805903	0	0	17.4847295284271
GAUSS	NONE	Medium	5	5	5	2000	2000	1	1604	396	0.33354114713217	0.387780548628429	0.428304239401496	7.75561097256858	0.364230922516753	0.411866404725916	FALSE	0.398989898989899	0.482323232323232	0.512626262626263	0.349127182044888	0.429292929292929	-0.0410384354622252	0.0944362972496904	0.124755632671566	0.0261686361687189	0.351578360408828	1	1318.64904603539	9794.99693840617	0.482741370685343	0	0	17.4485906362534
GAUSS	NONE	High	5	5	5	2000	2000	1	1604	396	0.25	0.33354114713217	0.396508728179551	6.67082294264339	0.310889828163512	0.356987873913114	FALSE	0.340909090909091	0.416666666666667	0.482323232323232	0.260598503740648	0.363636363636364	-0.0566678668007302	0.100015876816078	0.124380494949787	0.0271741915346215	0.355391919311	1	1047.71320739455	7611.42757810912	0.508504252126063	0	0	17.4857982397079
RNA-seq	NONE	Very low	5	5	5	2000	2000	1	1604	396	0.336034912718205	0.370947630922693	0.400872817955112	7.41895261845387	0.347642308521879	0.39486961780719	FALSE	0.44949494949495	0.53030303030303	0.580808080808081	0.346633416458853	0.482323232323232	-0.0088809578422703	0.106220881158547	0.160459461654569	0.0253921556387258	0.343917241256869	1	1434.97318036719	11734.5082010617	0.479239619809905	0	0	17.4959794282913
RNA-seq	NONE	Low	5	5	5	2000	2000	1	1604	396	0.306109725685786	0.367206982543641	0.405236907730673	7.34413965087282	0.343960081673919	0.391088422229905	FALSE	0.376262626262626	0.454545454545455	0.502525252525253	0.326683291770574	0.398989898989899	-0.0361580618573373	0.105097619614199	0.150412562567885	0.0263384348192083	0.351229935192521	1	1254.54435440996	9896.67464882548	0.491245622811406	0	0	17.4695074558258
RNA-seq	NONE	Medium	5	5	5	2000	2000	1	1604	396	0.286159600997506	0.35286783042394	0.400872817955112	7.0573566084788	0.32985907134944	0.376579646590948	FALSE	0.340909090909091	0.411616161616162	0.44949494949495	0.29925187032419	0.353535353535354	-0.0475882393073163	0.103284739038822	0.124205717354867	0.0267300753933489	0.351449362248772	1	1166.97004507981	9375.03443865928	0.506753376688344	0	0	17.5081558227539
RNA-seq	NONE	High	5	5	5	2000	2000	1	1604	396	0.227556109725686	0.297381546134663	0.347256857855362	5.94763092269327	0.275517307473714	0.320213977825549	FALSE	0.29040404040404	0.383838383838384	0.426767676767677	0.235037406483791	0.300505050505051	-0.0551570853791672	0.109373432619418	0.135779692078429	0.0272882728881392	0.353641509265868	1	1059.36075930048	10018.1064525785	0.52376188094047	0	0	17.460595369339
RT-qPCR	SHUTOFF	Very low	5	5	5	2000	2000	1	1604	396	0	0.0043640897755611	0.00748129675810474	0.0872817955112219	0.00211555978030688	0.00898096887481333	FALSE	0.0606060606060606	0.141414141414141	0.20959595959596	0	0	0.0162386096298598	0.0800906416479032	0.117982868523655	0.00254587939453277	0.0689828058125599	1	339.868302343926	1509.92766123471	0.499249624812406	0	0	17.5425882339478
RT-qPCR	SHUTOFF	Low	5	5	5	2000	2000	1	1604	396	0.000623441396508728	0.00935162094763092	0.0386533665835412	0.187032418952618	0.00567535752507295	0.0153724010303731	FALSE	0.0303030303030303	0.103535353535354	0.189393939393939	0	0	0.0485247526465978	0.132350038272911	0.211862969611741	0.00346920125328262	0.102560241160582	1	342.771007939567	1649.70404236303	0.501750875437719	0	0	17.5817496776581
RT-qPCR	SHUTOFF	Medium	5	5	5	2000	2000	1	1604	396	0.00124688279301746	0.0236907730673317	0.0498753117206983	0.473815461346633	0.017308389968545	0.0323491545503378	FALSE	0.0227272727272727	0.0782828282828283	0.164141414141414	0	0	0.0591959141737809	0.159234809201438	0.220057260361985	0.00548387824280635	0.132251557550793	1	367.606066340705	1782.2833185223	0.505252626313157	0	0	17.5455075502396
RT-qPCR	SHUTOFF	High	5	5	5	2000	2000	1	1604	396	0.00311720698254364	0.0280548628428928	0.0760598503740648	0.561097256857855	0.0210326080036169	0.0373322626780511	FALSE	0.00505050505050505	0.0404040404040404	0.106060606060606	0	0	0.053622987453696	0.173824526873716	0.229007902659288	0.010947364753256	0.195863560798211	1	440.478765144561	2409.61590836002	0.511255627813907	0	0	17.5656136274338
GAUSS	SHUTOFF	Very low	5	5	5	2000	2000	1	1604	396	0.00187032418952618	0.0105985037406484	0.0317955112219451	0.211970074812968	0.00662766525746785	0.0169079007730597	FALSE	0.0429292929292929	0.118686868686869	0.212121212121212	0	0	0.0300959683055466	0.107687383322103	0.154318510142366	0.00220697015170411	0.0808703890675049	1	405.122051041931	2346.59007208277	0.500750375187594	0	0	17.5352222919464
GAUSS	SHUTOFF	Low	5	5	5	2000	2000	1	1604	396	0.00187032418952618	0.0118453865336658	0.0486284289276808	0.236907730673317	0.00759633389028362	0.0184270396153253	FALSE	0.0176767676767677	0.0909090909090909	0.176767676767677	0	0	0.0591481585680347	0.136828215373434	0.189571676353784	0.00348660156434357	0.108151682883796	1	413.065566101347	2387.49680026405	0.503251625812907	0	0	17.5353305339813
GAUSS	SHUTOFF	Medium	5	5	5	2000	2000	1	1604	396	0.00374064837905237	0.027431421446384	0.0760598503740648	0.548628428927681	0.0204972231161435	0.0366237438279838	FALSE	0.00505050505050505	0.0454545454545455	0.118686868686869	0	0	0.0566296289223254	0.170011874274769	0.235202828807998	0.00642490753893959	0.150065658968653	1	438.290254186789	2798.7740829137	0.506253126563282	0	0	17.5250095129013
GAUSS	SHUTOFF	High	5	5	5	2000	2000	1	1604	396	0	0.0261845386533666	0.0804239401496259	0.523690773067332	0.0194296555582806	0.0352035039107652	FALSE	0.00757575757575758	0.0606060606060606	0.131313131313131	0	0	0.0838382695665086	0.205099189729034	0.318078460907942	0.0114210888637002	0.197524579886069	1	464.109432104249	2830.80930204869	0.512256128064032	0	0	17.5093113183975
RNA-seq	SHUTOFF	Very low	5	5	5	2000	2000	1	1604	396	0.00187032418952618	0.0193266832917706	0.0517456359102244	0.386533665835411	0.0136485562156029	0.0273016621404949	FALSE	0.0151515151515152	0.0707070707070707	0.164141414141414	0	0	0.0466583230142955	0.138772982877548	0.191082301443493	0.00338848920199829	0.104608805001588	1	403.181694208626	2395.9401329243	0.502751375687844	0	0	17.4885597229004
RNA-seq	SHUTOFF	Low	5	5	5	2000	2000	1	1604	396	0.00498753117206983	0.0305486284289277	0.0760598503740648	0.610972568578554	0.0231840640780127	0.0401564215538182	FALSE	0.0101010101010101	0.0656565656565657	0.141414141414141	0	0	0.076433136335838	0.180141489362818	0.249192401975277	0.00675904620125482	0.156579899320017	1	453.849827539064	2808.19254356278	0.505252626313157	0	0	17.489826798439
RNA-seq	SHUTOFF	Medium	5	5	5	2000	2000	1	1604	396	0.00561097256857855	0.0324189526184539	0.0798004987531172	0.648379052369077	0.0248072707331981	0.0422649261112549	FALSE	0.0101010101010101	0.0707070707070707	0.141414141414141	0	0	0.067449239522438	0.180491234895282	0.242197484198227	0.00876292482799895	0.176909041726869	1	466.306044423482	3067.44086081512	0.506753376688344	0	0	17.4988669157028
RNA-seq	SHUTOFF	High	5	5	5	2000	2000	1	1604	396	0.00685785536159601	0.0411471321695761	0.0835411471321696	0.822942643391521	0.0324727766361513	0.052014072533872	TRUE	0.00505050505050505	0.0328282828282828	0.0909090909090909	0	0	0.0510095290313135	0.175434751313165	0.235017821921413	0.0121509109264912	0.206015356508373	1	504.461021647241	4107.53558771774	0.510255127563782	0	0	17.4990391731262
RT-qPCR	NONE	Very low	5	5	10	2000	2000	1	1604	396	0.30860349127182	0.321072319201995	0.335411471321696	6.4214463840399	0.298674547352231	0.34432507997358	FALSE	0.436868686868687	0.51010101010101	0.550505050505051	0.309850374064838	0.457070707070707	-0.00311842831520096	0.0901195892202351	0.149319334320038	0.024735216724747	0.335399763255297	1	1440.68658348375	10464.8688640869	0.491745872936468	0	0	17.4805778264999
RT-qPCR	NONE	Low	5	5	10	2000	2000	1	1604	396	0.327930174563591	0.354114713216958	0.378428927680798	7.08229426433915	0.331084343412541	0.377842182002929	FALSE	0.444444444444444	0.512626262626263	0.547979797979798	0.335411471321696	0.45959595959596	-0.0247556362855839	0.0968789611139626	0.132688969452969	0.0254276337503874	0.345329031329467	1	1247.25455734338	8627.40859978852	0.474987493746873	0	0	17.4450231790543
RT-qPCR	NONE	Medium	5	5	10	2000	2000	1	1604	396	0.331670822942643	0.376558603491272	0.407107231920199	7.53117206982544	0.353168482661255	0.400538577305681	FALSE	0.472222222222222	0.517676767676768	0.565656565656566	0.342892768079801	0.494949494949495	-0.0349381790604993	0.0942595433427554	0.123250910688565	0.0258661258435075	0.34936606839128	1	1194.66250156499	7599.42681348351	0.480490245122561	0	0	17.4466712474823
RT-qPCR	NONE	High	5	5	10	2000	2000	1	1604	396	0.266832917705736	0.348503740648379	0.404613466334165	6.97007481296758	0.325571989234361	0.372159402543242	FALSE	0.305555555555556	0.401515151515151	0.441919191919192	0.282418952618454	0.328282828282828	-0.0568064036058488	0.0991845021489532	0.132143547159998	0.0273064392390828	0.356366388005447	1	1016.21598502285	6102.26137954013	0.507753876938469	0	0	17.4392538070679
GAUSS	NONE	Very low	5	5	10	2000	2000	1	1604	396	0.320448877805486	0.338528678304239	0.360972568578554	6.77057356608479	0.315781031138598	0.362047900838353	FALSE	0.505050505050505	0.565656565656566	0.603535353535354	0.322942643391521	0.522727272727273	0.00964967467333276	0.102319159329863	0.167927385831416	0.0246306749603096	0.334711627660967	1	1737.45593398436	14186.2650930042	0.477738869434717	0	0	17.4397171735764
GAUSS	NONE	Low	5	5	10	2000	2000	1	1604	396	0.353491271820449	0.386533665835412	0.411471321695761	7.73067331670823	0.363001103291096	0.410608416476491	FALSE	0.464646464646465	0.53030303030303	0.580808080808081	0.365960099750623	0.487373737373737	-0.0119610184413326	0.10433038687567	0.149996142868193	0.0251733999066901	0.344183649314051	1	1444.06712490968	11716.0161951203	0.466733366683342	0	0	17.4413429498673
GAUSS	NONE	Medium	5	5	10	2000	2000	1	1604	396	0.31359102244389	0.373441396508728	0.410224438902743	7.46882793017456	0.350097967513865	0.397389573765367	FALSE	0.386363636363636	0.452020202020202	0.497474747474748	0.332294264339152	0.406565656565657	-0.0393599348169754	0.104674721503318	0.14032877439748	0.0259807088631255	0.349319275455753	1	1338.71074659797	9746.43203155425	0.480490245122561	0	0	17.4801350831986
GAUSS	NONE	High	5	5	10	2000	2000	1	1604	396	0.259351620947631	0.336034912718205	0.387780548628429	6.72069825436409	0.313335070123868	0.35951824690292	FALSE	0.28030303030303	0.388888888888889	0.426767676767677	0.27930174563591	0.287878787878788	-0.0625248811605542	0.101793646702214	0.123515125276617	0.0272763744532651	0.354750725952075	1	1079.29704775424	7777.77299610772	0.512256128064032	0	0	17.4338939189911
RNA-seq	NONE	Very low	5	5	10	2000	2000	1	1604	396	0.336658354114713	0.378428927680798	0.410224438902743	7.56857855361596	0.355011291836331	0.402427479343227	FALSE	0.452020202020202	0.484848484848485	0.537878787878788	0.348503740648379	0.457070707070707	-0.0240821542704699	0.0947614139346894	0.133285687982388	0.0253529841444487	0.346038846981837	1	1417.31112036723	12435.2897043963	0.47423711855928	0	0	17.4611290693283
RNA-seq	NONE	Low	5	5	10	2000	2000	1	1604	396	0.298004987531172	0.361596009975062	0.394014962593516	7.23192019950125	0.338439599151827	0.385413771114131	FALSE	0.373737373737374	0.441919191919192	0.47979797979798	0.316084788029925	0.391414141414141	-0.0396555057564021	0.100045036666334	0.129620563972019	0.0261095733327995	0.349002926917023	1	1277.69339816343	9804.2982892477	0.478739369684842	0	0	17.4446276426315
RNA-seq	NONE	Medium	5	5	10	2000	2000	1	1604	396	0.257481296758105	0.324812967581047	0.372194513715711	6.49625935162095	0.302337202370259	0.348125847380796	FALSE	0.356060606060606	0.436868686868687	0.47979797979798	0.271197007481297	0.371212121212121	-0.048978248047417	0.101313356724125	0.135178147039993	0.0269686047596234	0.353433680780285	1	1175.97250209461	9143.93695818406	0.502501250625313	0	0	17.4345399141312
RNA-seq	NONE	High	5	5	10	2000	2000	1	1604	396	0.220074812967581	0.293017456359102	0.342892768079801	5.86034912718205	0.271259170654046	0.315764788482432	FALSE	0.275252525252525	0.356060606060606	0.409090909090909	0.227556109725686	0.28030303030303	-0.0536462980353371	0.10410602129226	0.138429256311328	0.0279671061137814	0.355711574813021	1	1061.3462031751	9072.22682619217	0.52776388194097	0	0	17.4617882966995
RT-qPCR	SHUTOFF	Very low	5	5	10	2000	2000	1	1604	396	0.00748129675810474	0.0349127182044888	0.0704488778054863	0.698254364089776	0.0269831040769745	0.0450647077176414	FALSE	0.212121212121212	0.373737373737374	0.492424242424242	0.00124688279301746	0.0454545454545455	0.0610004749349271	0.105789097931628	0.168341632957043	0.00411116628741816	0.088808303935822	1	270.474270513444	1318.3666262236	0.494747373686843	0	0	17.5648018121719
RT-qPCR	SHUTOFF	Low	5	5	10	2000	2000	1	1604	396	0.0043640897755611	0.0305486284289277	0.0635910224438903	0.610972568578554	0.0231840640780127	0.0401564215538182	FALSE	0.0808080808080808	0.252525252525253	0.383838383838384	0	0	0.0444671363038888	0.110135925198757	0.166380043458289	0.0047282843843409	0.100433127223511	1	275.408814765456	1376.34558110832	0.496748374187094	0	0	17.5828433036804
RT-qPCR	SHUTOFF	Medium	5	5	10	2000	2000	1	1604	396	0.00374064837905237	0.0317955112219451	0.0748129675810474	0.635910224438903	0.0242653382789308	0.0415629548279815	FALSE	0.047979797979798	0.194444444444444	0.300505050505051	0	0	0.0535533626076173	0.134046018940935	0.189192345197365	0.00609169914877251	0.124623696630218	1	289.118341577704	1376.36871873645	0.499249624812406	0	0	17.549593091011
RT-qPCR	SHUTOFF	High	5	5	10	2000	2000	1	1604	396	0.0112219451371571	0.0423940149625935	0.100997506234414	0.84788029925187	0.0335782809340128	0.0533963757110919	TRUE	0.0126262626262626	0.095959595959596	0.171717171717172	0	0	0.0441503061187672	0.14931881281124	0.202727354900123	0.0106001988210446	0.185825262249351	1	344.537154024761	1849.99249097094	0.504752376188094	0	0	17.5528204441071
GAUSS	SHUTOFF	Very low	5	5	10	2000	2000	1	1604	396	0.0043640897755611	0.0342892768079801	0.0760598503740648	0.685785536159601	0.0264379727358431	0.0443659353212321	FALSE	0.179292929292929	0.353535353535354	0.464646464646465	0.00124688279301746	0.0454545454545455	0.057787836356321	0.108816271068661	0.16909723411938	0.00337386043421285	0.0850980062694099	1	308.172024153658	1736.35521807809	0.496748374187094	0	0	17.5435575246811
GAUSS	SHUTOFF	Low	5	5	10	2000	2000	1	1604	396	0.00498753117206983	0.036783042394015	0.0704488778054863	0.735660847880299	0.0286229178448472	0.047156605162391	FALSE	0.0656565656565657	0.227272727272727	0.343434343434343	0	0	0.047733259423839	0.115146941874935	0.173668934701041	0.00400798799755763	0.0961995627812098	1	324.0660791158	1916.67847647739	0.497248624312156	0	0	17.5294803380966
GAUSS	SHUTOFF	Medium	5	5	10	2000	2000	1	1604	396	0.00748129675810474	0.0411471321695761	0.0816708229426434	0.822942643391521	0.0324727766361513	0.052014072533872	TRUE	0.0303030303030303	0.138888888888889	0.257575757575758	0	0	0.0693991435312197	0.156381527790919	0.223204124283313	0.00619199770660345	0.126544497907587	1	341.735311560518	1949.59375344334	0.502251125562781	0	0	17.5243043899536
GAUSS	SHUTOFF	High	5	5	10	2000	2000	1	1604	396	0.0155860349127182	0.0511221945137157	0.100374064837905	1.02244389027431	0.0413758137460967	0.0630134952245783	TRUE	0.0303030303030303	0.108585858585859	0.171717171717172	0	0	0.0404453864409551	0.156435513099374	0.212147641223789	0.0112368826885216	0.191070782133165	1	350.468819915326	2110.94594726121	0.506753376688344	0	0	17.5391005277634
RNA-seq	SHUTOFF	Very low	5	5	10	2000	2000	1	1604	396	0.00935162094763092	0.0423940149625935	0.0835411471321696	0.84788029925187	0.0335782809340128	0.0533963757110919	TRUE	0.0934343434343434	0.242424242424242	0.373737373737374	0	0	0.0446122058524704	0.11066274733881	0.167171047647676	0.00407476651345842	0.0968387150400407	1	316.986833743919	1861.24790170205	0.49799899949975	0	0	17.5199630260468
RNA-seq	SHUTOFF	Low	5	5	10	2000	2000	1	1604	396	0.00748129675810474	0.0417705735660848	0.0960099750623441	0.835411471321696	0.0330252383877279	0.0527055145198361	TRUE	0.0606060606060606	0.148989898989899	0.222222222222222	0	0	0.0700163080427838	0.15722363530838	0.233729281387748	0.00666129518700421	0.140137932621223	1	347.532028856014	2168.69815615385	0.500750375187594	0	0	17.5423707962036
RNA-seq	SHUTOFF	Medium	5	5	10	2000	2000	1	1604	396	0.0143391521197008	0.0511221945137157	0.098503740648379	1.02244389027431	0.0413758137460967	0.0630134952245783	TRUE	0.0353535353535354	0.138888888888889	0.22979797979798	0	0	0.0571854686858357	0.152011711540169	0.212158491356551	0.00855886093715039	0.161859015121952	1	371.074199471958	2377.24336326423	0.502251125562781	0	0	17.5668147802353
RNA-seq	SHUTOFF	High	5	5	10	2000	2000	1	1604	396	0.0174563591022444	0.0723192019950125	0.122817955112219	1.44638403990025	0.0606393001637555	0.0860427358833042	FALSE	0.0353535353535354	0.111111111111111	0.189393939393939	0	0	0.0553520797335771	0.167700153604907	0.271631484694732	0.0120919817360301	0.199488285866628	1	390.255611445076	2638.06717290702	0.503751875937969	0	0	17.5420711040497
RT-qPCR	NONE	Very low	5	5	20	2000	2000	1	1604	396	0.309226932668329	0.324812967581047	0.338528678304239	6.49625935162095	0.302337202370259	0.348125847380796	FALSE	0.45959595959596	0.532828282828283	0.580808080808081	0.31359102244389	0.482323232323232	-0.00560040239328304	0.0920944830451606	0.150704869948568	0.0248199523491641	0.339239065802275	1	1411.62765978151	9885.58566525398	0.490995497748874	0	0	17.5435626506805
RT-qPCR	NONE	Low	5	5	20	2000	2000	1	1604	396	0.316708229426434	0.342269326683292	0.371571072319202	6.84538653366584	0.319451312392626	0.365841042009569	FALSE	0.45959595959596	0.522727272727273	0.555555555555556	0.324189526184539	0.467171717171717	-0.0195744419964173	0.098723527850292	0.141829710927583	0.0256376350310843	0.346987782752306	1	1244.81196209359	8447.60392339415	0.478989494747374	0	0	17.5563551187515
RT-qPCR	NONE	Medium	5	5	20	2000	2000	1	1604	396	0.320448877805486	0.368453865336658	0.398379052369077	7.36907730673317	0.345187321937494	0.392348989441412	FALSE	0.439393939393939	0.53030303030303	0.568181818181818	0.332294264339152	0.464646464646465	-0.0270127912922899	0.0961847652377921	0.126630618110128	0.0260893013157862	0.350960640418754	1	1210.9223372876	7949.93533319736	0.467983991995998	0	0	17.5350396633148
RT-qPCR	NONE	High	5	5	20	2000	2000	1	1604	396	0.263715710723192	0.340399002493766	0.387780548628429	6.80798004987531	0.317615971432319	0.363944671757255	FALSE	0.313131313131313	0.409090909090909	0.454545454545455	0.276184538653367	0.330808080808081	-0.0651656188358434	0.0945380162897389	0.112307932525384	0.0272366271536998	0.3562110258098	1	962.129468745857	6278.46508817341	0.509754877438719	0	0	17.5592213869095
GAUSS	NONE	Very low	5	5	20	2000	2000	1	1604	396	0.3285536159601	0.345386533665835	0.359725685785536	6.90773067331671	0.322511100086992	0.369000773002908	FALSE	0.494949494949495	0.553030303030303	0.595959595959596	0.332294264339152	0.53030303030303	0.00160011298961749	0.103698703487412	0.1881946749648	0.0245607094740863	0.33527394262986	1	1730.8631438854	15577.3066364919	0.480490245122561	0	0	17.5378257036209
GAUSS	NONE	Low	5	5	20	2000	2000	1	1604	396	0.329800498753117	0.369077306733167	0.393391521197008	7.38154613466334	0.34580100539287	0.392979209723577	FALSE	0.482323232323232	0.565656565656566	0.608585858585859	0.342269326683292	0.502525252525253	-0.0100803435169297	0.103289198132137	0.149430288708798	0.0252764792949895	0.34372026247891	1	1451.74638790739	12650.0832903159	0.470735367683842	0	0	17.5372271537781
GAUSS	NONE	Medium	5	5	20	2000	2000	1	1604	396	0.330423940149626	0.384039900249377	0.419576059850374	7.68079800498753	0.360541957457081	0.408091947360343	FALSE	0.411616161616162	0.502525252525253	0.537878787878788	0.341022443890274	0.436868686868687	-0.039635202313815	0.0964009793454559	0.122462591477447	0.025961299072577	0.35041142919652	1	1309.87498905875	9850.86705738922	0.483491745872937	0	0	17.5134793519974
GAUSS	NONE	High	5	5	20	2000	2000	1	1604	396	0.26496259351621	0.341022443890274	0.387780548628429	6.82044887780549	0.318227707312498	0.364576839614617	FALSE	0.328282828282828	0.391414141414141	0.431818181818182	0.281172069825436	0.356060606060606	-0.0582679156655825	0.104511936331924	0.137088142483432	0.0272571369443828	0.354811311692254	1	1071.51602942741	8012.10236901632	0.508754377188594	0	0	17.5348429679871
RNA-seq	NONE	Very low	5	5	20	2000	2000	1	1604	396	0.324189526184539	0.360972568578554	0.388403990024938	7.21945137157107	0.337826425118036	0.384783041410381	FALSE	0.467171717171717	0.525252525252525	0.570707070707071	0.3285536159601	0.477272727272727	-0.00723363906049612	0.106851957819921	0.165015752895816	0.0252048100863042	0.343707201407817	1	1453.24332250042	12827.8788478113	0.473986993496748	0	0	17.4851224422455
RNA-seq	NONE	Low	5	5	20	2000	2000	1	1604	396	0.299875311720698	0.361596009975062	0.406483790523691	7.23192019950125	0.338439599151827	0.385413771114131	FALSE	0.363636363636364	0.446969696969697	0.48989898989899	0.316084788029925	0.386363636363636	-0.0444803616171043	0.103859710791762	0.137447774026473	0.0263161247112057	0.350544620121345	1	1212.52750134741	9445.99481049801	0.487493746873437	0	0	17.4683077335358
RNA-seq	NONE	Medium	5	5	20	2000	2000	1	1604	396	0.288653366583541	0.35286783042394	0.403990024937656	7.0573566084788	0.32985907134944	0.376579646590948	FALSE	0.351010101010101	0.411616161616162	0.472222222222222	0.307356608478803	0.363636363636364	-0.0427527118741639	0.104858551036463	0.141708719220529	0.0266302746761549	0.353033241560027	1	1151.57676020815	9456.54220683794	0.505252626313157	0	0	17.5044665336609
RNA-seq	NONE	High	5	5	20	2000	2000	1	1604	396	0.230673316708229	0.316708229426434	0.363466334164589	6.33416458852868	0.294403568183381	0.339888732979645	FALSE	0.267676767676768	0.388888888888889	0.454545454545455	0.236907730673317	0.28030303030303	-0.0487355611212674	0.109981486866089	0.145760512122981	0.0274331638937649	0.353256420430076	1	1064.22335370829	9461.3062559308	0.527263631815908	0	0	17.4331922531128
RT-qPCR	SHUTOFF	Very low	5	5	20	2000	2000	1	1604	396	0.123441396508728	0.230049875311721	0.30860349127182	4.60099750623441	0.210113099313085	0.25127658233178	FALSE	0.376262626262626	0.525252525252525	0.621212121212121	0.111596009975062	0.366161616161616	0.0703834081539096	0.136176574608975	0.226090518217832	0.0154196213290909	0.21522542267673	1	328.281829756581	1085.10225469884	0.492996498249125	0	0	17.5578955411911
RT-qPCR	SHUTOFF	Low	5	5	20	2000	2000	1	1604	396	0.0698254364089776	0.155236907730673	0.243765586034913	3.10473815461347	0.138340720611944	0.173780512528033	FALSE	0.247474747474748	0.426767676767677	0.522727272727273	0.043640897755611	0.146464646464646	0.0507413634344457	0.115037533905227	0.202362535412889	0.0150517973867335	0.21589532871484	1	328.346794975073	1140.98732947257	0.494747373686843	0	0	17.5471293926239
RT-qPCR	SHUTOFF	Medium	5	5	20	2000	2000	1	1604	396	0.0492518703241895	0.122817955112219	0.188902743142145	2.45635910224439	0.107650213594491	0.139788025193368	FALSE	0.171717171717172	0.338383838383838	0.444444444444444	0.0149625935162095	0.0606060606060606	0.0332739516056175	0.112753136236439	0.162262403954609	0.0153326788610993	0.216332524331087	1	320.959999669607	1236.03726501029	0.497248624312156	0	0	17.537740111351
RT-qPCR	SHUTOFF	High	5	5	20	2000	2000	1	1604	396	0.0224438902743142	0.087281795511222	0.157730673316708	1.74563591022444	0.074436557785585	0.102099167962452	FALSE	0.0732323232323232	0.20959595959596	0.29040404040404	0	0	0.00289910814930325	0.115341670792029	0.1551171694074	0.0166451073826845	0.240346699854631	1	315.900100053469	1657.91636375862	0.501750875437719	0	0	17.5594652891159
GAUSS	SHUTOFF	Very low	5	5	20	2000	2000	1	1604	396	0.105985037406484	0.202618453865337	0.278678304239402	4.05236907730673	0.183668987982195	0.222988929210877	FALSE	0.285353535353535	0.446969696969697	0.560606060606061	0.0822942643391521	0.242424242424242	0.0869112444928861	0.151794324201471	0.255183758685888	0.0165766477415758	0.2442572586656	1	374.403984394345	1481.82991918129	0.493746873436718	0	0	17.4944429397583
GAUSS	SHUTOFF	Low	5	5	20	2000	2000	1	1604	396	0.0667082294264339	0.149002493765586	0.239401496259352	2.98004987531172	0.132415371892554	0.167266823872015	FALSE	0.186868686868687	0.356060606060606	0.44949494949495	0.0305486284289277	0.095959595959596	0.0581700605906883	0.130996298415944	0.218827396091271	0.0178015274843237	0.257906718319551	1	359.557824673001	1538.33115353436	0.495247623811906	0	0	17.4783755540848
GAUSS	SHUTOFF	Medium	5	5	20	2000	2000	1	1604	396	0.0417705735660848	0.115960099750623	0.165835411471322	2.31920199501247	0.101200689322623	0.132554608352287	FALSE	0.106060606060606	0.265151515151515	0.366161616161616	0.0149625935162095	0.053030303030303	0.049964998140168	0.142289464697931	0.233573041952301	0.018875911383218	0.266379175459934	1	371.791780852674	1738.70330954546	0.500250125062531	0	0	17.506459236145
GAUSS	SHUTOFF	High	5	5	20	2000	2000	1	1604	396	0.0349127182044888	0.0978802992518703	0.150249376558603	1.95760598503741	0.0842846369280156	0.113397452358214	FALSE	0.0707070707070707	0.194444444444444	0.297979797979798	0	0	0.0265504265319215	0.150484823468375	0.249140426375976	0.0202746410629635	0.275817750308463	1	347.998579690019	1876.32352235663	0.501000500250125	0	0	17.4841747283936
RNA-seq	SHUTOFF	Very low	5	5	20	2000	2000	1	1604	396	0.0667082294264339	0.145261845386534	0.229426433915212	2.90523690773067	0.128865149412697	0.163353623926628	FALSE	0.207070707070707	0.381313131313131	0.515151515151515	0.0386533665835412	0.118686868686869	0.0593371005761978	0.128153884020294	0.221086452416241	0.0176325881156116	0.254433936143716	1	360.53981994438	1598.20750093394	0.496248124062031	0	0	17.4807062149048
RNA-seq	SHUTOFF	Low	5	5	20	2000	2000	1	1604	396	0.0386533665835412	0.105361596009975	0.169576059850374	2.1072319201995	0.0912679615146269	0.121340972622092	FALSE	0.111111111111111	0.27020202020202	0.368686868686869	0.0168329177057357	0.047979797979798	0.0425604872634831	0.139473828191912	0.239874987808314	0.0191618307585247	0.265392495947313	1	360.917702472693	1784.14379878428	0.497748874437219	0	0	17.54152739048
RNA-seq	SHUTOFF	Medium	5	5	20	2000	2000	1	1604	396	0.0417705735660848	0.104114713216958	0.163965087281796	2.08229426433915	0.0901023845666074	0.12001874209503	FALSE	0.101010101010101	0.234848484848485	0.318181818181818	0.00935162094763092	0.0328282828282828	0.0344779298190614	0.146436731521042	0.240437967005504	0.0202272377802606	0.273675054240652	1	368.097650348948	2106.54775936084	0.497248624312156	0	0	17.5109496116638
RNA-seq	SHUTOFF	High	5	5	20	2000	2000	1	1604	396	0.0511221945137157	0.120324189526185	0.178304239401496	2.40648379052369	0.105303001760968	0.137159622076728	FALSE	0.121212121212121	0.242424242424242	0.325757575757576	0.013715710723192	0.053030303030303	0.031105832943475	0.149264544796999	0.245827115372663	0.0200180380158523	0.273398807640014	1	367.76921163196	2313.38267386808	0.499749874937469	0	0	17.4906799793243
RT-qPCR	NONE	Very low	5	5	50	2000	2000	1	1604	396	0.319825436408978	0.334164588528678	0.342892768079801	6.68329177057357	0.311501071025645	0.357620534788522	FALSE	0.492424242424242	0.535353535353535	0.575757575757576	0.327306733167082	0.5	-0.00610383908351367	0.0929399014152716	0.141412994355754	0.0246584042004727	0.338385679548242	1	1411.57177718463	9258.30741397182	0.490495247623812	0	0	17.4726567268372
RT-qPCR	NONE	Low	5	5	50	2000	2000	1	1604	396	0.31857855361596	0.343516209476309	0.36783042394015	6.87032418952618	0.320675094844303	0.367105067032974	FALSE	0.464646464646465	0.522727272727273	0.563131313131313	0.326683291770574	0.47979797979798	-0.0192670384703134	0.0956695600378725	0.128402376889159	0.0255113093253719	0.345209790854969	1	1275.81515261937	9072.09803758552	0.475737868934467	0	0	17.4653031826019
RT-qPCR	NONE	Medium	5	5	50	2000	2000	1	1604	396	0.322942643391521	0.36284289276808	0.39214463840399	7.2568578553616	0.339666075296368	0.386675102444672	FALSE	0.44949494949495	0.494949494949495	0.553030303030303	0.336034912718205	0.46969696969697	-0.0398997834473522	0.0897499426915621	0.115643034110828	0.0259341370000983	0.349537792048779	1	1197.55594039083	7591.02519219754	0.478989494747374	0	0	17.4681904315949
RT-qPCR	NONE	High	5	5	50	2000	2000	1	1604	396	0.260598503740648	0.325436408977556	0.378428927680798	6.50872817955112	0.302947806670195	0.348759146818401	FALSE	0.330808080808081	0.409090909090909	0.46969696969697	0.277431421446384	0.340909090909091	-0.0618121179118486	0.095893929018088	0.11466991290826	0.027248808426249	0.355088422322775	1	1001.44850183839	6150.73381845166	0.513006503251626	0	0	17.4054661989212
GAUSS	NONE	Very low	5	5	50	2000	2000	1	1604	396	0.324812967581047	0.339152119700748	0.349750623441397	6.78304239401496	0.316392633285978	0.362680202428514	FALSE	0.527777777777778	0.583333333333333	0.621212121212121	0.329177057356608	0.542929292929293	0.00371732409160569	0.0999177523404965	0.152928364033083	0.0245111399087414	0.336016488681932	1	1730.21039857563	15174.3226457029	0.481240620310155	0	0	17.4084329605103
GAUSS	NONE	Low	5	5	50	2000	2000	1	1604	396	0.336658354114713	0.369700748129676	0.408977556109726	7.39401496259352	0.346414731004727	0.39360938784926	FALSE	0.45959595959596	0.525252525252525	0.558080808080808	0.350374064837905	0.472222222222222	-0.0147456460750265	0.105138194397919	0.154033461096746	0.0252667999989715	0.346310839535873	1	1485.6405401554	11506.5056843011	0.469734867433717	0	0	17.4129184484482
GAUSS	NONE	Medium	5	5	50	2000	2000	1	1604	396	0.32356608478803	0.373441396508728	0.420199501246883	7.46882793017456	0.350097967513865	0.397389573765367	FALSE	0.398989898989899	0.472222222222222	0.497474747474748	0.335411471321696	0.421717171717172	-0.0357938808931079	0.103946993533965	0.136935208592874	0.0260859629836986	0.350039033042676	1	1278.82460088612	10454.6051640169	0.494997498749375	0	0	17.3875439167023
GAUSS	NONE	High	5	5	50	2000	2000	1	1604	396	0.243765586034913	0.337905236907731	0.379052369077307	6.75810473815461	0.315169473688208	0.361415554551202	FALSE	0.285353535353535	0.393939393939394	0.446969696969697	0.256857855361596	0.297979797979798	-0.0620389886065362	0.103962933000867	0.128546861927344	0.0272579903096097	0.354815168558444	1	1082.38707096961	7991.67127876665	0.515007503751876	0	0	17.418035030365
RNA-seq	NONE	Very low	5	5	50	2000	2000	1	1604	396	0.327930174563591	0.361596009975062	0.382793017456359	7.23192019950125	0.338439599151827	0.385413771114131	FALSE	0.467171717171717	0.535353535353535	0.558080808080808	0.339152119700748	0.482323232323232	-0.0113869267149098	0.105702457483893	0.169853848803143	0.0258149243280567	0.346180892168588	1	1510.58250090543	12457.090726796	0.467733866933467	0	0	17.4286274909973
RNA-seq	NONE	Low	5	5	50	2000	2000	1	1604	396	0.306109725685786	0.363466334164589	0.398379052369077	7.26932668329177	0.34027937731219	0.387305704166391	FALSE	0.426767676767677	0.517676767676768	0.558080808080808	0.326059850374065	0.446969696969697	-0.0258572879364036	0.108084121703828	0.163513775029673	0.026303227972426	0.35098285924409	1	1210.38695261157	9490.01456063216	0.489244622311156	0	0	17.4239233732224
RNA-seq	NONE	Medium	5	5	50	2000	2000	1	1604	396	0.276807980049875	0.334164588528678	0.38216957605985	6.68329177057357	0.311501071025645	0.357620534788522	FALSE	0.361111111111111	0.464646464646465	0.52020202020202	0.288653366583541	0.383838383838384	-0.0422537958864196	0.100484140505036	0.129907501269149	0.0266850243850704	0.351221649213904	1	1128.24697232755	10122.7965989199	0.503751875937969	0	0	17.4217423200607
RNA-seq	NONE	High	5	5	50	2000	2000	1	1604	396	0.21072319201995	0.299875311720698	0.339775561097257	5.99750623441397	0.277951621173501	0.322755279075925	FALSE	0.26010101010101	0.353535353535354	0.411616161616162	0.216957605985037	0.262626262626263	-0.0658231107822254	0.105683863408795	0.153526876457262	0.0273394408977449	0.353136923103762	1	1057.93098045651	9217.99986244732	0.511255627813907	0	0	17.4384299516678
RT-qPCR	SHUTOFF	Very low	5	5	50	2000	2000	1	1604	396	0.408977556109726	0.492518703241895	0.533042394014963	9.8503740648379	0.468099572451642	0.516973582697869	FALSE	0.616161616161616	0.691919191919192	0.724747474747475	0.450124688279302	0.656565656565657	0.039756422457199	0.125523204920895	0.202241240432905	0.0238703933270133	0.311071998181176	1	772.514981628711	1905.98443349305	0.501250625312656	0	0	17.4871647357941
RT-qPCR	SHUTOFF	Low	5	5	50	2000	2000	1	1604	396	0.344763092269327	0.442643391521197	0.511221945137157	8.85286783042394	0.418501642060559	0.467059214085694	FALSE	0.545454545454545	0.676767676767677	0.71969696969697	0.388403990024938	0.606060606060606	0.0152028615456575	0.108410834529325	0.164617272637742	0.0230548672713428	0.295899951945027	1	653.368751437276	1527.14998979639	0.501250625312656	0	0	17.519119143486
RT-qPCR	SHUTOFF	Medium	5	5	50	2000	2000	1	1604	396	0.250623441396509	0.35785536159601	0.435785536159601	7.1571072319202	0.334761197259887	0.381628750580827	FALSE	0.452020202020202	0.595959595959596	0.686868686868687	0.272443890274314	0.46969696969697	0.00403357857743391	0.101099829250729	0.134314366278635	0.0213984868787038	0.283745082849755	1	527.070046204549	1455.01176799054	0.501750875437719	0	0	17.5276039838791
RT-qPCR	SHUTOFF	High	5	5	50	2000	2000	1	1604	396	0.114089775561097	0.220074812967581	0.311097256857855	4.40149625935162	0.20048195942771	0.241005262416503	FALSE	0.207070707070707	0.348484848484849	0.44949494949495	0.0860349127182045	0.156565656565657	-0.0215329071261556	0.101779100334834	0.126989789972552	0.0210645658029203	0.285028073364015	1	418.767975437434	1609.69545442665	0.504252126063031	0	0	17.5013009309769
GAUSS	SHUTOFF	Very low	5	5	50	2000	2000	1	1604	396	0.430174563591022	0.513092269326683	0.561097256857855	10.2618453865337	0.488629614451452	0.537492364036903	FALSE	0.631313131313131	0.707070707070707	0.752525252525253	0.462593516209476	0.671717171717172	0.0601087576761289	0.149955120878844	0.279631894631362	0.0251973922636104	0.343298504580169	1	1090.5983265815	3880.19865444138	0.502251125562781	0	0	17.482793211937
GAUSS	SHUTOFF	Low	5	5	50	2000	2000	1	1604	396	0.307356608478803	0.424563591022444	0.488154613466334	8.49127182044888	0.400583174311689	0.448904473445883	FALSE	0.482323232323232	0.623737373737374	0.684343434343434	0.344139650872818	0.517676767676768	0.0256627370442816	0.129073891837679	0.223613802484113	0.0239379638956655	0.319338185123497	1	797.010497979993	2989.38970519367	0.500250125062531	0	0	17.5153334140778
GAUSS	SHUTOFF	Medium	5	5	50	2000	2000	1	1604	396	0.19139650872818	0.312967581047382	0.400249376558604	6.25935162094763	0.29074456260164	0.336084316136141	FALSE	0.328282828282828	0.482323232323232	0.578282828282828	0.197630922693267	0.335858585858586	0.0201108770020501	0.142012133921355	0.258962164013504	0.0228874103078305	0.298370741533751	1	606.931104575422	2504.88420960381	0.503751875937969	0	0	17.4533247947693
GAUSS	SHUTOFF	High	5	5	50	2000	2000	1	1604	396	0.129052369077307	0.221321695760599	0.297381546134663	4.42643391521197	0.201684937085045	0.242290092234249	FALSE	0.212121212121212	0.351010101010101	0.477272727272727	0.0991271820448878	0.181818181818182	0.00484587156919234	0.134531123887135	0.196859067922588	0.021526222168912	0.286799476359246	1	478.460593063378	2229.55803894916	0.506253126563282	0	0	17.5011295080185
RNA-seq	SHUTOFF	Very low	5	5	50	2000	2000	1	1604	396	0.32356608478803	0.430798004987531	0.502493765586035	8.61596009975062	0.406758254892937	0.455168430240042	FALSE	0.492424242424242	0.606060606060606	0.686868686868687	0.359725685785536	0.537878787878788	0.00877212606239376	0.120151205603138	0.199926565221115	0.0241461916554613	0.325346713586901	1	810.776531757525	2960.55593515998	0.501750875437719	0	0	17.463849902153
RNA-seq	SHUTOFF	Low	5	5	50	2000	2000	1	1604	396	0.214463840399003	0.321695760598504	0.391521197007481	6.43391521197007	0.299284873937233	0.344958657126119	FALSE	0.325757575757576	0.474747474747475	0.565656565656566	0.228179551122195	0.345959595959596	0.00802943236525391	0.126822252404319	0.214118926052892	0.023490404503041	0.304269626040039	1	579.115725776341	2638.23004339311	0.502251125562781	0	0	17.4765024185181
RNA-seq	SHUTOFF	Medium	5	5	50	2000	2000	1	1604	396	0.170199501246883	0.278678304239402	0.367206982543641	5.57356608478803	0.257285653510607	0.301128519662434	FALSE	0.272727272727273	0.431818181818182	0.532828282828283	0.165211970074813	0.265151515151515	0.0124244575309787	0.13444135800886	0.263424558033252	0.0227917462573408	0.294114052385417	1	549.533918463221	2731.60506726925	0.501250625312656	0	0	17.5093543529511
RNA-seq	SHUTOFF	High	5	5	50	2000	2000	1	1604	396	0.152743142144638	0.263092269326683	0.332294264339152	5.26184538653367	0.24212862752543	0.285187952209093	FALSE	0.247474747474748	0.368686868686869	0.464646464646465	0.142768079800499	0.242424242424242	-0.0216188343517715	0.117318073877771	0.148959762112371	0.0228382370670338	0.300658336845545	1	487.938394670388	3072.4928200656	0.502501250625313	0	0	17.5133377313614
RT-qPCR	NONE	Very low	5	10	5	2000	2000	1	1604	396	0.361596009975062	0.371571072319202	0.379675810473815	7.43142144638404	0.348256160339886	0.395499669726724	FALSE	0.540404040404041	0.606060606060606	0.648989898989899	0.365960099750623	0.568181818181818	0.00523141746807002	0.0934312931423214	0.157830777541563	0.024383418307923	0.334494174379689	1	1298.94155741151	8730.1414031488	0.48999499749875	0	0	17.6748484373093
RT-qPCR	NONE	Low	5	10	5	2000	2000	1	1604	396	0.370324189526185	0.389027431421446	0.408354114713217	7.78054862842893	0.365460905558863	0.413124229158887	FALSE	0.568181818181818	0.621212121212121	0.654040404040404	0.380299251870324	0.575757575757576	-0.0112577156834572	0.0861440683959326	0.133792150153596	0.0251308790306457	0.34342210710659	1	1216.49892170965	7873.17183518329	0.479989994997499	0	0	17.6802430152893
RT-qPCR	NONE	Medium	5	10	5	2000	2000	1	1604	396	0.360349127182045	0.400249376558604	0.423316708229426	8.00498753117207	0.3765380786545	0.424437323338983	FALSE	0.532828282828283	0.575757575757576	0.626262626262626	0.372817955112219	0.550505050505051	-0.0218351196528804	0.0949419099427097	0.133785299307655	0.0256776291692268	0.349702181297561	1	1144.18961981096	7644.71907506041	0.470235117558779	0	0	17.7257239818573
RT-qPCR	NONE	High	5	10	5	2000	2000	1	1604	396	0.311097256857855	0.378428927680798	0.422069825436409	7.56857855361596	0.355011291836331	0.402427479343227	FALSE	0.421717171717172	0.47979797979798	0.51010101010101	0.334164588528678	0.434343434343434	-0.0537354026368639	0.0937751578042217	0.116679394085974	0.0268457227253825	0.354909839637439	1	1039.77293496135	6790.92920822417	0.486743371685843	0	0	17.6683442592621
GAUSS	NONE	Very low	5	10	5	2000	2000	1	1604	396	0.386533665835412	0.39713216957606	0.409600997506234	7.9426433915212	0.373459768924288	0.421296114381492	FALSE	0.583333333333333	0.656565656565657	0.696969696969697	0.390274314214464	0.606060606060606	0.0168587687279469	0.0917736736341194	0.156669401876187	0.0241473557494818	0.333075386874797	1	1665.02376462631	12254.6478765099	0.484742371185593	0	0	17.6468329429626
GAUSS	NONE	Low	5	10	5	2000	2000	1	1604	396	0.384663341645885	0.411471321695761	0.435785536159601	8.22942643391521	0.387628304918011	0.435737364351205	FALSE	0.573232323232323	0.636363636363636	0.664141414141414	0.39214463840399	0.585858585858586	-0.0035986101093628	0.097833702701675	0.15590356437334	0.0250495119482143	0.343023516404453	1	1405.3275492861	11425.9890370528	0.471485742871436	0	0	17.6336973905563
GAUSS	NONE	Medium	5	10	5	2000	2000	1	1604	396	0.365336658354115	0.413341645885287	0.445760598503741	8.26683291770573	0.389477932725604	0.437619447756235	FALSE	0.505050505050505	0.585858585858586	0.636363636363636	0.383416458852868	0.545454545454545	-0.0288921239113562	0.0944083677613049	0.129352055260084	0.0258566244374839	0.348167589650143	1	1261.70081908529	9941.42941426965	0.470985492746373	0	0	17.6245307922363
GAUSS	NONE	High	5	10	5	2000	2000	1	1604	396	0.33354114713217	0.393391521197008	0.435162094763092	7.86783042394015	0.369767132154919	0.417525328725617	FALSE	0.411616161616162	0.482323232323232	0.512626262626263	0.346633416458853	0.426767676767677	-0.0425523105327484	0.102140594251659	0.142658452099197	0.0267672182336324	0.354244396443142	1	1100.30150343125	7818.16227877795	0.488244122061031	0	0	17.6628247499466
RNA-seq	NONE	Very low	5	10	5	2000	2000	1	1604	396	0.370324189526185	0.400872817955112	0.425187032418953	8.01745635910224	0.377153861570279	0.425065444160745	FALSE	0.545454545454545	0.601010101010101	0.643939393939394	0.385286783042394	0.563131313131313	-0.0134026042665941	0.0921457856101685	0.134517440711025	0.0249368218439509	0.343296597136965	1	1413.5334351357	11944.3843287671	0.473236618309155	0	0	17.6407523155212
RNA-seq	NONE	Low	5	10	5	2000	2000	1	1604	396	0.345386533665835	0.39214463840399	0.422069825436409	7.8428927680798	0.368536577988225	0.416268075417229	FALSE	0.457070707070707	0.497474747474748	0.53030303030303	0.357231920199501	0.472222222222222	-0.0389972600185369	0.0931969166802436	0.119329245043667	0.0259747740187605	0.347094305387296	1	1286.37700211184	11978.0593439687	0.467733866933467	0	0	17.6388417482376
RNA-seq	NONE	Medium	5	10	5	2000	2000	1	1604	396	0.33354114713217	0.380299251870324	0.425187032418953	7.60598503740648	0.356854474737188	0.404316007654992	FALSE	0.45959595959596	0.517676767676768	0.568181818181818	0.349750623441397	0.474747474747475	-0.0361017224492755	0.0953898355778166	0.127685894538902	0.0261138596539133	0.351068042777884	1	1167.74484792701	9786.63229368813	0.48624312156078	0	0	17.6741369962692
RNA-seq	NONE	High	5	10	5	2000	2000	1	1604	396	0.280548628428928	0.344763092269327	0.38216957605985	6.89526184538653	0.321899054206719	0.36836891514564	FALSE	0.371212121212121	0.429292929292929	0.464646464646465	0.294887780548628	0.386363636363636	-0.0489221630550253	0.0985429117057853	0.124309838820993	0.0267867373049139	0.351930963414719	1	1058.68454057791	11084.2190059053	0.503251625812907	0	0	17.6301717758179
RT-qPCR	SHUTOFF	Very low	5	10	5	2000	2000	1	1604	396	0	0.000623441396508728	0.00124688279301746	0.0124688279301746	0.000110061193549702	0.00352304503632614	FALSE	0.0808080808080808	0.176767676767677	0.292929292929293	0	0	0.0288383994888059	0.061593048255748	0.10121941584467	0.00183110293373943	0.0491134741891248	1	303.550504126308	1314.40990289359	0.500250125062531	0	0	17.8035162687302
RT-qPCR	SHUTOFF	Low	5	10	5	2000	2000	1	1604	396	0	0.00810473815461347	0.0236907730673317	0.162094763092269	0.00474256388910307	0.0138173871912615	FALSE	0.0707070707070707	0.141414141414141	0.252525252525253	0	0	0.0228919834162799	0.0960375801498837	0.134193408085788	0.00243572199625622	0.0741634107555303	1	310.827504086878	1469.4137635024	0.501250625312656	0	0	17.7890677452087
RT-qPCR	SHUTOFF	Medium	5	10	5	2000	2000	1	1604	396	0.0043640897755611	0.0255610972568579	0.0785536159600998	0.511221945137157	0.0188975453078123	0.0344917104236927	FALSE	0.0252525252525253	0.113636363636364	0.212121212121212	0	0	0.0456664318809019	0.139687588534608	0.194164560514093	0.00358355846137275	0.104878576183072	1	347.216543554956	1580.57415308988	0.504252126063031	0	0	17.8460236787796
RT-qPCR	SHUTOFF	High	5	10	5	2000	2000	1	1604	396	0.00561097256857855	0.0305486284289277	0.0716957605985038	0.610972568578554	0.0231840640780127	0.0401564215538182	FALSE	0.00757575757575758	0.0631313131313131	0.118686868686869	0	0	0.0523676656161597	0.173194490718123	0.231144831860467	0.00758909717991148	0.161781133373327	1	392.086369165023	2187.2991613357	0.509754877438719	0	0	17.8495111465454
GAUSS	SHUTOFF	Very low	5	10	5	2000	2000	1	1604	396	0	0.00311720698254364	0.00935162094763092	0.0623441396508728	0.00133219697604609	0.00727652420399266	FALSE	0.0883838383838384	0.179292929292929	0.277777777777778	0	0	0.0256807893399745	0.0787096068328227	0.118170083744512	0.00163869325422911	0.0550293869979539	1	349.931188736898	1846.96700740593	0.500250125062531	0	0	17.8341284990311
GAUSS	SHUTOFF	Low	5	10	5	2000	2000	1	1604	396	0	0.020573566084788	0.0442643391521197	0.411471321695761	0.0146865750598173	0.0287514507713618	FALSE	0.047979797979798	0.133838383838384	0.22979797979798	0	0	0.0269367220909335	0.112224428200594	0.150095738895809	0.00238645371978758	0.0831662671254174	1	369.429915012233	2081.82709596034	0.502751375687844	0	0	17.7964912652969
GAUSS	SHUTOFF	Medium	5	10	5	2000	2000	1	1604	396	0.00623441396508728	0.043640897755611	0.094139650872818	0.87281795511222	0.0346860607006989	0.0547764034194873	TRUE	0.0202020202020202	0.116161616161616	0.169191919191919	0	0	0.0423015828268376	0.147791470660002	0.195274001826049	0.00421867083777748	0.124818332294355	1	402.338131182435	2288.54811838751	0.505252626313157	0	0	17.8112813234329
GAUSS	SHUTOFF	High	5	10	5	2000	2000	1	1604	396	0.00498753117206983	0.0430174563591022	0.0935162094763092	0.860349127182045	0.0341318922411366	0.0540866681415088	TRUE	0.00757575757575758	0.0757575757575758	0.154040404040404	0	0	0.0720168258947317	0.188218871082866	0.259088857967495	0.00829594013737525	0.17431553514848	1	438.29238330559	2431.35922479305	0.511005502751376	0	0	17.8914823532105
RNA-seq	SHUTOFF	Very low	5	10	5	2000	2000	1	1604	396	0.00124688279301746	0.00997506234413965	0.0392768079800499	0.199501246882793	0.00614929101460959	0.0161423712783772	FALSE	0.0404040404040404	0.141414141414141	0.222222222222222	0	0	0.0268557856067438	0.111966099625389	0.151655237808397	0.00238347324548931	0.0814367796517145	1	368.341489255653	1997.61321975888	0.502751375687844	0	0	17.8179502487183
RNA-seq	SHUTOFF	Low	5	10	5	2000	2000	1	1604	396	0.00561097256857855	0.0311720698254364	0.0692019950124688	0.623441396508728	0.0237242612416013	0.0408601281277703	FALSE	0.0227272727272727	0.101010101010101	0.202020202020202	0	0	0.0597628418865949	0.156801662150271	0.206720072599701	0.0043878510355589	0.120772440204703	1	417.157396702159	2501.84111237646	0.504752376188094	0	0	17.8102244138718
RNA-seq	SHUTOFF	Medium	5	10	5	2000	2000	1	1604	396	0.00311720698254364	0.0349127182044888	0.084788029925187	0.698254364089776	0.0269831040769745	0.0450647077176414	FALSE	0.0176767676767677	0.0782828282828283	0.131313131313131	0	0	0.0567590171321863	0.169777847836166	0.225809050496665	0.00624489040325927	0.141601607987276	1	432.063088509321	2856.2314387371	0.506753376688344	0	0	17.8589335680008
RNA-seq	SHUTOFF	High	5	10	5	2000	2000	1	1604	396	0.00685785536159601	0.043640897755611	0.0903990024937656	0.87281795511222	0.0346860607006989	0.0547764034194873	TRUE	0.0353535353535354	0.095959595959596	0.184343434343434	0	0	0.0852000745784528	0.190049767543752	0.26599511625515	0.0093676874877511	0.180287684038018	1	475.255024161117	3392.06603137219	0.508254127063532	0	0	17.8259881734848
RT-qPCR	NONE	Very low	5	10	10	2000	2000	1	1604	396	0.36284289276808	0.372817955112219	0.381546134663342	7.45635910224439	0.349483989878673	0.396759647663019	FALSE	0.555555555555556	0.606060606060606	0.648989898989899	0.366583541147132	0.570707070707071	0.00468709853447575	0.0914280418271355	0.147576527549834	0.024370696662827	0.33493152750959	1	1320.92775800454	9738.02294774905	0.493246623311656	0	0	17.8239476680756
RT-qPCR	NONE	Low	5	10	10	2000	2000	1	1604	396	0.36783042394015	0.389027431421446	0.409600997506234	7.78054862842893	0.365460905558863	0.413124229158887	FALSE	0.553030303030303	0.618686868686869	0.666666666666667	0.377182044887781	0.573232323232323	-0.00711423960693408	0.0938350824058206	0.140633022001673	0.0250770753237298	0.341289201018478	1	1201.73905157984	8546.64555766222	0.478739369684842	0	0	17.8228166103363
RT-qPCR	NONE	Medium	5	10	10	2000	2000	1	1604	396	0.369700748129676	0.406483790523691	0.425810473815461	8.12967581047382	0.38269771541065	0.430716723958241	FALSE	0.52020202020202	0.590909090909091	0.638888888888889	0.381546134663342	0.547979797979798	-0.0296388739217753	0.0865554338672818	0.113709865657542	0.0257020912002725	0.34797357756606	1	1127.0154421734	7762.84666415398	0.467233616808404	0	0	17.8069870471954
RT-qPCR	NONE	High	5	10	10	2000	2000	1	1604	396	0.341022443890274	0.408354114713217	0.450748129675811	8.16708229426434	0.384546387403185	0.432599763178328	FALSE	0.406565656565657	0.464646464646465	0.497474747474748	0.359102244389027	0.421717171717172	-0.0581516341174255	0.0930531190636168	0.116288111474411	0.0267589209044775	0.354671256725748	1	1038.88578550411	6343.74228515003	0.501750875437719	0	0	17.7778751850128
GAUSS	NONE	Very low	5	10	10	2000	2000	1	1604	396	0.377182044887781	0.39214463840399	0.407730673316708	7.8428927680798	0.368536577988225	0.416268075417229	FALSE	0.575757575757576	0.626262626262626	0.684343434343434	0.384663341645885	0.606060606060606	0.018402803601182	0.0993969872023825	0.172159697590506	0.024069635209626	0.332940591361777	1	1635.28417174337	14080.5162080503	0.48624312156078	0	0	17.7644543647766
GAUSS	NONE	Low	5	10	10	2000	2000	1	1604	396	0.380922693266833	0.401496259351621	0.430798004987531	8.02992518703242	0.37776968473616	0.425693524732405	FALSE	0.578282828282828	0.618686868686869	0.651515151515152	0.388403990024938	0.590909090909091	-0.00503150303051898	0.100579163538198	0.155387049520423	0.0253208858239607	0.342944243916898	1	1395.55910517103	12149.4243085421	0.471485742871436	0	0	17.7794162034988
GAUSS	NONE	Medium	5	10	10	2000	2000	1	1604	396	0.380299251870324	0.425187032418953	0.45573566084788	8.50374064837905	0.401200506177093	0.449531045318019	FALSE	0.502525252525253	0.558080808080808	0.585858585858586	0.396508728179551	0.515151515151515	-0.0327096914380019	0.0953265300861246	0.125949655451347	0.0257895845151036	0.349092549413288	1	1270.86863213739	10775.9674126622	0.475737868934467	0	0	17.8358829021454
GAUSS	NONE	High	5	10	10	2000	2000	1	1604	396	0.317955112219451	0.369700748129676	0.415211970074813	7.39401496259352	0.346414731004727	0.39360938784926	FALSE	0.409090909090909	0.48989898989899	0.532828282828283	0.329177057356608	0.434343434343434	-0.0530254521923031	0.093818912550301	0.112804778413547	0.0268315197638347	0.35472892816772	1	1091.03498209707	7725.02580038704	0.494997498749375	0	0	17.7997792959213
RNA-seq	NONE	Very low	5	10	10	2000	2000	1	1604	396	0.374064837905237	0.396508728179551	0.4214463840399	7.93017456359102	0.372844228170727	0.420667751397512	FALSE	0.547979797979798	0.611111111111111	0.641414141414141	0.384663341645885	0.578282828282828	-0.00916441006380387	0.0901864646188619	0.129775744529125	0.0250273803250534	0.341919921273307	1	1394.12284772556	11703.7126262148	0.478489244622311	0	0	17.8191993236542
RNA-seq	NONE	Low	5	10	10	2000	2000	1	1604	396	0.360349127182045	0.407730673316708	0.438902743142145	8.15461346633416	0.383930123472953	0.431972123371019	FALSE	0.472222222222222	0.53030303030303	0.568181818181818	0.377805486284289	0.497474747474748	-0.0221791236409343	0.10614408844645	0.143046334904317	0.0260002181196467	0.349164756686953	1	1255.0470721938	10618.8385787199	0.470735367683842	0	0	17.8170536756516
RNA-seq	NONE	Medium	5	10	10	2000	2000	1	1604	396	0.331670822942643	0.384663341645885	0.418952618453865	7.69326683291771	0.361156682246057	0.408721126308908	FALSE	0.434343434343434	0.5	0.573232323232323	0.349750623441397	0.462121212121212	-0.0361882364441358	0.0985328770678167	0.124206950153439	0.0262082229465187	0.351314104761767	1	1143.07710748819	10670.6954993209	0.48224112056028	0	0	17.823121547699
RNA-seq	NONE	High	5	10	10	2000	2000	1	1604	396	0.286159600997506	0.347256857855362	0.392768079800499	6.94513715710723	0.324347501848608	0.370896082453913	FALSE	0.383838383838384	0.431818181818182	0.46969696969697	0.298004987531172	0.396464646464646	-0.0520320561024411	0.096143053390564	0.124467780435457	0.0271086444124256	0.353596095516267	1	1069.19983386738	9650.23639083243	0.499749874937469	0	0	17.7844457626343
RT-qPCR	SHUTOFF	Very low	5	10	10	2000	2000	1	1604	396	0.00872817955112219	0.0336658354114713	0.0679551122194514	0.673316708229426	0.0258936097056896	0.0436663946138449	FALSE	0.333333333333333	0.542929292929293	0.648989898989899	0.00561097256857855	0.23989898989899	0.0554859584943837	0.0798382621353745	0.149264718724284	0.00284606746148036	0.0671883319321017	1	233.563466226559	1041.09260420803	0.495747873936969	0	0	17.9140536785126
RT-qPCR	SHUTOFF	Low	5	10	10	2000	2000	1	1604	396	0.00685785536159601	0.0442643391521197	0.091645885286783	0.885286783042394	0.0352407751089261	0.0554655927488008	TRUE	0.272727272727273	0.446969696969697	0.542929292929293	0.000623441396508728	0.126262626262626	0.0431874381025524	0.0842804253199141	0.136605916586347	0.00328078344998779	0.0767794031480257	1	237.408556723073	1080.81268642305	0.496748374187094	0	0	17.9044197797775
RT-qPCR	SHUTOFF	Medium	5	10	10	2000	2000	1	1604	396	0.00561097256857855	0.0455112219451372	0.0972568578553616	0.910224438902743	0.0363517988633449	0.0568423764694635	TRUE	0.164141414141414	0.305555555555556	0.406565656565657	0	0	0.0424473858353861	0.106425116951126	0.1647115830517	0.00399204726508898	0.0952291171697472	1	261.140385763513	1263.57857122942	0.498749374687344	0	0	17.9478865861893
RT-qPCR	SHUTOFF	High	5	10	10	2000	2000	1	1604	396	0.0105985037406484	0.0592269326683292	0.115960099750623	1.18453865336658	0.0486941221919436	0.0718659353667609	TRUE	0.0404040404040404	0.148989898989899	0.247474747474748	0	0	0.0429180260614899	0.133926086475287	0.189503164111541	0.00770390094855055	0.15241385321856	1	305.792554327131	1541.94350566146	0.503751875937969	0	0	17.9090827703476
GAUSS	SHUTOFF	Very low	5	10	10	2000	2000	1	1604	396	0.00748129675810474	0.0349127182044888	0.0766832917705736	0.698254364089776	0.0269831040769745	0.0450647077176414	FALSE	0.343434343434343	0.535353535353535	0.654040404040404	0.00187032418952618	0.174242424242424	0.054667011970036	0.081482756664207	0.137234841013298	0.00226893390811407	0.0641992413531753	1	262.1567987539	1494.13645001797	0.496248124062031	0	0	17.8569706678391
GAUSS	SHUTOFF	Low	5	10	10	2000	2000	1	1604	396	0.00623441396508728	0.0392768079800499	0.0928927680798005	0.785536159600998	0.0308190033483075	0.0499361346090936	FALSE	0.207070707070707	0.368686868686869	0.467171717171717	0	0.0707070707070707	0.0352367490217826	0.096052853724834	0.151025868279414	0.00270676683846037	0.0744966176761282	1	275.408354923213	1493.34442072278	0.497248624312156	0	0	17.9099252223969
GAUSS	SHUTOFF	Medium	5	10	10	2000	2000	1	1604	396	0.00997506234413965	0.0610972568578554	0.105361596009975	1.22194513715711	0.0503919597523083	0.0738998090190183	FALSE	0.095959595959596	0.214646464646465	0.305555555555556	0	0	0.0381801665332922	0.119992395205684	0.17353681371137	0.00423667785219495	0.103628851555897	1	304.789918712932	1676.87982974943	0.500250125062531	0	0	17.8894068002701
GAUSS	SHUTOFF	High	5	10	10	2000	2000	1	1604	396	0.0149625935162095	0.0604738154613466	0.112219451371571	1.20947630922693	0.0498256665697151	0.0732221984640708	TRUE	0.0378787878787879	0.106060606060606	0.232323232323232	0	0	0.0449959896516458	0.143087678066106	0.19794229329766	0.00772995282326298	0.148559673079594	1	323.831756147198	1921.49334126666	0.505502751375688	0	0	17.909188747406
RNA-seq	SHUTOFF	Very low	5	10	10	2000	2000	1	1604	396	0.00623441396508728	0.0380299251870324	0.0879052369077307	0.760598503740648	0.0297196337024635	0.0485476967798561	FALSE	0.194444444444444	0.345959595959596	0.477272727272727	0	0.053030303030303	0.0302480241292278	0.0851599718414409	0.12587860247709	0.00277043236377213	0.0727192117406507	1	279.802010727331	1552.56855948292	0.497248624312156	0	0	17.8886194229126
RNA-seq	SHUTOFF	Low	5	10	10	2000	2000	1	1604	396	0.00685785536159601	0.0430174563591022	0.0935162094763092	0.860349127182045	0.0341318922411366	0.0540866681415088	TRUE	0.118686868686869	0.237373737373737	0.340909090909091	0	0	0.052374339651622	0.122422944540415	0.183407717500885	0.00450519128117564	0.101638706284929	1	307.931632256093	1883.94868647901	0.499749874937469	0	0	17.9168219566345
RNA-seq	SHUTOFF	Medium	5	10	10	2000	2000	1	1604	396	0.00997506234413965	0.0467581047381546	0.0928927680798005	0.935162094763092	0.0374648812533079	0.0582171015545819	TRUE	0.0732323232323232	0.181818181818182	0.29040404040404	0	0	0.0672118095733643	0.144426697346217	0.203825618671305	0.00588973219018305	0.128202550940522	1	328.493560825836	2076.36069594505	0.501250625312656	0	0	17.9019004106522
RNA-seq	SHUTOFF	High	5	10	10	2000	2000	1	1604	396	0.0180798004987531	0.077930174563591	0.135286783042394	1.55860349127182	0.065797125106099	0.0920800445788273	FALSE	0.0555555555555556	0.131313131313131	0.222222222222222	0	0	0.057901767601985	0.15494581887395	0.226448466572155	0.00858360884799453	0.16238189355548	1	354.729992282233	2551.86368003638	0.503251625812907	0	0	17.9550294876099
RT-qPCR	NONE	Very low	5	10	20	2000	2000	1	1604	396	0.354738154613466	0.368453865336658	0.376558603491272	7.36907730673317	0.345187321937494	0.392348989441412	FALSE	0.555555555555556	0.628787878787879	0.656565656565657	0.358478802992519	0.580808080808081	0.00539046339195861	0.0897462740502009	0.150409043584554	0.0244626216368229	0.335309798198817	1	1298.93567013061	8848.54695689949	0.488494247123562	0	0	17.9578350782394
RT-qPCR	NONE	Low	5	10	20	2000	2000	1	1604	396	0.360972568578554	0.380299251870324	0.392768079800499	7.60598503740648	0.356854474737188	0.404316007654992	FALSE	0.522727272727273	0.593434343434343	0.646464646464647	0.368453865336658	0.542929292929293	-0.0114250055555137	0.0905032306806393	0.14940941468053	0.0251002559710863	0.341350113030041	1	1220.93454541037	8202.73832158827	0.475987993996999	0	0	17.8675458431244
RT-qPCR	NONE	Medium	5	10	20	2000	2000	1	1604	396	0.372817955112219	0.407730673316708	0.43640897755611	8.15461346633416	0.383930123472953	0.431972123371019	FALSE	0.52020202020202	0.583333333333333	0.618686868686869	0.382793017456359	0.535353535353535	-0.028376459361801	0.0927415804959249	0.128022604510161	0.0255566489216564	0.348143293255296	1	1148.03794687955	7922.27422765859	0.467983991995998	0	0	17.8924632072449
RT-qPCR	NONE	High	5	10	20	2000	2000	1	1604	396	0.327306733167082	0.389027431421446	0.432668329177057	7.78054862842893	0.365460905558863	0.413124229158887	FALSE	0.414141414141414	0.472222222222222	0.517676767676768	0.345386533665835	0.439393939393939	-0.0539864350217819	0.0952308370030756	0.127906197486162	0.026734902896159	0.353628374050584	1	1009.60716135417	6695.40345330037	0.484992496248124	0	0	17.9258048534393
GAUSS	NONE	Very low	5	10	20	2000	2000	1	1604	396	0.365960099750623	0.381546134663342	0.39214463840399	7.63092269326683	0.358083470433816	0.405574819433446	FALSE	0.595959595959596	0.638888888888889	0.696969696969697	0.370324189526185	0.613636363636364	0.0172023907764282	0.0953801015358365	0.159165742735761	0.0241095182290773	0.332307667336643	1	1626.72595270553	13491.7733629394	0.481990995497749	0	0	17.9069172143936
GAUSS	NONE	Low	5	10	20	2000	2000	1	1604	396	0.377182044887781	0.405236907730673	0.425810473815461	8.10473815461347	0.381465467270848	0.429461164622961	FALSE	0.563131313131313	0.621212121212121	0.651515151515152	0.385910224438903	0.588383838383838	-0.00456374642571566	0.0965107064411805	0.147693130383861	0.0250529733201482	0.343953191575165	1	1425.30331786779	11656.1021719566	0.473736868434217	0	0	17.8978445529938
GAUSS	NONE	Medium	5	10	20	2000	2000	1	1604	396	0.375935162094763	0.415835411471322	0.448254364089776	8.31670822942643	0.391944658481119	0.440128336950882	FALSE	0.535353535353535	0.588383838383838	0.618686868686869	0.39214463840399	0.568181818181818	-0.01963065644743	0.10047441341716	0.136902125202101	0.0257860816120158	0.350106335800441	1	1295.8258790553	10883.1556610801	0.466983491745873	0	0	17.861806511879
GAUSS	NONE	High	5	10	20	2000	2000	1	1604	396	0.327306733167082	0.394014962593516	0.433291770573566	7.88029925187032	0.370382470214012	0.418153894404064	FALSE	0.416666666666667	0.487373737373737	0.545454545454545	0.342269326683292	0.439393939393939	-0.0415633221428165	0.101953106026058	0.141161544737381	0.0267217289343116	0.35419960964407	1	1085.97430813544	8516.33065382562	0.484742371185593	0	0	17.9012614488602
RNA-seq	NONE	Very low	5	10	20	2000	2000	1	1604	396	0.38216957605985	0.403990024937656	0.425810473815461	8.07980049875312	0.380233379286684	0.428205445132044	FALSE	0.553030303030303	0.588383838383838	0.626262626262626	0.388403990024938	0.565656565656566	-0.00515411828750225	0.0993554265778541	0.154748664196215	0.0250470061012046	0.342115180303805	1	1355.52536472347	11649.6902671052	0.475737868934467	0	0	17.9021927118301
RNA-seq	NONE	Low	5	10	20	2000	2000	1	1604	396	0.355361596009975	0.389650872817955	0.422069825436409	7.7930174563591	0.366075958421273	0.413753080034018	FALSE	0.464646464646465	0.527777777777778	0.573232323232323	0.370324189526185	0.477272727272727	-0.0342595573810023	0.0948110371998039	0.129596921146915	0.0260308526811066	0.34772388076317	1	1233.56113816783	11750.8383294765	0.479739869934967	0	0	17.8683227300644
RNA-seq	NONE	Medium	5	10	20	2000	2000	1	1604	396	0.330423940149626	0.377182044887781	0.420199501246883	7.54364089775561	0.353782710794237	0.40116825291024	FALSE	0.426767676767677	0.484848484848485	0.542929292929293	0.344139650872818	0.439393939393939	-0.0421241646751115	0.0970983384367981	0.127254246866757	0.0264628019950741	0.351116022125631	1	1159.14413912655	10572.6067948745	0.479739869934967	0	0	17.8941949605942
RNA-seq	NONE	High	5	10	20	2000	2000	1	1604	396	0.282418952618454	0.350374064837905	0.385910224438903	7.00748129675811	0.327409048533354	0.374054054456872	FALSE	0.386363636363636	0.467171717171717	0.512626262626263	0.300498753117207	0.409090909090909	-0.0472059804534509	0.101780385989581	0.137713704248719	0.0268848619788278	0.352591209741561	1	1050.75618081524	9518.56222933345	0.49399699849925	0	0	17.8688476085663
RT-qPCR	SHUTOFF	Very low	5	10	20	2000	2000	1	1604	396	0.14713216957606	0.296134663341646	0.400872817955112	5.92269326683292	0.274300447718517	0.318943030105664	FALSE	0.53030303030303	0.717171717171717	0.792929292929293	0.156483790523691	0.547979797979798	0.0653574279598937	0.0994493852802933	0.160400886093622	0.0129117002392318	0.180628662082455	1	292.622994488875	932.295300313383	0.49399699849925	0	0	17.9778226613998
RT-qPCR	SHUTOFF	Low	5	10	20	2000	2000	1	1604	396	0.0928927680798005	0.21571072319202	0.341645885286783	4.3142144638404	0.196273643879999	0.236506251801428	FALSE	0.404040404040404	0.613636363636364	0.714646464646465	0.0785536159600998	0.366161616161616	0.0523758906195783	0.0918198906844388	0.149756073821209	0.0132303200534629	0.182756965952738	1	291.986292145082	950.988743419014	0.494747373686843	0	0	17.9689242839813
RT-qPCR	SHUTOFF	Medium	5	10	20	2000	2000	1	1604	396	0.0498753117206983	0.161471321695761	0.260598503740648	3.22942643391521	0.144276018607699	0.180284251907685	FALSE	0.287878787878788	0.477272727272727	0.593434343434343	0.0268079800498753	0.217171717171717	0.0310448172070334	0.0934036971474908	0.142521704519304	0.0138194296021068	0.197780505630863	1	290.230554936446	1082.68007610259	0.498749374687344	0	0	17.9707243442535
RT-qPCR	SHUTOFF	High	5	10	20	2000	2000	1	1604	396	0.0473815461346633	0.121571072319202	0.175810473815461	2.43142144638404	0.106476337423942	0.138474093888836	FALSE	0.133838383838384	0.29040404040404	0.388888888888889	0.00997506234413965	0.0303030303030303	0.00864493717299926	0.109646634836094	0.155833760861436	0.0151310642223804	0.218980977472746	1	283.172963654655	1313.88853012037	0.50200100050025	0	0	17.9891363382339
GAUSS	SHUTOFF	Very low	5	10	20	2000	2000	1	1604	396	0.131546134663342	0.278054862842893	0.397755610972569	5.56109725685786	0.256678730463531	0.300491538971969	FALSE	0.484848484848485	0.671717171717172	0.75	0.131546134663342	0.484848484848485	0.0931692433898801	0.126487304559114	0.245891935307308	0.0150319742174174	0.20505208363758	1	327.085369846512	1233.82282457703	0.491745872936468	0	0	17.998178601265
GAUSS	SHUTOFF	Low	5	10	20	2000	2000	1	1604	396	0.0673316708229426	0.200124688279302	0.297381546134663	4.00249376558604	0.181271674277117	0.220410627965793	FALSE	0.358585858585859	0.555555555555556	0.674242424242424	0.0467581047381546	0.287878787878788	0.0593694398138596	0.10734402778003	0.181598122876548	0.0165580542411481	0.234809599248005	1	328.912530906619	1253.70679060957	0.494247123561781	0	0	17.984402179718
GAUSS	SHUTOFF	Medium	5	10	20	2000	2000	1	1604	396	0.0473815461346633	0.131546134663342	0.219451371571072	2.63092269326683	0.115881911142245	0.148970979971184	FALSE	0.222222222222222	0.393939393939394	0.535353535353535	0.0180798004987531	0.095959595959596	0.0418369521055389	0.105558243446437	0.161346608597641	0.0179179188754754	0.253017698939225	1	331.323476752948	1471.69962331638	0.499249624812406	0	0	17.9713451862335
GAUSS	SHUTOFF	High	5	10	20	2000	2000	1	1604	396	0.0374064837905237	0.115960099750623	0.193890274314214	2.31920199501247	0.101200689322623	0.132554608352287	FALSE	0.143939393939394	0.343434343434343	0.446969696969697	0.0105985037406484	0.0303030303030303	0.0574283939711896	0.147104700957695	0.252780524381112	0.0190900264777374	0.259543438047359	1	321.253486546737	1585.23550455046	0.503251625812907	0	0	18.0030560493469
RNA-seq	SHUTOFF	Very low	5	10	20	2000	2000	1	1604	396	0.0754364089775561	0.190149625935162	0.29426433915212	3.80299251870324	0.1716944038038	0.210085438638458	FALSE	0.368686868686869	0.560606060606061	0.671717171717172	0.0523690773067332	0.320707070707071	0.06379018141279	0.10721978129597	0.194001715117514	0.0160419809290109	0.227657655938784	1	317.5172076527	1354.44746404293	0.49399699849925	0	0	17.9360836744308
RNA-seq	SHUTOFF	Low	5	10	20	2000	2000	1	1604	396	0.0492518703241895	0.119700748129676	0.197630922693267	2.39401496259352	0.104716538867656	0.136502181232499	FALSE	0.217171717171717	0.406565656565657	0.532828282828283	0.0224438902743142	0.121212121212121	0.0478723489105155	0.119154402969443	0.192734103479802	0.017574265563747	0.246238723624707	1	327.454186384418	1569.62348763198	0.499249624812406	0	0	17.9451742172241
RNA-seq	SHUTOFF	Medium	5	10	20	2000	2000	1	1604	396	0.0442643391521197	0.128428927680798	0.22568578553616	2.56857855361596	0.112939160496954	0.145694211928771	FALSE	0.154040404040404	0.315656565656566	0.426767676767677	0.0162094763092269	0.0909090909090909	0.0500707422695599	0.129464140976434	0.215954284078804	0.0181751470800867	0.25076404290994	1	340.374994482977	1822.02277018786	0.500250125062531	0	0	17.9963177442551
RNA-seq	SHUTOFF	High	5	10	20	2000	2000	1	1604	396	0.0511221945137157	0.122817955112219	0.180174563591022	2.45635910224439	0.107650213594491	0.139788025193368	FALSE	0.151515151515152	0.29040404040404	0.396464646464646	0.0255610972568579	0.0606060606060606	0.0422807637655717	0.140711536094903	0.224819252957773	0.0191923322027844	0.26160144292393	1	324.197939882612	2036.02901399821	0.500250125062531	0	0	17.9425468444824
RT-qPCR	NONE	Very low	5	10	50	2000	2000	1	1604	396	0.349127182044888	0.360972568578554	0.365960099750623	7.21945137157107	0.337826425118036	0.384783041410381	FALSE	0.558080808080808	0.601010101010101	0.641414141414141	0.354114713216958	0.573232323232323	0.00221347130320042	0.0899498295660144	0.147357541638268	0.0244719834792795	0.335739533135002	1	1299.62455571144	9023.52062405651	0.493746873436718	0	0	17.9612003564835
RT-qPCR	NONE	Low	5	10	50	2000	2000	1	1604	396	0.374064837905237	0.394014962593516	0.412094763092269	7.88029925187032	0.370382470214012	0.418153894404064	FALSE	0.575757575757576	0.633838383838384	0.671717171717172	0.382793017456359	0.603535353535354	-0.00653841677919439	0.0905812167882315	0.138448486495519	0.0250175226842017	0.342848830438564	1	1224.73764861041	8689.65292746146	0.476988494247124	0	0	17.954268693924
RT-qPCR	NONE	Medium	5	10	50	2000	2000	1	1604	396	0.352244389027431	0.389650872817955	0.419576059850374	7.7930174563591	0.366075958421273	0.413753080034018	FALSE	0.517676767676768	0.601010101010101	0.633838383838384	0.362219451371571	0.545454545454545	-0.0239742682961893	0.0894043863214149	0.118589223637985	0.0258239486783387	0.347952943049609	1	1133.02331770412	7789.72317692042	0.47223611805903	0	0	17.9359298944473
RT-qPCR	NONE	High	5	10	50	2000	2000	1	1604	396	0.343516209476309	0.410224438902743	0.44139650872818	8.20448877805486	0.386395418450712	0.434482443343423	FALSE	0.393939393939394	0.46969696969697	0.5	0.363466334164589	0.414141414141414	-0.0581782319567392	0.0915870117426452	0.112924842353466	0.0267297892351666	0.355000237178675	1	1023.42670451209	6392.25732090082	0.493496748374187	0	0	17.9641004800797
GAUSS	NONE	Very low	5	10	50	2000	2000	1	1604	396	0.377805486284289	0.393391521197008	0.407107231920199	7.86783042394015	0.369767132154919	0.417525328725617	FALSE	0.588383838383838	0.621212121212121	0.664141414141414	0.38216957605985	0.601010101010101	0.0144871559806709	0.0905241841576248	0.147573968668589	0.0241757909719037	0.333383454537805	1	1669.509497159	12782.023467034	0.485242621310655	0	0	17.9181613922119
GAUSS	NONE	Low	5	10	50	2000	2000	1	1604	396	0.381546134663342	0.411471321695761	0.434538653366584	8.22942643391521	0.387628304918011	0.435737364351205	FALSE	0.568181818181818	0.631313131313131	0.671717171717172	0.390897755610973	0.595959595959596	-0.00599680430439907	0.0898456593061135	0.134517558997528	0.02500915266088	0.34179784985568	1	1383.128112828	11823.2635657556	0.467983991995998	0	0	17.900839805603
GAUSS	NONE	Medium	5	10	50	2000	2000	1	1604	396	0.374064837905237	0.412718204488778	0.447007481296758	8.25436408977556	0.388861350411454	0.436992126332844	FALSE	0.497474747474748	0.563131313131313	0.595959595959596	0.387780548628429	0.527777777777778	-0.0308246546906744	0.0917827252497157	0.132815555721289	0.0258402395377636	0.34899220587298	1	1249.91854636152	10628.1435774574	0.467483741870935	0	0	17.9049637317657
GAUSS	NONE	High	5	10	50	2000	2000	1	1604	396	0.3285536159601	0.38216957605985	0.422069825436409	7.64339152119701	0.358698030293641	0.406204163311161	FALSE	0.383838383838384	0.477272727272727	0.53030303030303	0.343516209476309	0.411616161616162	-0.052096954793065	0.0973226253348175	0.123180477472216	0.0267987204932035	0.354709929221207	1	1071.86111718411	8300.41682748545	0.493246623311656	0	0	17.8925777673721
RNA-seq	NONE	Very low	5	10	50	2000	2000	1	1604	396	0.378428927680798	0.398379052369077	0.422069825436409	7.96758104738155	0.374690971720067	0.422552719060794	FALSE	0.568181818181818	0.616161616161616	0.643939393939394	0.384663341645885	0.590909090909091	-0.00516167896212178	0.096731441505189	0.148252757234072	0.0252416451739515	0.343272186885493	1	1361.32535043023	12270.6318761341	0.476738369184592	0	0	17.9406780004501
RNA-seq	NONE	Low	5	10	50	2000	2000	1	1604	396	0.360349127182045	0.405860349127182	0.438279301745636	8.11720698254364	0.382081571335951	0.430088964295399	FALSE	0.45959595959596	0.522727272727273	0.563131313131313	0.374064837905237	0.477272727272727	-0.0325006592521915	0.095013135458281	0.122259590561715	0.0257946807914637	0.34943596867502	1	1269.99408704492	11353.3195922816	0.47423711855928	0	0	17.9507367610931
RNA-seq	NONE	Medium	5	10	50	2000	2000	1	1604	396	0.34788029925187	0.390897755610973	0.430798004987531	7.81795511221945	0.36730618665138	0.415010659278993	FALSE	0.462121212121212	0.502525252525253	0.560606060606061	0.36284289276808	0.474747474747475	-0.0294451474188998	0.103384193118569	0.137623084656113	0.0262706101020087	0.350524642492104	1	1185.97078631256	10589.540048677	0.494497248624312	0	0	17.9139248132706
RNA-seq	NONE	High	5	10	50	2000	2000	1	1604	396	0.282418952618454	0.346009975062344	0.390897755610973	6.92019950124688	0.323123190024692	0.369632586802748	FALSE	0.371212121212121	0.436868686868687	0.492424242424242	0.294887780548628	0.388888888888889	-0.0545768198999249	0.0966442685303486	0.117475039191217	0.0270924953412916	0.354806202793021	1	1033.47134834897	10764.2975240936	0.507503751875938	0	0	17.8898874521256
RT-qPCR	SHUTOFF	Very low	5	10	50	2000	2000	1	1604	396	0.52930174563591	0.610349127182045	0.657730673316708	12.2069825436409	0.586246919965982	0.633924041578727	FALSE	0.795454545454545	0.848484848484848	0.871212121212121	0.582917705735661	0.825757575757576	0.0332388588421866	0.102916918596644	0.169303727810367	0.0255228689960821	0.324372714545617	1	709.347435694519	1492.22837427583	0.501750875437719	0	0	18.039176940918
RT-qPCR	SHUTOFF	Low	5	10	50	2000	2000	1	1604	396	0.451371571072319	0.556733167082294	0.610349127182045	11.1346633416459	0.532315342897412	0.580879897218794	FALSE	0.707070707070707	0.792929292929293	0.845959595959596	0.516209476309227	0.76010101010101	0.0239558932863604	0.0931221328654416	0.148000283712855	0.0234118772264362	0.294857891907476	1	611.528882114179	1268.72202807767	0.501250625312656	0	0	18.0335652828217
RT-qPCR	SHUTOFF	Medium	5	10	50	2000	2000	1	1604	396	0.306733167082294	0.442643391521197	0.516209476309227	8.85286783042394	0.418501642060559	0.467059214085694	FALSE	0.618686868686869	0.75	0.795454545454545	0.373441396508728	0.666666666666667	0.0153010749012578	0.0915820835751889	0.134002868579556	0.0216157310976413	0.278972649434275	1	509.149161848252	1172.55249974034	0.501250625312656	0	0	18.0615134239197
RT-qPCR	SHUTOFF	High	5	10	50	2000	2000	1	1604	396	0.144638403990025	0.268079800498753	0.35785536159601	5.36159600997506	0.246975195932798	0.290292613702051	FALSE	0.318181818181818	0.515151515151515	0.633838383838384	0.135286783042394	0.292929292929293	-0.0204244474524295	0.0885945723480897	0.110480201232277	0.0211453341815717	0.287893602514065	1	395.890871599379	1301.754852994	0.502251125562781	0	0	18.0835832357407
GAUSS	SHUTOFF	Very low	5	10	50	2000	2000	1	1604	396	0.544887780548628	0.627805486284289	0.679551122194514	12.5561097256858	0.603870320335645	0.651129945860205	FALSE	0.792929292929293	0.838383838383838	0.858585858585859	0.593516209476309	0.828282828282828	0.032185881438282	0.115170332511984	0.192146358010117	0.0265059728273569	0.350538061671997	1	967.638122789578	3331.3360147481	0.502751375687844	0	0	18.0798715353012
GAUSS	SHUTOFF	Low	5	10	50	2000	2000	1	1604	396	0.412718204488778	0.517456359102244	0.589775561097257	10.3491271820449	0.492989781515914	0.541839523135226	FALSE	0.717171717171717	0.813131313131313	0.845959595959596	0.472568578553616	0.777777777777778	0.0396273935331478	0.125219439841598	0.243869250884549	0.0247784604568471	0.323420457374097	1	782.92912831593	2752.02533364047	0.500750375187594	0	0	18.0819454193115
GAUSS	SHUTOFF	Medium	5	10	50	2000	2000	1	1604	396	0.273067331670823	0.400872817955112	0.498753117206983	8.01745635910224	0.377153861570279	0.425065444160745	FALSE	0.505050505050505	0.654040404040404	0.752525252525253	0.312344139650873	0.532828282828283	0.0166741930166474	0.118897855670899	0.18617529484042	0.0229223071371441	0.298627053617477	1	622.423710650733	2257.32479742595	0.500750375187594	0	0	18.0567493438721
GAUSS	SHUTOFF	High	5	10	50	2000	2000	1	1604	396	0.185162094763092	0.322942643391521	0.407107231920199	6.45885286783042	0.300505666419364	0.346225672119069	FALSE	0.323232323232323	0.53030303030303	0.618686868686869	0.193266832917706	0.333333333333333	0.0329739804724712	0.144901083652337	0.244278781882147	0.0215788503158668	0.277116651380222	1	471.41481399041	1966.33083510366	0.506253126563282	0	0	18.0278339385986
RNA-seq	SHUTOFF	Very low	5	10	50	2000	2000	1	1604	396	0.417705735660848	0.541147132169576	0.606608478802993	10.8229426433915	0.516691788189664	0.565405858488025	FALSE	0.704545454545455	0.792929292929293	0.848484848484848	0.488154613466334	0.755050505050505	0.0437660943344887	0.122833123005365	0.209914129759021	0.0249083182443227	0.324975565621602	1	801.131168271406	2648.08178015262	0.500750375187594	0	0	18.0589646100998
RNA-seq	SHUTOFF	Low	5	10	50	2000	2000	1	1604	396	0.309226932668329	0.417082294264339	0.480673316708229	8.34164588528678	0.393178258894761	0.441382544012322	FALSE	0.497474747474748	0.631313131313131	0.742424242424242	0.347256857855362	0.547979797979798	0.0288061391175954	0.121691122965513	0.202728172138429	0.0237178474779568	0.304017965513004	1	609.604866786023	2404.30498569527	0.501250625312656	0	0	18.0829720497131
RNA-seq	SHUTOFF	Medium	5	10	50	2000	2000	1	1604	396	0.230049875311721	0.366583541147132	0.450748129675811	7.33167082294264	0.343346524955311	0.390458075210973	FALSE	0.421717171717172	0.583333333333333	0.671717171717172	0.25498753117207	0.446969696969697	0.00523437262139633	0.122784451436259	0.212970189308849	0.0234079042989107	0.298993592301231	1	529.454123656006	2451.49633278177	0.501250625312656	0	0	18.0549676418304
RNA-seq	SHUTOFF	High	5	10	50	2000	2000	1	1604	396	0.175187032418953	0.296758104738155	0.372817955112219	5.93516209476309	0.274908852763623	0.3195785287981	FALSE	0.363636363636364	0.487373737373737	0.585858585858586	0.177057356608479	0.368686868686869	0.0251040057829426	0.136137695432299	0.224459240687338	0.0226037715230765	0.286704218753609	1	467.647225765255	2577.02708660254	0.500250125062531	0	0	18.0696476697922
RT-qPCR	NONE	Very low	10	3	5	2000	2000	1	1604	396	0.340399002493766	0.352244389027431	0.364089775561097	7.04488778054863	0.329246500403026	0.375948313799821	FALSE	0.535353535353535	0.580808080808081	0.613636363636364	0.345386533665835	0.547979797979798	0.00308200091239058	0.0968546613523815	0.155485335940879	0.0247451292328832	0.340774263838629	1	1157.55481325925	7800.92820876947	0.475487743871936	0	0	30.1695340871811
RT-qPCR	NONE	Low	10	3	5	2000	2000	1	1604	396	0.382793017456359	0.418329177057357	0.447007481296758	8.36658354114713	0.39441201739395	0.442636592988214	FALSE	0.517676767676768	0.590909090909091	0.623737373737374	0.397755610972569	0.547979797979798	-0.0239734233003481	0.0896907611275733	0.121541800151501	0.0253416187049422	0.350986321246459	1	1015.84037383767	6861.9171717542	0.440220110055027	0	0	30.1698503494263
RT-qPCR	NONE	Medium	10	3	5	2000	2000	1	1604	396	0.394638403990025	0.449501246882793	0.486284289276808	8.99002493765586	0.425306832988056	0.473936964271145	FALSE	0.492424242424242	0.553030303030303	0.613636363636364	0.420199501246883	0.53030303030303	-0.0472291067516914	0.0839969546597444	0.10509850412266	0.026127708319572	0.355671553173601	1	941.765036819197	5467.63815791018	0.441470735367684	0	0	30.1725016832352
RT-qPCR	NONE	High	10	3	5	2000	2000	1	1604	396	0.336658354114713	0.417705735660848	0.47069825436409	8.35411471321696	0.393795118396209	0.442009588248415	FALSE	0.361111111111111	0.482323232323232	0.535353535353535	0.365960099750623	0.391414141414141	-0.0767995290339467	0.09125111107432	0.104704948578478	0.0281097134684206	0.361280868005046	1	729.111145571235	4120.08734581684	0.499249624812406	0	0	30.175400853157
GAUSS	NONE	Very low	10	3	5	2000	2000	1	1604	396	0.363466334164589	0.382793017456359	0.400249376558604	7.65586034912718	0.359312631442956	0.406833465899387	FALSE	0.535353535353535	0.601010101010101	0.621212121212121	0.369700748129676	0.555555555555556	0.00627323767723818	0.0981871416579895	0.14792299112659	0.0239411671062476	0.335643190747237	1	1500.53916759694	12320.5799898232	0.433466733366683	0	0	30.1226086616516
GAUSS	NONE	Low	10	3	5	2000	2000	1	1604	396	0.40211970074813	0.450748129675811	0.481920199501247	9.01496259351621	0.426544641420099	0.475186963314184	FALSE	0.52020202020202	0.580808080808081	0.613636363636364	0.424563591022444	0.542929292929293	-0.0244054115435315	0.0889634441210312	0.116281119359798	0.0253931471651876	0.351073555843927	1	1166.66861422533	8615.05396139148	0.429714857428714	0	0	30.0990614891052
GAUSS	NONE	Medium	10	3	5	2000	2000	1	1604	396	0.390897755610973	0.456982543640898	0.497506234413965	9.13965087281795	0.432735989167472	0.481434652942218	FALSE	0.444444444444444	0.537878787878788	0.580808080808081	0.412094763092269	0.47979797979798	-0.0487910484198285	0.0908658911167029	0.113201963127956	0.0268583643937924	0.356820921180835	1	968.208124531141	6171.92534796958	0.469234617308654	0	0	30.1414792537689
GAUSS	NONE	High	10	3	5	2000	2000	1	1604	396	0.330423940149626	0.422069825436409	0.468827930174564	8.44139650872818	0.398114239427339	0.44639779338007	FALSE	0.340909090909091	0.424242424242424	0.482323232323232	0.36284289276808	0.376262626262626	-0.0816057997497575	0.0945671570844055	0.107813713863862	0.0282673819370111	0.360770243056127	1	732.697233309708	4397.65441025156	0.498749374687344	0	0	30.1134414672852
RNA-seq	NONE	Very low	10	3	5	2000	2000	1	1604	396	0.393391521197008	0.43142144638404	0.459476309226933	8.6284289276808	0.407375977904176	0.455794610966344	FALSE	0.492424242424242	0.553030303030303	0.601010101010101	0.407730673316708	0.512626262626263	-0.0291546070255449	0.0942286445288283	0.120756234532117	0.0254502578292901	0.348904994870979	1	1174.92236480756	8339.76480019157	0.431715857928964	0	0	30.0730155706406
RNA-seq	NONE	Low	10	3	5	2000	2000	1	1604	396	0.361596009975062	0.430798004987531	0.461346633416459	8.61596009975062	0.406758254892937	0.455168430240042	FALSE	0.401515151515151	0.482323232323232	0.52020202020202	0.383416458852868	0.429292929292929	-0.0534694619339095	0.0915326957116281	0.110973139614569	0.0269176921448025	0.356103510390514	1	959.646098081823	6637.84755861565	0.468984492246123	0	0	30.1148303747177
RNA-seq	NONE	Medium	10	3	5	2000	2000	1	1604	396	0.34788029925187	0.433915211970075	0.485037406483791	8.6783042394015	0.409847259735456	0.458298944085227	FALSE	0.391414141414141	0.477272727272727	0.545454545454545	0.380299251870324	0.416666666666667	-0.063721205598968	0.0937774738901386	0.112162165637974	0.0274904776750694	0.360065922990495	1	846.334140354357	5878.94083523908	0.475987993996999	0	0	30.1360663175583
RNA-seq	NONE	High	10	3	5	2000	2000	1	1604	396	0.261221945137157	0.355985037406484	0.409600997506234	7.11970074812968	0.332922576157566	0.379735660470525	FALSE	0.285353535353535	0.376262626262626	0.431818181818182	0.273067331670823	0.300505050505051	-0.0823502505761654	0.0971864914963111	0.109803976001549	0.02852805356088	0.36031651193585	1	756.119422722811	5567.32263164405	0.50600300150075	0	0	30.2061992883682
RT-qPCR	SHUTOFF	Very low	10	3	5	2000	2000	1	1604	396	0.000623441396508728	0.00249376558603491	0.00935162094763092	0.0498753117206983	0.000970190934217108	0.00639462650828092	FALSE	0.227272727272727	0.386363636363636	0.482323232323232	0	0.118686868686869	0.0196961464658821	0.058311942603392	0.0957033317457077	0.00398674157051448	0.0681229774808442	1	246.908202277726	1171.09074578292	0.492246123061531	0	0	33.660365819931
RT-qPCR	SHUTOFF	Low	10	3	5	2000	2000	1	1604	396	0.000623441396508728	0.0105985037406484	0.0380299251870324	0.211970074812968	0.00662766525746785	0.0169079007730597	FALSE	0.0909090909090909	0.212121212121212	0.305555555555556	0	0	0.0156423283936977	0.0823458738103335	0.117184527678282	0.00464900850253468	0.0932049594445167	1	246.637113360069	1189.26413426384	0.495247623811906	0	0	33.6658302545548
RT-qPCR	SHUTOFF	Medium	10	3	5	2000	2000	1	1604	396	0.00498753117206983	0.0236907730673317	0.0704488778054863	0.473815461346633	0.017308389968545	0.0323491545503378	FALSE	0.0606060606060606	0.151515151515152	0.255050505050505	0	0	0.0321325680824725	0.119434939344012	0.162013895582096	0.00627498152304319	0.125403170195698	1	267.49346194268	1394.45717388108	0.497748874437219	0	0	33.7606736421585
RT-qPCR	SHUTOFF	High	10	3	5	2000	2000	1	1604	396	0.00748129675810474	0.0529925187032419	0.104738154613466	1.05985037406484	0.0430586426087527	0.0650623775745445	TRUE	0.0227272727272727	0.0984848484848485	0.154040404040404	0	0	0.0155413956736681	0.134779791338868	0.17004807146858	0.0112682400584297	0.187375301149911	1	300.613469887259	1855.04010928866	0.503251625812907	0	0	33.7196725606918
GAUSS	SHUTOFF	Very low	10	3	5	2000	2000	1	1604	396	0.000623441396508728	0.00685785536159601	0.0249376558603491	0.13715710723192	0.00383361603484408	0.0122385275704391	FALSE	0.151515151515152	0.305555555555556	0.409090909090909	0	0.0580808080808081	0.0155466158564694	0.0703276938366958	0.102323774152712	0.00387926332702055	0.0711350948000233	1	312.418755379908	2026.83615974339	0.492746373186593	0	0	33.6786078214645
GAUSS	SHUTOFF	Low	10	3	5	2000	2000	1	1604	396	0.00311720698254364	0.0211970074812968	0.0536159600997506	0.423940149625935	0.015208007377034	0.0294739221916859	FALSE	0.0808080808080808	0.166666666666667	0.26010101010101	0	0	0.0192282941598474	0.0959074400920893	0.131865601474788	0.0043944717995784	0.0957347305103648	1	301.388432499364	1860.1712488447	0.495747873936969	0	0	33.7551920413971
GAUSS	SHUTOFF	Medium	10	3	5	2000	2000	1	1604	396	0.00810473815461347	0.0342892768079801	0.0773067331670823	0.685785536159601	0.0264379727358431	0.0443659353212321	FALSE	0.0176767676767677	0.123737373737374	0.189393939393939	0	0	0.041238410659095	0.141950735614562	0.188276854809854	0.00661845217943332	0.136988659426089	1	319.584207738747	2021.88039093112	0.497748874437219	0	0	33.751158118248
GAUSS	SHUTOFF	High	10	3	5	2000	2000	1	1604	396	0.00623441396508728	0.0529925187032419	0.101620947630923	1.05985037406484	0.0430586426087527	0.0650623775745445	TRUE	0.0353535353535354	0.108585858585859	0.181818181818182	0	0	0.0349528740939517	0.147617831210528	0.190164170053036	0.0114967032357383	0.189499972314746	1	320.930968157238	1994.9240668296	0.501750875437719	0	0	33.7824323177338
RNA-seq	SHUTOFF	Very low	10	3	5	2000	2000	1	1604	396	0	0.0155860349127182	0.050498753117207	0.311720698254364	0.0105792040269199	0.0229075919039334	FALSE	0.0606060606060606	0.179292929292929	0.297979797979798	0	0	0.0301496560130117	0.10221770973687	0.14828803781142	0.00446162335310601	0.0931007672919131	1	298.200270613178	1904.75075973476	0.495247623811906	0	0	33.9359110593796
RNA-seq	SHUTOFF	Low	10	3	5	2000	2000	1	1604	396	0.00561097256857855	0.0311720698254364	0.0816708229426434	0.623441396508728	0.0237242612416013	0.0408601281277703	FALSE	0.0227272727272727	0.108585858585859	0.174242424242424	0	0	0.0263464584826409	0.124271906561491	0.168364052179146	0.0070678459704812	0.136013063716834	1	308.332192787525	2192.15107530359	0.497748874437219	0	0	33.8436201810837
RNA-seq	SHUTOFF	Medium	10	3	5	2000	2000	1	1604	396	0.0143391521197008	0.0598503740648379	0.11284289276808	1.19700748129676	0.0492597190454059	0.0725442422508392	TRUE	0.0378787878787879	0.106060606060606	0.191919191919192	0	0	0.0535410886365191	0.150167582161197	0.201819530135412	0.00887272377601743	0.168480602975309	1	329.246928716911	2429.33321698865	0.497248624312156	0	0	33.6475263834
RNA-seq	SHUTOFF	High	10	3	5	2000	2000	1	1604	396	0.0187032418952618	0.0635910224438903	0.110972568578554	1.27182044887781	0.0526604931044334	0.0766068906170561	FALSE	0.053030303030303	0.141414141414141	0.227272727272727	0	0	0.0425653398872201	0.146925350295912	0.206690746104486	0.0118828273756899	0.189741438195357	1	322.271485220184	2621.11631726686	0.502751375687844	0	0	33.7381833791733
RT-qPCR	NONE	Very low	10	3	10	2000	2000	1	1604	396	0.325436408977556	0.344763092269327	0.356608478802993	6.89526184538653	0.321899054206719	0.36836891514564	FALSE	0.487373737373737	0.540404040404041	0.558080808080808	0.331670822942643	0.507575757575758	-0.00891332410692921	0.0943859654854805	0.138901092750329	0.0249318825661661	0.342152098407122	1	1160.07476817802	8925.39220777327	0.462731365682841	0	0	30.3230035305023
RT-qPCR	NONE	Low	10	3	10	2000	2000	1	1604	396	0.36783042394015	0.393391521197008	0.417082294264339	7.86783042394015	0.369767132154919	0.417525328725617	FALSE	0.507575757575758	0.570707070707071	0.590909090909091	0.376558603491272	0.532828282828283	-0.0140166766707824	0.0969391412055321	0.140678995603202	0.0254794312147833	0.349052244513551	1	1022.48758762237	7283.32700287539	0.423961980990495	0	0	30.3132447004318
RT-qPCR	NONE	Medium	10	3	10	2000	2000	1	1604	396	0.394014962593516	0.447630922693267	0.476932668329177	8.95261845386534	0.42345040906848	0.472061676978099	FALSE	0.484848484848485	0.553030303030303	0.601010101010101	0.415211970074813	0.517676767676768	-0.0446826726123047	0.089264728491313	0.108440839832839	0.026180059210401	0.355373681017893	1	942.232814306372	5698.2096518438	0.437218609304652	0	0	30.3932584524155
RT-qPCR	NONE	High	10	3	10	2000	2000	1	1604	396	0.331670822942643	0.41645885286783	0.468204488778055	8.32917705735661	0.392561438914646	0.440755460254897	FALSE	0.358585858585859	0.441919191919192	0.487373737373737	0.355985037406484	0.383838383838384	-0.0753925456523083	0.0968939387120759	0.112046463927302	0.0281190557610372	0.361077095294903	1	735.035540199311	4178.86570811297	0.5	0	0	30.3674980401993
GAUSS	NONE	Very low	10	3	10	2000	2000	1	1604	396	0.359102244389027	0.384039900249377	0.401496259351621	7.68079800498753	0.360541957457081	0.408091947360343	FALSE	0.53030303030303	0.593434343434343	0.636363636363636	0.366583541147132	0.542929292929293	0.00264015384520777	0.100923878770164	0.15858334807034	0.0241509835075398	0.337509228456854	1	1468.33524181028	12541.1345783536	0.438469234617309	0	0	30.2493102550507
GAUSS	NONE	Low	10	3	10	2000	2000	1	1604	396	0.381546134663342	0.422069825436409	0.459476309226933	8.44139650872818	0.398114239427339	0.44639779338007	FALSE	0.5	0.570707070707071	0.611111111111111	0.395885286783042	0.535353535353535	-0.0203133737490224	0.0959432134161576	0.126865267842887	0.0254039025654944	0.349533861272355	1	1148.26464364611	8810.57239595628	0.417708854427214	0	0	30.2655808925629
GAUSS	NONE	Medium	10	3	10	2000	2000	1	1604	396	0.395261845386534	0.466957605985037	0.508728179551122	9.33915211970075	0.442650113647039	0.491422988263303	FALSE	0.477272727272727	0.527777777777778	0.573232323232323	0.424563591022444	0.494949494949495	-0.0546925193355922	0.0874497031075198	0.105492216074198	0.0266257867471104	0.357874341659151	1	983.870824208735	6017.43027331971	0.452226113056528	0	0	30.3094608783722
GAUSS	NONE	High	10	3	10	2000	2000	1	1604	396	0.340399002493766	0.420199501246883	0.458852867830424	8.40399002493765	0.396262951117756	0.444517370477031	FALSE	0.333333333333333	0.409090909090909	0.474747474747475	0.364089775561097	0.358585858585859	-0.0809253781316084	0.0972452486865212	0.110546097348789	0.0285167199089726	0.361666477411194	1	767.344131640828	4374.90954025743	0.497748874437219	0	0	30.208194732666
RNA-seq	NONE	Very low	10	3	10	2000	2000	1	1604	396	0.389650872817955	0.428304239401496	0.452618453865337	8.56608478802992	0.404287753247641	0.452663316935176	FALSE	0.517676767676768	0.585858585858586	0.618686868686869	0.405236907730673	0.542929292929293	-0.0178653838619708	0.0951200180294401	0.125080762096936	0.0253938012315613	0.349495521859702	1	1167.56586079027	9875.35868422879	0.434967483741871	0	0	30.3307049274445
RNA-seq	NONE	Low	10	3	10	2000	2000	1	1604	396	0.368453865336658	0.435162094763092	0.47568578553616	8.70324189526185	0.411083134244455	0.459550877051309	FALSE	0.439393939393939	0.51010101010101	0.542929292929293	0.397755610972569	0.47979797979798	-0.0544773954591789	0.0900284979124475	0.109174811537194	0.0266808932665362	0.35683596096069	1	918.292126986492	6739.23450151746	0.473736868434217	0	0	30.2758636474609
RNA-seq	NONE	Medium	10	3	10	2000	2000	1	1604	396	0.31857855361596	0.400249376558604	0.444513715710723	8.00498753117207	0.3765380786545	0.424437323338983	FALSE	0.404040404040404	0.502525252525253	0.560606060606061	0.341022443890274	0.439393939393939	-0.0646246003577586	0.0921472721825303	0.108533700181909	0.0275941997663514	0.358886854913994	1	836.042095891913	5756.5962924151	0.494247123561781	0	0	30.1735066175461
RNA-seq	NONE	High	10	3	10	2000	2000	1	1604	396	0.28927680798005	0.387780548628429	0.438902743142145	7.75561097256858	0.364230922516753	0.411866404725916	FALSE	0.297979797979798	0.371212121212121	0.429292929292929	0.31359102244389	0.323232323232323	-0.0767687477105312	0.0996969293091065	0.1166634173953	0.0284331342116032	0.360848601287348	1	702.290301695636	5468.83175973064	0.500250125062531	0	0	30.2679861783981
RT-qPCR	SHUTOFF	Very low	10	3	10	2000	2000	1	1604	396	0.00623441396508728	0.0236907730673317	0.0486284289276808	0.473815461346633	0.017308389968545	0.0323491545503378	FALSE	0.232323232323232	0.383838383838384	0.502525252525253	0	0.116161616161616	0.0311136050400649	0.0798972017457223	0.127378381868974	0.00621681624514394	0.104454901832664	1	225.773208524343	1154.5744355102	0.487743871935968	0	0	33.7181787490845
RT-qPCR	SHUTOFF	Low	10	3	10	2000	2000	1	1604	396	0.00623441396508728	0.0236907730673317	0.057356608478803	0.473815461346633	0.017308389968545	0.0323491545503378	FALSE	0.128787878787879	0.27020202020202	0.383838383838384	0	0	0.0197282170117666	0.0941448076171399	0.1375309527664	0.00668791056015861	0.118155705973955	1	222.518426076944	1219.2203054351	0.489244622311156	0	0	33.8615034818649
RT-qPCR	SHUTOFF	Medium	10	3	10	2000	2000	1	1604	396	0.00748129675810474	0.0324189526184539	0.0704488778054863	0.648379052369077	0.0248072707331981	0.0422649261112549	FALSE	0.0757575757575758	0.204545454545455	0.320707070707071	0	0	0.0188643506602959	0.0986717810469583	0.135195380892786	0.00814146364807201	0.143976514839604	1	234.771972555113	1294.67396538369	0.49399699849925	0	0	33.7311584949493
RT-qPCR	SHUTOFF	High	10	3	10	2000	2000	1	1604	396	0.0149625935162095	0.0617206982543641	0.104738154613466	1.23441396508728	0.0509585937057705	0.0745770788030968	FALSE	0.0681818181818182	0.169191919191919	0.265151515151515	0	0	0.00380008973112018	0.106799005396286	0.131236220090205	0.0128641993907277	0.215098935541639	1	253.29272885731	1526.69869121724	0.497498749374687	0	0	33.7137835025787
GAUSS	SHUTOFF	Very low	10	3	10	2000	2000	1	1604	396	0.00748129675810474	0.0261845386533666	0.0455112219451372	0.523690773067332	0.0194296555582806	0.0352035039107652	FALSE	0.184343434343434	0.335858585858586	0.446969696969697	0.00187032418952618	0.0631313131313131	0.028436336413698	0.0893219966705223	0.141347306753241	0.0054992634791925	0.0967179736241946	1	260.225388512899	1747.99251117426	0.487743871935968	0	0	33.6745874881744
GAUSS	SHUTOFF	Low	10	3	10	2000	2000	1	1604	396	0.00685785536159601	0.0261845386533666	0.0617206982543641	0.523690773067332	0.0194296555582806	0.0352035039107652	FALSE	0.095959595959596	0.224747474747475	0.338383838383838	0	0	0.0407992395557273	0.115149272044477	0.167485286038786	0.00576524319463107	0.105907834067517	1	259.722678731237	1580.07384975052	0.490245122561281	0	0	33.6091142892838
GAUSS	SHUTOFF	Medium	10	3	10	2000	2000	1	1604	396	0.0143391521197008	0.0467581047381546	0.091645885286783	0.935162094763092	0.0374648812533079	0.0582171015545819	TRUE	0.0580808080808081	0.181818181818182	0.287878787878788	0	0	0.0507581399318375	0.137830698376172	0.200142863451072	0.00777979476344438	0.142551167870848	1	267.987278872863	1812.02111878437	0.494247123561781	0	0	33.6213428974152
GAUSS	SHUTOFF	High	10	3	10	2000	2000	1	1604	396	0.0249376558603491	0.0716957605985038	0.125311720698254	1.43391521197008	0.0600675180519462	0.0853706142575728	FALSE	0.0606060606060606	0.154040404040404	0.25	0	0	0.0381487737271088	0.14632438451909	0.2033466021619	0.0126030552818238	0.204099686129622	1	269.905873818002	1755.98339573641	0.496248124062031	0	0	33.6037205457687
RNA-seq	SHUTOFF	Very low	10	3	10	2000	2000	1	1604	396	0.00187032418952618	0.0255610972568579	0.0635910224438903	0.511221945137157	0.0188975453078123	0.0344917104236927	FALSE	0.106060606060606	0.22979797979798	0.323232323232323	0	0	0.0352035483049587	0.110880825708389	0.163263037271548	0.0058021648990405	0.106487374552766	1	261.640850078851	1607.87674709906	0.489744872436218	0	0	33.5601480007172
RNA-seq	SHUTOFF	Low	10	3	10	2000	2000	1	1604	396	0.0174563591022444	0.057356608478803	0.0947630922693267	1.14713216957606	0.0469994877566294	0.0698288585894528	TRUE	0.0681818181818182	0.143939393939394	0.257575757575758	0	0	0.047923645563715	0.140175279234399	0.204970614299325	0.00810319487786433	0.148181582536665	1	280.705930047808	1852.47674609365	0.492246123061531	0	0	33.55883705616
RNA-seq	SHUTOFF	Medium	10	3	10	2000	2000	1	1604	396	0.0236907730673317	0.0635910224438903	0.10785536159601	1.27182044887781	0.0526604931044334	0.0766068906170561	FALSE	0.0757575757575758	0.166666666666667	0.21969696969697	0.00561097256857855	0.0277777777777778	0.0324132384538051	0.138554367094148	0.183061759843097	0.0100286948524664	0.168876601684771	1	278.748651533727	1978.72665544076	0.492996498249125	0	0	33.5713945627213
RNA-seq	SHUTOFF	High	10	3	10	2000	2000	1	1604	396	0.0561097256857855	0.111596009975062	0.175187032418953	2.23192019950125	0.0971054168812675	0.127942554630858	FALSE	0.108585858585859	0.222222222222222	0.292929292929293	0.0199501246882793	0.0328282828282828	0.0417186692373461	0.152892193736612	0.216772070006612	0.0133845149820213	0.208762293223632	1	288.122049902886	2353.32571017589	0.492746373186593	0	0	33.5657764673233
RT-qPCR	NONE	Very low	10	3	20	2000	2000	1	1604	396	0.339775561097257	0.35785536159601	0.369077306733167	7.1571072319202	0.334761197259887	0.381628750580827	FALSE	0.505050505050505	0.563131313131313	0.595959595959596	0.344139650872818	0.52020202020202	-0.00254630607734328	0.0937491005854201	0.143982373053819	0.0246324813366545	0.341580894112378	1	1174.27001465863	8037.87909109578	0.461230615307654	0	0	30.1712107658386
RT-qPCR	NONE	Low	10	3	20	2000	2000	1	1604	396	0.382793017456359	0.417705735660848	0.437655860349127	8.35411471321696	0.393795118396209	0.442009588248415	FALSE	0.505050505050505	0.558080808080808	0.595959595959596	0.393391521197008	0.52020202020202	-0.0214496534322137	0.0907690373495755	0.124733102189333	0.0253598755137911	0.349926076453315	1	1049.63073422256	6698.94883386805	0.432466233116558	0	0	30.1624301671982
RT-qPCR	NONE	Medium	10	3	20	2000	2000	1	1604	396	0.382793017456359	0.437032418952619	0.476932668329177	8.74064837905237	0.412937237563463	0.461428484944924	FALSE	0.457070707070707	0.522727272727273	0.590909090909091	0.405236907730673	0.474747474747475	-0.0410449919740629	0.0889710351603633	0.109744640235936	0.0262253009861515	0.354796641460977	1	998.290393437344	6089.07249918663	0.434217108554277	0	0	30.1486020088196
RT-qPCR	NONE	High	10	3	20	2000	2000	1	1604	396	0.334788029925187	0.415835411471322	0.469451371571072	8.31670822942643	0.391944658481119	0.440128336950882	FALSE	0.361111111111111	0.444444444444444	0.5	0.355985037406484	0.388888888888889	-0.07964733054695	0.0921959979492946	0.106171154490692	0.0281415128454137	0.361528002582	1	769.622248275086	4098.63647273932	0.492246123061531	0	0	30.1026827096939
GAUSS	NONE	Very low	10	3	20	2000	2000	1	1604	396	0.36783042394015	0.399625935162095	0.415835411471322	7.9925187032419	0.375922336019935	0.423809162236008	FALSE	0.540404040404041	0.585858585858586	0.636363636363636	0.380299251870324	0.555555555555556	0.00555513061706446	0.0994348031933314	0.148048911373857	0.023895132210955	0.335417926433972	1	1489.84980624615	12149.713604625	0.420710355177589	0	0	30.0749728679657
GAUSS	NONE	Low	10	3	20	2000	2000	1	1604	396	0.405236907730673	0.440773067331671	0.480673316708229	8.81546134663342	0.416646491956078	0.465182652977553	FALSE	0.51010101010101	0.583333333333333	0.626262626262626	0.415835411471322	0.540404040404041	-0.0144584848102827	0.0974109021273496	0.13305509174974	0.0253876697245245	0.351048395249822	1	1209.17656273311	7842.98975646287	0.42696348174087	0	0	30.0419133901596
GAUSS	NONE	Medium	10	3	20	2000	2000	1	1604	396	0.384663341645885	0.452618453865337	0.493765586034913	9.05236907730673	0.428401642507313	0.477061673439591	FALSE	0.436868686868687	0.515151515151515	0.550505050505051	0.413965087281795	0.472222222222222	-0.0501425906492877	0.08946933258182	0.106643572195546	0.0267197837883208	0.357909646764168	1	994.860839245382	6006.50109572275	0.453476738369185	0	0	30.0450208187103
GAUSS	NONE	High	10	3	20	2000	2000	1	1604	396	0.314214463840399	0.398379052369077	0.439526184538653	7.96758104738155	0.374690971720067	0.422552719060794	FALSE	0.310606060606061	0.398989898989899	0.444444444444444	0.339775561097257	0.343434343434343	-0.0857240374530297	0.0952557338207102	0.108127752610544	0.0285739906889663	0.360904448716622	1	744.474675716168	4534.1759227281	0.508504252126063	0	0	30.0832121372223
RNA-seq	NONE	Very low	10	3	20	2000	2000	1	1604	396	0.386533665835412	0.428927680798005	0.463840399002494	8.5785536159601	0.404905320057314	0.453289653863043	FALSE	0.505050505050505	0.570707070707071	0.598484848484849	0.404613466334165	0.535353535353535	-0.0249064326545802	0.090847509007005	0.120632062619875	0.0252742864396197	0.350210946367659	1	1219.00316538819	8890.66571690858	0.428964482241121	0	0	30.0967928171158
RNA-seq	NONE	Low	10	3	20	2000	2000	1	1604	396	0.375311720698254	0.434538653366584	0.477556109725686	8.69077306733167	0.410465177540165	0.458924930018059	FALSE	0.45959595959596	0.535353535353535	0.578282828282828	0.394014962593516	0.487373737373737	-0.0576672486669661	0.0901667155186363	0.108125337880693	0.0270574703112286	0.35715070508286	1	986.180469161853	6118.34906588986	0.459979989994998	0	0	30.0992392301559
RNA-seq	NONE	Medium	10	3	20	2000	2000	1	1604	396	0.336034912718205	0.407107231920199	0.469451371571072	8.14214463840399	0.383313899465917	0.431344443640515	FALSE	0.348484848484849	0.462121212121212	0.497474747474748	0.357231920199501	0.376262626262626	-0.0707622600585997	0.0918116294820299	0.107467119732504	0.027599386469402	0.359190111492317	1	825.041901120379	5486.00213264341	0.490995497748874	0	0	30.1178485155106
RNA-seq	NONE	High	10	3	20	2000	2000	1	1604	396	0.271820448877806	0.358478802992519	0.41645885286783	7.16957605985037	0.335374157027784	0.38225969455047	FALSE	0.300505050505051	0.411616161616162	0.472222222222222	0.288653366583541	0.328282828282828	-0.076750424305479	0.0992239118374075	0.113365161541406	0.0282729971939465	0.359570086027434	1	777.309952934941	5344.07303014596	0.507503751875938	0	0	30.0533680915833
RT-qPCR	SHUTOFF	Very low	10	3	20	2000	2000	1	1604	396	0.087281795511222	0.14214463840399	0.179551122194514	2.8428927680798	0.12590959340655	0.160089661245072	FALSE	0.26010101010101	0.406565656565657	0.52020202020202	0.0735660847880299	0.217171717171717	0.0122575824208671	0.0907889398680656	0.137981897606566	0.0139913980996084	0.205338266152732	1	278.079488058464	1177.79744918487	0.491745872936468	0	0	33.5710190534592
RT-qPCR	SHUTOFF	Low	10	3	20	2000	2000	1	1604	396	0.0480049875311721	0.094139650872818	0.14214463840399	1.88279301745636	0.0808025096758621	0.109416157185123	FALSE	0.202020202020202	0.333333333333333	0.441919191919192	0.0268079800498753	0.116161616161616	0.00413249365565792	0.0857481826932494	0.123309574406829	0.0142779937042002	0.214151935532185	1	272.155743230712	1143.39792043164	0.492746373186593	0	0	33.6548655033112
RT-qPCR	SHUTOFF	Medium	10	3	20	2000	2000	1	1604	396	0.0380299251870324	0.0841645885286783	0.135286783042394	1.68329177057357	0.0715511576680319	0.0987650493923016	FALSE	0.138888888888889	0.252525252525253	0.363636363636364	0.0124688279301746	0.0631313131313131	-0.0175474954809561	0.0896693700728137	0.115728228630239	0.0154223111412327	0.233585512482947	1	255.781276862468	1223.69068297655	0.491745872936468	0	0	33.5960023403168
RT-qPCR	SHUTOFF	High	10	3	20	2000	2000	1	1604	396	0.0448877805486284	0.113466334164589	0.169576059850374	2.26932668329177	0.0988596492823395	0.129920033442408	FALSE	0.0984848484848485	0.202020202020202	0.272727272727273	0.0174563591022444	0.0429292929292929	-0.0495993438302561	0.0922425832761881	0.109464193621797	0.0194701256384069	0.280695230572216	1	267.818626232654	1597.39200175258	0.492996498249125	0	0	33.6318823099136
GAUSS	SHUTOFF	Very low	10	3	20	2000	2000	1	1604	396	0.0766832917705736	0.144638403990025	0.19139650872818	2.8927680798005	0.128273820061676	0.162701049540108	FALSE	0.23989898989899	0.388888888888889	0.462121212121212	0.0648379052369077	0.196969696969697	0.0703973638775259	0.141600049770398	0.268120612906447	0.0151827071285812	0.22244476337878	1	362.45632081024	1755.79707994872	0.490245122561281	0	0	33.5862948894501
GAUSS	SHUTOFF	Low	10	3	20	2000	2000	1	1604	396	0.0548628428927681	0.101620947630923	0.149625935162095	2.03241895261845	0.0877732253448732	0.117372286366601	FALSE	0.169191919191919	0.315656565656566	0.406565656565657	0.0293017456359102	0.0934343434343434	0.0497630586265319	0.125249490620721	0.214011377281303	0.0158553024713517	0.237400652050882	1	340.663931890295	1728.26483507243	0.491245622811406	0	0	33.5610420703888
GAUSS	SHUTOFF	Medium	10	3	20	2000	2000	1	1604	396	0.0498753117206983	0.105361596009975	0.150249376558603	2.1072319201995	0.0912679615146269	0.121340972622092	FALSE	0.141414141414141	0.26010101010101	0.348484848484849	0.0236907730673317	0.0858585858585859	0.0334727949790314	0.131790263928615	0.198642626932735	0.0170896457022016	0.240742532295353	1	339.478554369469	1721.63786767409	0.495747873936969	0	0	33.5687801837921
GAUSS	SHUTOFF	High	10	3	20	2000	2000	1	1604	396	0.0735660847880299	0.149002493765586	0.199501246882793	2.98004987531172	0.132415371892554	0.167266823872015	FALSE	0.121212121212121	0.22979797979798	0.292929292929293	0.0355361596009975	0.0757575757575758	0.0335161926248511	0.155952592279083	0.25457742926756	0.0193414596188742	0.264496967929035	1	334.11483829554	1793.82147174527	0.491745872936468	0	0	33.4744684696198
RNA-seq	SHUTOFF	Very low	10	3	20	2000	2000	1	1604	396	0.0399002493765586	0.0960099750623441	0.148379052369077	1.92019950124688	0.0825427449094851	0.111407633164122	FALSE	0.159090909090909	0.272727272727273	0.373737373737374	0.0180798004987531	0.0858585858585859	0.0365265869935671	0.123657588481517	0.201689719695561	0.0166103335364406	0.236827079692029	1	344.188064758841	1715.83662631886	0.489494747373687	0	0	33.4474700689316
RNA-seq	SHUTOFF	Low	10	3	20	2000	2000	1	1604	396	0.0648379052369077	0.124688279301746	0.165835411471322	2.49376558603491	0.109412025958255	0.141757924042226	FALSE	0.202020202020202	0.318181818181818	0.368686868686869	0.0430174563591022	0.154040404040404	0.037331385692382	0.142151168338979	0.243611287267709	0.0179742993568184	0.252685460606803	1	332.493917169524	1856.22235589521	0.489744872436218	0	0	33.4186931848526
RNA-seq	SHUTOFF	Medium	10	3	20	2000	2000	1	1604	396	0.0635910224438903	0.133416458852868	0.188279301745636	2.66832917705736	0.117649033836809	0.150935568489243	FALSE	0.151515151515152	0.27020202020202	0.366161616161616	0.0423940149625935	0.0984848484848485	0.0633007287377325	0.175548225891439	0.446737075158234	0.0186945880636014	0.257746399812937	1	350.003473940477	2051.16619749183	0.490245122561281	0	0	33.4588717222214
RNA-seq	SHUTOFF	High	10	3	20	2000	2000	1	1604	396	0.0885286783042394	0.155860349127182	0.213840399002494	3.11720698254364	0.138933810711717	0.1744313261658	FALSE	0.136363636363636	0.244949494949495	0.318181818181818	0.0635910224438903	0.0984848484848485	0.0131225402986925	0.139147325853944	0.209371073552489	0.0194531965175073	0.267629703456313	1	328.374776191956	2014.41584538697	0.491745872936468	0	0	33.4343758821487
RT-qPCR	NONE	Very low	10	3	50	2000	2000	1	1604	396	0.339775561097257	0.358478802992519	0.370324189526185	7.16957605985037	0.335374157027784	0.38225969455047	FALSE	0.512626262626263	0.575757575757576	0.603535353535354	0.344139650872818	0.522727272727273	-0.000251154541283938	0.0935296084708913	0.139793695389184	0.0248827504303623	0.342830633647369	1	1160.00125762392	7975.708530398	0.467233616808404	0	0	30.0410403013229
RT-qPCR	NONE	Low	10	3	50	2000	2000	1	1604	396	0.383416458852868	0.408977556109726	0.433915211970075	8.17955112219451	0.385162691228265	0.433227363090788	FALSE	0.525252525252525	0.568181818181818	0.593434343434343	0.393391521197008	0.547979797979798	-0.0267191748759973	0.0856039469040718	0.111780163093039	0.0255036940765708	0.349971275599445	1	1035.95605945023	7376.9780875127	0.427713856928464	0	0	29.9754031896591
RT-qPCR	NONE	Medium	10	3	50	2000	2000	1	1604	396	0.397755610972569	0.451995012468828	0.491895261845387	9.03990024937656	0.427782603705202	0.476436808504163	FALSE	0.487373737373737	0.550505050505051	0.595959595959596	0.422069825436409	0.512626262626263	-0.0388917659761067	0.0891775342184816	0.109557607471995	0.0262199800831305	0.355869350424564	1	962.613308842238	5839.10953166859	0.455227613806903	0	0	29.9518123865128
RT-qPCR	NONE	High	10	3	50	2000	2000	1	1604	396	0.340399002493766	0.422693266832918	0.472568578553616	8.45386533665835	0.398731414216003	0.447024522328947	FALSE	0.345959595959596	0.446969696969697	0.51010101010101	0.365336658354115	0.371212121212121	-0.0787457306811382	0.0937507591476371	0.106256633291936	0.0282735361336316	0.361241272154059	1	741.799098030354	4188.33193283603	0.50200100050025	0	0	29.9487843513489
GAUSS	NONE	Very low	10	3	50	2000	2000	1	1604	396	0.374688279301746	0.401496259351621	0.420199501246883	8.02992518703242	0.37776968473616	0.425693524732405	FALSE	0.547979797979798	0.616161616161616	0.646464646464647	0.38216957605985	0.568181818181818	0.0090037944116684	0.102597646884876	0.151504081549823	0.0241383968938055	0.337485814220738	1	1482.63376151325	12652.5182609618	0.436468234117059	0	0	29.8957303762436
GAUSS	NONE	Low	10	3	50	2000	2000	1	1604	396	0.390274314214464	0.432668329177057	0.45573566084788	8.65336658354115	0.408611540902731	0.457046855442871	FALSE	0.52020202020202	0.570707070707071	0.595959595959596	0.408354114713217	0.537878787878788	-0.0264887176027472	0.0920483294039579	0.122785044352939	0.0254608073986131	0.351129744531778	1	1174.17403070538	8408.11301838913	0.418459229614807	0	0	29.8637435436249
GAUSS	NONE	Medium	10	3	50	2000	2000	1	1604	396	0.393391521197008	0.450124688279302	0.49002493765586	9.00249376558604	0.425925717965283	0.474561983031459	FALSE	0.416666666666667	0.5	0.563131313131313	0.418329177057357	0.457070707070707	-0.0511570431532964	0.0942022831759613	0.116754966220825	0.0267648689504902	0.357258143346511	1	985.654142479338	6540.03403436497	0.448224112056028	0	0	29.8929436206818
GAUSS	NONE	High	10	3	50	2000	2000	1	1604	396	0.321072319201995	0.415211970074813	0.471321695760599	8.30423940149626	0.391327917619654	0.439501174074807	FALSE	0.356060606060606	0.452020202020202	0.505050505050505	0.349750623441397	0.383838383838384	-0.0765895442696526	0.0900490668846197	0.104525915013515	0.0283147270673057	0.361198714879953	1	769.709629234267	4577.68059485403	0.501000500250125	0	0	29.8729945421219
RNA-seq	NONE	Very low	10	3	50	2000	2000	1	1604	396	0.383416458852868	0.430798004987531	0.459476309226933	8.61596009975062	0.406758254892937	0.455168430240042	FALSE	0.494949494949495	0.547979797979798	0.588383838383838	0.400872817955112	0.515151515151515	-0.0211648192903041	0.100492314504241	0.139306800127989	0.0254030978584154	0.349388032993085	1	1148.43751808877	8997.33081077113	0.427713856928464	0	0	29.8520863056183
RNA-seq	NONE	Low	10	3	50	2000	2000	1	1604	396	0.362219451371571	0.427057356608479	0.474438902743142	8.54114713216958	0.403052736958845	0.45141052574889	FALSE	0.441919191919192	0.517676767676768	0.547979797979798	0.385910224438903	0.47979797979798	-0.0524864152603449	0.0922576717733989	0.120232606757231	0.0267718889334748	0.357215314205646	1	951.553886692166	6305.79910455781	0.469984992496248	0	0	29.8370848894119
RNA-seq	NONE	Medium	10	3	50	2000	2000	1	1604	396	0.350374064837905	0.418952618453865	0.463216957605985	8.37905236907731	0.39502895586316	0.443263558256545	FALSE	0.376262626262626	0.439393939393939	0.48989898989899	0.372194513715711	0.396464646464646	-0.0674631726152576	0.092612088481433	0.105994767846105	0.0275644209684163	0.358237997896866	1	846.700177675545	6281.74052487857	0.476738369184592	0	0	29.8877830505371
RNA-seq	NONE	High	10	3	50	2000	2000	1	1604	396	0.277431421446384	0.364713216957606	0.424563591022444	7.29426433915212	0.341506108995877	0.388566779957785	FALSE	0.373737373737374	0.45959595959596	0.505050505050505	0.302992518703242	0.393939393939394	-0.0744304210251524	0.0919356399518272	0.106900989023404	0.0282417300268023	0.360142918158391	1	751.524370215076	5406.84741224771	0.497498749374687	0	0	29.9074115753174
RT-qPCR	SHUTOFF	Very low	10	3	50	2000	2000	1	1604	396	0.236284289276808	0.299875311720698	0.334164588528678	5.99750623441397	0.277951621173501	0.322755279075925	FALSE	0.477272727272727	0.580808080808081	0.638888888888889	0.247506234413965	0.494949494949495	-0.0181391633271013	0.0949003753823676	0.121535622881765	0.0252664401120229	0.322899816150083	1	591.976333965639	1652.94487674695	0.508254127063532	0	0	33.3836822509766
RT-qPCR	SHUTOFF	Low	10	3	50	2000	2000	1	1604	396	0.190149625935162	0.268079800498753	0.304862842892768	5.36159600997506	0.246975195932798	0.290292613702051	FALSE	0.345959595959596	0.467171717171717	0.540404040404041	0.193266832917706	0.358585858585859	-0.0357437001329474	0.0898959183129666	0.112941447521342	0.0250565738428733	0.319383772665908	1	513.146416283406	1617.65855630962	0.503751875937969	0	0	33.3562504053116
RT-qPCR	SHUTOFF	Medium	10	3	50	2000	2000	1	1604	396	0.138403990024938	0.224438902743142	0.276184538653367	4.48877805486284	0.20469353491249	0.245501013094508	FALSE	0.282828282828283	0.424242424242424	0.512626262626263	0.127805486284289	0.265151515151515	-0.0473016569222137	0.0838614946261214	0.100792107146647	0.024759317702238	0.317841946596099	1	432.091891580252	1657.80026635659	0.503251625812907	0	0	33.3385699987412
RT-qPCR	SHUTOFF	High	10	3	50	2000	2000	1	1604	396	0.110349127182045	0.193266832917706	0.256857855361596	3.86533665835412	0.174685203897971	0.213314157231991	FALSE	0.181818181818182	0.285353535353535	0.371212121212121	0.0891521197007481	0.151515151515152	-0.0750221398750487	0.0933442889307282	0.106565689090843	0.0256980003073413	0.327827098487489	1	385.428123161124	2035.21500239888	0.51175587793897	0	0	33.3696389198303
GAUSS	SHUTOFF	Very low	10	3	50	2000	2000	1	1604	396	0.253740648379052	0.310473815461347	0.337905236907731	6.20947630922693	0.288306174447854	0.333547089339764	FALSE	0.487373737373737	0.565656565656566	0.606060606060606	0.267456359102244	0.51010101010101	0.0586393702119798	0.163606914575877	0.309030930418218	0.0255321168441143	0.339007021464446	1	1153.62303256043	4832.3911831077	0.506253126563282	0	0	33.3397773504257
GAUSS	SHUTOFF	Low	10	3	50	2000	2000	1	1604	396	0.185162094763092	0.25997506234414	0.30860349127182	5.19950124688279	0.239101320335147	0.281995740711672	FALSE	0.366161616161616	0.477272727272727	0.537878787878788	0.188902743142145	0.366161616161616	0.0173500092299246	0.132990360535329	0.22152294296658	0.0245910424608078	0.323879674234355	1	870.590613930592	3763.58353869317	0.505752876438219	0	0	33.3497920036316
GAUSS	SHUTOFF	Medium	10	3	50	2000	2000	1	1604	396	0.13715710723192	0.208229426433915	0.257481296758105	4.1645885286783	0.189067179998425	0.228785870832514	FALSE	0.287878787878788	0.393939393939394	0.45959595959596	0.129675810473815	0.267676767676768	0.0133548905775787	0.144564837176521	0.241410749039296	0.0232387860177703	0.296113966698109	1	682.730384723862	3209.3388000697	0.502751375687844	0	0	33.3562339544296
GAUSS	SHUTOFF	High	10	3	50	2000	2000	1	1604	396	0.126558603491272	0.218827930174564	0.27930174563591	4.37655860349127	0.19927924786556	0.239720166503571	FALSE	0.224747474747475	0.328282828282828	0.411616161616162	0.115336658354115	0.196969696969697	-0.0200050203738235	0.127241266921204	0.172902624400615	0.0224027103107831	0.292502741223699	1	543.958052981211	2712.43605020263	0.513256628314157	0	0	33.3600013256073
RNA-seq	SHUTOFF	Very low	10	3	50	2000	2000	1	1604	396	0.196384039900249	0.258728179551122	0.300498753117207	5.17456359102244	0.237890789185425	0.280718464386312	FALSE	0.351010101010101	0.46969696969697	0.532828282828283	0.198877805486284	0.358585858585859	0.0211975445862144	0.135658917886503	0.266624695775353	0.0244248334646374	0.318460304490391	1	890.737141192837	3693.87676324732	0.502751375687844	0	0	33.4129157066345
RNA-seq	SHUTOFF	Low	10	3	50	2000	2000	1	1604	396	0.163965087281796	0.245635910224439	0.296134663341646	4.91271820448878	0.225194030664334	0.267293244419048	FALSE	0.257575757575758	0.383838383838384	0.439393939393939	0.159600997506234	0.252525252525253	0.0096238685037638	0.1424399982695	0.253594389401493	0.0240286100514894	0.299962711968435	1	680.81522386905	3398.71370751604	0.509004502251126	0	0	33.5190764665604
RNA-seq	SHUTOFF	Medium	10	3	50	2000	2000	1	1604	396	0.147755610972569	0.22568578553616	0.282418952618454	4.51371571072319	0.205897431406803	0.246784924075277	FALSE	0.275252525252525	0.421717171717172	0.477272727272727	0.138403990024938	0.265151515151515	-0.00936355106329987	0.12164136611429	0.179577952544419	0.0231680971509326	0.294506309626724	1	626.464409768381	3127.36581630627	0.505752876438219	0	0	33.5413860082626
RNA-seq	SHUTOFF	High	10	3	50	2000	2000	1	1604	396	0.150872817955112	0.224438902743142	0.279925187032419	4.48877805486284	0.20469353491249	0.245501013094508	FALSE	0.247474747474748	0.366161616161616	0.414141414141414	0.143391521197008	0.242424242424242	-0.00364687558461134	0.140181408832798	0.217346757689173	0.0232944211321221	0.300582537001347	1	569.284022649209	3578.99407672466	0.516258129064532	0	0	33.4512664079666
RT-qPCR	NONE	Very low	10	5	5	2000	2000	1	1604	396	0.365336658354115	0.375311720698254	0.382793017456359	7.50623441396509	0.351940151375002	0.399279101116852	FALSE	0.565656565656566	0.626262626262626	0.646464646464647	0.370324189526185	0.583333333333333	0.016162113669694	0.0974440520379488	0.162109212986465	0.0242521572504409	0.338538319381915	1	1127.58909068847	8278.59637732805	0.467233616808404	0	0	30.3043380975723
RT-qPCR	NONE	Low	10	5	5	2000	2000	1	1604	396	0.408977556109726	0.432668329177057	0.450748129675811	8.65336658354115	0.408611540902731	0.457046855442871	FALSE	0.580808080808081	0.633838383838384	0.686868686868687	0.415835411471322	0.603535353535354	-0.016585651212361	0.0852788922308525	0.11612960716479	0.0250264797896448	0.347238813449223	1	1031.98038622554	6782.82030837031	0.433716858429215	0	0	30.3880503177643
RT-qPCR	NONE	Medium	10	5	5	2000	2000	1	1604	396	0.423316708229426	0.46571072319202	0.490648379052369	9.3142144638404	0.441410313058687	0.490174981376574	FALSE	0.512626262626263	0.563131313131313	0.590909090909091	0.440773067331671	0.540404040404041	-0.0423698373401799	0.0863030159071591	0.106558730502867	0.0259820150423031	0.353207187519177	1	966.20004774302	6116.48855156958	0.42096048024012	0	0	30.3451615571976
RT-qPCR	NONE	High	10	5	5	2000	2000	1	1604	396	0.390897755610973	0.478802992518703	0.522443890274314	9.57605985037406	0.45443582149298	0.503271451430635	FALSE	0.452020202020202	0.505050505050505	0.560606060606061	0.430798004987531	0.462121212121212	-0.0704232745138002	0.0871601373161471	0.102193906901276	0.0276245826328161	0.36050206320855	1	794.752626389842	4563.9259665848	0.480740370185093	0	0	30.3048429489136
GAUSS	NONE	Very low	10	5	5	2000	2000	1	1604	396	0.392768079800499	0.404613466334165	0.417705735660848	8.09226932668329	0.380849403244598	0.428833324911671	FALSE	0.578282828282828	0.631313131313131	0.666666666666667	0.39713216957606	0.606060606060606	0.0195426256961769	0.098072718050697	0.157053342904431	0.0239638951757688	0.336020822061561	1	1441.05465083848	10918.2310767078	0.434467233616808	0	0	30.2611521482468
GAUSS	NONE	Low	10	5	5	2000	2000	1	1604	396	0.412094763092269	0.443890274314215	0.474438902743142	8.87780548628429	0.419738602150143	0.468310061471191	FALSE	0.565656565656566	0.631313131313131	0.669191919191919	0.428927680798005	0.603535353535354	-0.0021842369409464	0.0997195142660381	0.168630748754894	0.024974093770646	0.34748615793695	1	1127.5080155003	8362.59022321176	0.419709854927464	0	0	30.262655377388
GAUSS	NONE	Medium	10	5	5	2000	2000	1	1604	396	0.430798004987531	0.481296758104738	0.510598503740648	9.62593516209476	0.456918773116945	0.505764114756834	FALSE	0.505050505050505	0.565656565656566	0.593434343434343	0.450748129675811	0.53030303030303	-0.0432440452109536	0.0868069342338916	0.111593568485161	0.0264385251355217	0.356514982648761	1	1000.49215611548	6874.52139577092	0.434217108554277	0	0	30.237308382988
GAUSS	NONE	High	10	5	5	2000	2000	1	1604	396	0.394638403990025	0.461346633416459	0.516832917705736	9.22693266832918	0.437072214027884	0.485805754244591	FALSE	0.383838383838384	0.44949494949495	0.497474747474748	0.417082294264339	0.409090909090909	-0.0792743835739563	0.0933815969595912	0.106268257462362	0.0280085416963306	0.361163428681813	1	779.500063927339	4893.05887000037	0.494747373686843	0	0	30.2125103473663
RNA-seq	NONE	Very low	10	5	5	2000	2000	1	1604	396	0.410224438902743	0.437655860349127	0.458852867830424	8.75311720698254	0.413555349675721	0.462054276570207	FALSE	0.568181818181818	0.636363636363636	0.656565656565657	0.422069825436409	0.598484848484849	-0.0097702648216629	0.0912672729171951	0.125608099360948	0.0249599136193217	0.347825904669391	1	1138.1232766994	8718.19336215473	0.415707853926963	0	0	30.2038352489471
RNA-seq	NONE	Low	10	5	5	2000	2000	1	1604	396	0.390274314214464	0.446384039900249	0.484413965087282	8.92768079800499	0.422212985782085	0.470811292789412	FALSE	0.494949494949495	0.558080808080808	0.598484848484849	0.413341645885287	0.515151515151515	-0.0450372904014855	0.0888987892786835	0.110565154360947	0.0263424217946653	0.355782153542206	1	966.117575369812	7216.64228519437	0.451725862931466	0	0	30.2475453615189
RNA-seq	NONE	Medium	10	5	5	2000	2000	1	1604	396	0.368453865336658	0.435162094763092	0.478179551122195	8.70324189526185	0.411083134244455	0.459550877051309	FALSE	0.46969696969697	0.525252525252525	0.545454545454545	0.395261845386534	0.48989898989899	-0.0591129926019306	0.0899565378793548	0.106397908698146	0.0272726888584627	0.357478726195991	1	901.123345854604	6330.06431349234	0.475487743871936	0	0	30.2238943576813
RNA-seq	NONE	High	10	5	5	2000	2000	1	1604	396	0.336658354114713	0.410224438902743	0.458229426433915	8.20448877805486	0.386395418450712	0.434482443343423	FALSE	0.368686868686869	0.44949494949495	0.512626262626263	0.361596009975062	0.391414141414141	-0.0752539974613854	0.0937792746723115	0.107692487883016	0.0280195870745309	0.358985615498839	1	740.43559332594	5893.66927080033	0.488994497248624	0	0	30.2012040615082
RT-qPCR	SHUTOFF	Very low	10	5	5	2000	2000	1	1604	396	0	0	0.00187032418952618	0	0	0.00238920249233511	FALSE	0.23989898989899	0.393939393939394	0.48989898989899	0	0.131313131313131	0.0144736266352293	0.0417082444571514	0.0701914994509661	0.00368567287292815	0.0570847955660051	1	201.096658142493	897.000325357471	0.495247623811906	0	0	33.7086044549942
RT-qPCR	SHUTOFF	Low	10	5	5	2000	2000	1	1604	396	0.00124688279301746	0.00997506234413965	0.029925187032419	0.199501246882793	0.00614929101460959	0.0161423712783772	FALSE	0.146464646464646	0.323232323232323	0.424242424242424	0	0	0.0178530320566248	0.0731744045647658	0.103522515654766	0.00391888866014486	0.0761212156567769	1	208.55056679337	944.491010829877	0.495247623811906	0	0	33.7866457700729
RT-qPCR	SHUTOFF	Medium	10	5	5	2000	2000	1	1604	396	0.00311720698254364	0.0230673316708229	0.0579800498753117	0.461346633416459	0.0167812118675745	0.0316324289137676	FALSE	0.0732323232323232	0.194444444444444	0.292929292929293	0	0	0.0108288784594841	0.0958767353383378	0.125735967525607	0.00483464559058064	0.0989565255916787	1	224.156203500881	1115.16328533172	0.496748374187094	0	0	33.7092074155808
RT-qPCR	SHUTOFF	High	10	5	5	2000	2000	1	1604	396	0.0112219451371571	0.0523690773067332	0.100374064837905	1.04738154613466	0.0424972747873327	0.0643798416584236	TRUE	0.0505050505050505	0.164141414141414	0.234848484848485	0	0	0.0325227471218301	0.135496096079631	0.171418106301829	0.00872729882312322	0.163842276148629	1	258.498005869535	1418.31231677773	0.503751875937969	0	0	33.7178416252136
GAUSS	SHUTOFF	Very low	10	5	5	2000	2000	1	1604	396	0.000623441396508728	0.00249376558603491	0.0155860349127182	0.0498753117206983	0.000970190934217108	0.00639462650828092	FALSE	0.214646464646465	0.335858585858586	0.457070707070707	0	0.0782828282828283	0.00804769314904154	0.0558036923410481	0.0838400807365324	0.00362465728406283	0.0606474054632896	1	233.981882675199	1266.59753893791	0.494747373686843	0	0	33.6300381422043
GAUSS	SHUTOFF	Low	10	5	5	2000	2000	1	1604	396	0	0.0124688279301746	0.0386533665835412	0.249376558603491	0.00808603685029264	0.0191812403928571	FALSE	0.116161616161616	0.282828282828283	0.361111111111111	0	0	0.0214397071904365	0.0875582750354414	0.131355881597776	0.00376549651316219	0.0787077002349775	1	240.994669354096	1393.11244813144	0.495247623811906	0	0	33.6502948999405
GAUSS	SHUTOFF	Medium	10	5	5	2000	2000	1	1604	396	0.00249376558603491	0.0293017456359102	0.0635910224438903	0.586034912718204	0.0221064134021872	0.0387462647545622	FALSE	0.0580808080808081	0.154040404040404	0.272727272727273	0	0	0.0273096292446654	0.122681500862719	0.167270658678261	0.00516804407185696	0.111701590433891	1	257.581428593754	1499.71910657946	0.498749374687344	0	0	33.6198414564133
GAUSS	SHUTOFF	High	10	5	5	2000	2000	1	1604	396	0.0118453865336658	0.0610972568578554	0.109102244389027	1.22194513715711	0.0503919597523083	0.0738998090190183	FALSE	0.0353535353535354	0.136363636363636	0.222222222222222	0	0	0.0469470559762404	0.148115849839296	0.208122305768095	0.00916130074235551	0.16921311774788	1	273.52456108779	1559.9733740223	0.504252126063031	0	0	33.547500371933
RNA-seq	SHUTOFF	Very low	10	5	5	2000	2000	1	1604	396	0.00124688279301746	0.0211970074812968	0.0511221945137157	0.423940149625935	0.015208007377034	0.0294739221916859	FALSE	0.108585858585859	0.285353535353535	0.398989898989899	0	0	0.0186238663118388	0.0850406225802136	0.123066230731218	0.00388179298449758	0.0789301616661669	1	242.300354042692	1412.54871500604	0.495247623811906	0	0	33.5832817554474
RNA-seq	SHUTOFF	Low	10	5	5	2000	2000	1	1604	396	0.00623441396508728	0.0305486284289277	0.0704488778054863	0.610972568578554	0.0231840640780127	0.0401564215538182	FALSE	0.0656565656565657	0.146464646464646	0.244949494949495	0	0	0.0293386321479515	0.120226996365498	0.169762797561204	0.00546226242773731	0.116520619676831	1	269.771587905257	1741.41181652783	0.497248624312156	0	0	33.5780749320984
RNA-seq	SHUTOFF	Medium	10	5	5	2000	2000	1	1604	396	0.00997506234413965	0.0405236907730673	0.0860349127182045	0.810473815461347	0.0319209081608656	0.0513220372716169	TRUE	0.0580808080808081	0.159090909090909	0.22979797979798	0	0	0.0490371714389249	0.134651508752698	0.188289296513936	0.0071366063310703	0.137543918564902	1	271.692743754728	1804.16153508075	0.501000500250125	0	0	33.6116133928299
RNA-seq	SHUTOFF	High	10	5	5	2000	2000	1	1604	396	0.020573566084788	0.0704488778054863	0.115960099750623	1.40897755610973	0.0589247769041195	0.084025547930318	FALSE	0.0328282828282828	0.136363636363636	0.21969696969697	0	0	0.0480822684045125	0.151035366981045	0.20329572174374	0.00969650603079685	0.172544817587827	1	288.750225587568	2308.58968067127	0.504252126063031	0	0	33.687112569809
RT-qPCR	NONE	Very low	10	5	10	2000	2000	1	1604	396	0.368453865336658	0.375311720698254	0.384039900249377	7.50623441396509	0.351940151375002	0.399279101116852	FALSE	0.555555555555556	0.598484848484849	0.646464646464647	0.371571072319202	0.568181818181818	0.00945107336612852	0.0961637141681713	0.152459779259804	0.0245849135412437	0.341127944379638	1	1122.21047690038	8987.86551972372	0.463231615807904	0	0	30.2516965866089
RT-qPCR	NONE	Low	10	5	10	2000	2000	1	1604	396	0.400872817955112	0.42643391521197	0.447007481296758	8.5286783042394	0.402435287522859	0.450784071447335	FALSE	0.570707070707071	0.628787878787879	0.679292929292929	0.412718204488778	0.588383838383838	-0.0167770122198617	0.0845625980221261	0.121021441875572	0.0252413144095008	0.349113042358428	1	1031.75271945798	7037.40165706129	0.428214107053527	0	0	30.3047615289688
RT-qPCR	NONE	Medium	10	5	10	2000	2000	1	1604	396	0.415835411471322	0.462593516209476	0.501870324189526	9.25187032418953	0.438311479817079	0.487054295930477	FALSE	0.527777777777778	0.590909090909091	0.631313131313131	0.435785536159601	0.550505050505051	-0.0338913442236643	0.0868912834135717	0.113028234210559	0.0260321606724062	0.354121267954697	1	949.246927476956	5857.84786809282	0.425462731365683	0	0	30.2966132164002
RT-qPCR	NONE	High	10	5	10	2000	2000	1	1604	396	0.389650872817955	0.467581047381546	0.512468827930175	9.35162094763092	0.443270071178747	0.492046934469135	FALSE	0.439393939393939	0.525252525252525	0.565656565656566	0.417082294264339	0.472222222222222	-0.070527806241708	0.089664939734539	0.104373853630426	0.0275746867629824	0.359998993979487	1	777.17304397905	4529.0571925001	0.483991995997999	0	0	30.2954733371735
GAUSS	NONE	Very low	10	5	10	2000	2000	1	1604	396	0.388403990024938	0.407730673316708	0.417082294264339	8.15461346633416	0.383930123472953	0.431972123371019	FALSE	0.570707070707071	0.618686868686869	0.654040404040404	0.395885286783042	0.588383838383838	0.021292585970459	0.100091906131219	0.156803941636344	0.0241097125188436	0.337423904633168	1	1400.18545643505	10860.9773865862	0.441970985492746	0	0	30.2097531557083
GAUSS	NONE	Low	10	5	10	2000	2000	1	1604	396	0.422069825436409	0.448254364089776	0.471945137157107	8.96508728179551	0.424069178524808	0.472686811259312	FALSE	0.537878787878788	0.580808080808081	0.633838383838384	0.435162094763092	0.563131313131313	-0.0159179930457148	0.0959328361600806	0.134514224922334	0.0251954821068634	0.347724251950597	1	1120.12190027831	8838.33788003074	0.422461230615308	0	0	30.1819515228272
GAUSS	NONE	Medium	10	5	10	2000	2000	1	1604	396	0.419576059850374	0.474438902743142	0.514339152119701	9.48877805486284	0.450092119722061	0.49890782703877	FALSE	0.494949494949495	0.565656565656566	0.613636363636364	0.449501246882793	0.535353535353535	-0.0486143606418723	0.085561150756985	0.103342873285037	0.0265691378744633	0.356728890078851	1	994.306712142438	6813.67225460198	0.441970985492746	0	0	30.2127006053925
GAUSS	NONE	High	10	5	10	2000	2000	1	1604	396	0.394014962593516	0.467581047381546	0.514339152119701	9.35162094763092	0.443270071178747	0.492046934469135	FALSE	0.426767676767677	0.462121212121212	0.515151515151515	0.417082294264339	0.444444444444444	-0.0728764941546842	0.0922481635736566	0.107631348880375	0.0279477366857632	0.360803743125872	1	786.305203671753	4818.54227025449	0.485992996498249	0	0	30.1814600229263
RNA-seq	NONE	Very low	10	5	10	2000	2000	1	1604	396	0.411471321695761	0.443266832917706	0.461970074812968	8.86533665835411	0.419120102781206	0.467684657102588	FALSE	0.560606060606061	0.636363636363636	0.666666666666667	0.420822942643392	0.583333333333333	-0.00271407643360315	0.0958077471793498	0.134995994877821	0.0253404169296906	0.34920351503208	1	1100.53561326542	8998.06591963018	0.432966483241621	0	0	30.2111405134201
RNA-seq	NONE	Low	10	5	10	2000	2000	1	1604	396	0.402743142144638	0.448254364089776	0.481920199501247	8.96508728179551	0.424069178524808	0.472686811259312	FALSE	0.51010101010101	0.593434343434343	0.628787878787879	0.423316708229426	0.545454545454545	-0.0391642511553824	0.0875408937739652	0.10968076860382	0.0262448655314766	0.354441922205378	1	986.908194352961	6454.80342291954	0.446223111555778	0	0	30.1358569860458
RNA-seq	NONE	Medium	10	5	10	2000	2000	1	1604	396	0.371571072319202	0.445760598503741	0.479426433915212	8.91521197007481	0.421594331982858	0.470186042851098	FALSE	0.484848484848485	0.542929292929293	0.585858585858586	0.401496259351621	0.502525252525253	-0.0569968363003186	0.0920623100512807	0.115026648203559	0.0271840603340912	0.358024217698057	1	872.391185284929	6241.9413060945	0.463731865932967	0	0	30.1494067907333
RNA-seq	NONE	High	10	5	10	2000	2000	1	1604	396	0.341645885286783	0.410847880299252	0.450124688279302	8.21695760598504	0.387011841792508	0.435109923739168	FALSE	0.345959595959596	0.431818181818182	0.472222222222222	0.361596009975062	0.368686868686869	-0.0785948170623531	0.0937154109545856	0.107400034947765	0.0280602168609063	0.360496795220289	1	790.322828553377	5654.1989592262	0.5	0	0	30.1950269937515
RT-qPCR	SHUTOFF	Very low	10	5	10	2000	2000	1	1604	396	0.00249376558603491	0.0143391521197008	0.0286783042394015	0.286783042394015	0.00957376348819062	0.0214252249675813	FALSE	0.277777777777778	0.424242424242424	0.535353535353535	0.00124688279301746	0.159090909090909	0.0174382696593027	0.0556857659131258	0.0899365358268547	0.00585275710890359	0.0922165564300369	1	172.424927610521	763.242584696665	0.490245122561281	0	0	33.71664249897
RT-qPCR	SHUTOFF	Low	10	5	10	2000	2000	1	1604	396	0.00374064837905237	0.0218204488778055	0.0417705735660848	0.43640897755611	0.01573096479177	0.0301948685144907	FALSE	0.204545454545455	0.361111111111111	0.47979797979798	0	0.101010101010101	0.0166786556951423	0.0644456796704126	0.0960065896948167	0.00614274047473908	0.103492008558545	1	173.909454955214	787.930025210865	0.492246123061531	0	0	33.7334507703781
RT-qPCR	SHUTOFF	Medium	10	5	10	2000	2000	1	1604	396	0.00561097256857855	0.029925187032419	0.0617206982543641	0.598503740648379	0.0226447724680187	0.0394518094262714	FALSE	0.111111111111111	0.257575757575758	0.373737373737374	0	0	0.00935940585958352	0.0788163249287105	0.103960652288384	0.00711119441922405	0.124927311843457	1	180.184605400793	890.722063251416	0.494747373686843	0	0	33.6442813873291
RT-qPCR	SHUTOFF	High	10	5	10	2000	2000	1	1604	396	0.0162094763092269	0.0517456359102244	0.104114713216958	1.03491271820449	0.0419363294507584	0.0636968832574573	TRUE	0.053030303030303	0.143939393939394	0.234848484848485	0	0	-0.0109255667200063	0.0967940004963284	0.118276571120641	0.0118818602066026	0.199575747398155	1	201.908091140389	1116.04164597831	0.497248624312156	0	0	33.7232916355133
GAUSS	SHUTOFF	Very low	10	5	10	2000	2000	1	1604	396	0.00249376558603491	0.00935162094763092	0.0255610972568579	0.187032418952618	0.00567535752507295	0.0153724010303731	FALSE	0.232323232323232	0.398989898989899	0.505050505050505	0	0.108585858585859	0.0242587580274768	0.0696590570696931	0.110583165289432	0.00483833875598033	0.0772564134222642	1	195.149472627739	1088.74287121174	0.491245622811406	0	0	33.6941599845886
GAUSS	SHUTOFF	Low	10	5	10	2000	2000	1	1604	396	0.000623441396508728	0.0199501246882793	0.0411471321695761	0.399002493765586	0.014166734201226	0.0280273878924124	FALSE	0.166666666666667	0.318181818181818	0.441919191919192	0	0.053030303030303	0.0269573712550273	0.0849417153527763	0.126280373479862	0.00488631141937136	0.0849029579876327	1	199.161134603103	1087.95803446318	0.492746373186593	0	0	33.6853609085083
GAUSS	SHUTOFF	Medium	10	5	10	2000	2000	1	1604	396	0.00872817955112219	0.0330423940149626	0.0841645885286783	0.660847880299252	0.0253500352903921	0.0429660652916017	FALSE	0.0883838383838384	0.202020202020202	0.323232323232323	0	0	0.0289298664348571	0.110746863624966	0.151141108929988	0.00613953680670652	0.117957035576251	1	209.849746248259	1206.44327458439	0.491745872936468	0	0	33.8213375806809
GAUSS	SHUTOFF	High	10	5	10	2000	2000	1	1604	396	0.0224438902743142	0.0785536159600998	0.129675810473815	1.571072319202	0.0663714729498143	0.0927496004726527	FALSE	0.0757575757575758	0.179292929292929	0.255050505050505	0	0	0.034490364430718	0.135098503702267	0.183092774447941	0.00968878365704068	0.168116914486685	1	218.012792871187	1244.47314452616	0.497748874437219	0	0	33.7631714344025
RNA-seq	SHUTOFF	Very low	10	5	10	2000	2000	1	1604	396	0.00249376558603491	0.0174563591022444	0.0405236907730673	0.349127182044888	0.0121048017223237	0.0251137054211518	FALSE	0.166666666666667	0.323232323232323	0.444444444444444	0	0.0606060606060606	0.031156982166912	0.084369867054067	0.131709703024537	0.00501293028224361	0.0859828785724688	1	198.896057406634	1074.42681372982	0.490745372686343	0	0	33.6891895532608
RNA-seq	SHUTOFF	Low	10	5	10	2000	2000	1	1604	396	0.00872817955112219	0.036783042394015	0.0841645885286783	0.735660847880299	0.0286229178448472	0.047156605162391	FALSE	0.095959595959596	0.227272727272727	0.328282828282828	0	0	0.0356991287671572	0.110669896618541	0.157654515702251	0.0064915287523381	0.117797180455182	1	213.381564987905	1366.76818693251	0.491745872936468	0	0	33.7834798097611
RNA-seq	SHUTOFF	Medium	10	5	10	2000	2000	1	1604	396	0.0155860349127182	0.0567331670822943	0.109102244389027	1.13466334164589	0.0464353463791328	0.0691490962294087	TRUE	0.0656565656565657	0.19949494949495	0.300505050505051	0	0	0.0317382717317787	0.11730971643951	0.162501278769358	0.0078163312991461	0.143063393713224	1	225.849755141306	1437.31387662648	0.492746373186593	0	0	33.7660526037216
RNA-seq	SHUTOFF	High	10	5	10	2000	2000	1	1604	396	0.0355361596009975	0.071072319201995	0.120947630922693	1.4214463840399	0.0594960092004355	0.0846982193715427	FALSE	0.0883838383838384	0.20959595959596	0.285353535353535	0.013715710723192	0.053030303030303	0.0512896677453693	0.144489871157906	0.218741386077255	0.0105627679101869	0.176828299219209	1	228.568043066006	1519.27691237516	0.492246123061531	0	0	33.6987626552582
RT-qPCR	NONE	Very low	10	5	20	2000	2000	1	1604	396	0.359725685785536	0.368453865336658	0.376558603491272	7.36907730673317	0.345187321937494	0.392348989441412	FALSE	0.565656565656566	0.608585858585859	0.636363636363636	0.363466334164589	0.575757575757576	0.00470247988208402	0.0954461317919859	0.148357792369415	0.0246000851874544	0.340864325875451	1	1149.80415807529	8888.1029117191	0.465982991495748	0	0	30.3430062532425
RT-qPCR	NONE	Low	10	5	20	2000	2000	1	1604	396	0.395885286783042	0.415211970074813	0.435785536159601	8.30423940149626	0.391327917619654	0.439501174074807	FALSE	0.568181818181818	0.623737373737374	0.664141414141414	0.404613466334165	0.598484848484849	-0.0212752018766502	0.0825715022595005	0.110514793290671	0.0253488454246391	0.349302118936088	1	1006.07281702398	7048.32715515354	0.433216608304152	0	0	30.3232365846634
RT-qPCR	NONE	Medium	10	5	20	2000	2000	1	1604	396	0.422693266832918	0.459476309226933	0.491271820448878	9.18952618453865	0.435213602229815	0.483932654830038	FALSE	0.570707070707071	0.613636363636364	0.646464646464647	0.440149625935162	0.590909090909091	-0.0320697963728123	0.0882757499099287	0.111360461004733	0.0260169796094612	0.354401318170276	1	948.945813296072	5862.26476434806	0.428714357178589	0	0	30.3270351886749
RT-qPCR	NONE	High	10	5	20	2000	2000	1	1604	396	0.372817955112219	0.44139650872818	0.47568578553616	8.82793017456359	0.417264836631029	0.465808212040143	FALSE	0.467171717171717	0.532828282828283	0.588383838383838	0.395261845386534	0.494949494949495	-0.0670305030757078	0.0885514087045273	0.103826357459284	0.027919844178743	0.361170235398593	1	781.334236188288	4437.22726139542	0.47423711855928	0	0	30.2914795875549
GAUSS	NONE	Very low	10	5	20	2000	2000	1	1604	396	0.385910224438903	0.406483790523691	0.418952618453865	8.12967581047382	0.38269771541065	0.430716723958241	FALSE	0.593434343434343	0.654040404040404	0.686868686868687	0.39713216957606	0.616161616161616	0.0144073162049032	0.0941032791526278	0.140885706950559	0.0239954824743064	0.33557902394573	1	1423.69612263889	10931.7722645571	0.443471735867934	0	0	30.2631297111511
GAUSS	NONE	Low	10	5	20	2000	2000	1	1604	396	0.409600997506234	0.435162094763092	0.461970074812968	8.70324189526185	0.411083134244455	0.459550877051309	FALSE	0.575757575757576	0.633838383838384	0.676767676767677	0.420199501246883	0.601010101010101	-0.0114328930322137	0.0939928431045215	0.127679111536761	0.0251618041273132	0.348690910941199	1	1169.86566124491	8740.57693257752	0.421210605302651	0	0	30.2984443902969
GAUSS	NONE	Medium	10	5	20	2000	2000	1	1604	396	0.412718204488778	0.471321695760599	0.507481296758105	9.42643391521197	0.446990617116248	0.495789810956878	FALSE	0.497474747474748	0.578282828282828	0.603535353535354	0.43640897755611	0.535353535353535	-0.045325109189104	0.0910536857779954	0.112313486899465	0.0264216415395893	0.355591719696407	1	990.893770334369	6810.12525109301	0.44272136068034	0	0	30.2952609062195
GAUSS	NONE	High	10	5	20	2000	2000	1	1604	396	0.36783042394015	0.443266832917706	0.50498753117207	8.86533665835411	0.419120102781206	0.467684657102588	FALSE	0.411616161616162	0.464646464646465	0.52020202020202	0.395261845386534	0.429292929292929	-0.0752022497954919	0.0928471584368297	0.107240873628297	0.0279731021242574	0.361062394320015	1	796.848374359489	4756.02296653362	0.476488244122061	0	0	30.2442266941071
RNA-seq	NONE	Very low	10	5	20	2000	2000	1	1604	396	0.412094763092269	0.445137157107232	0.473815461346633	8.90274314214464	0.42097571676716	0.469560754329256	FALSE	0.555555555555556	0.603535353535354	0.641414141414141	0.423940149625935	0.573232323232323	-0.0132893595597541	0.0926458570505571	0.121843082191123	0.0251899045808774	0.347847775640765	1	1170.69475317334	9230.85982421407	0.432216108054027	0	0	30.194597363472
RNA-seq	NONE	Low	10	5	20	2000	2000	1	1604	396	0.403990024937656	0.461970074812968	0.486907730673317	9.23940149625935	0.437691827804167	0.486430044205849	FALSE	0.45959595959596	0.515151515151515	0.568181818181818	0.42643391521197	0.482323232323232	-0.045451990344206	0.090228190369336	0.11058885302197	0.0265164151304015	0.356319143701881	1	962.819719228573	6799.6586557862	0.44472236118059	0	0	30.2489229440689
RNA-seq	NONE	Medium	10	5	20	2000	2000	1	1604	396	0.376558603491272	0.440149625935162	0.480049875311721	8.80299251870324	0.416028185997285	0.464557055198805	FALSE	0.452020202020202	0.515151515151515	0.558080808080808	0.399625935162095	0.472222222222222	-0.0605532432637666	0.0906359044863716	0.108869713639118	0.0273849685899703	0.358579662140082	1	850.285841568094	6053.35948199676	0.465982991495748	0	0	30.2120835781097
RNA-seq	NONE	High	10	5	20	2000	2000	1	1604	396	0.331047381546135	0.389650872817955	0.44139650872818	7.7930174563591	0.366075958421273	0.413753080034018	FALSE	0.406565656565657	0.454545454545455	0.5	0.349127182044888	0.414141414141414	-0.0686040776725828	0.0921391539273218	0.107867641116498	0.0281247264887091	0.359997446188365	1	762.681233230205	5331.80572530091	0.498999499749875	0	0	30.2147316932678
RT-qPCR	SHUTOFF	Very low	10	5	20	2000	2000	1	1604	396	0.0579800498753117	0.0928927680798005	0.136533665835411	1.85785536159601	0.0796432949455809	0.108087564440323	FALSE	0.285353535353535	0.467171717171717	0.568181818181818	0.0455112219451372	0.227272727272727	0.00449612231466434	0.069930781942029	0.100620880029191	0.0122763170733507	0.188733571771742	1	211.996992070276	762.567446326367	0.490245122561281	0	0	33.7353242635727
RT-qPCR	SHUTOFF	Low	10	5	20	2000	2000	1	1604	396	0.0243142144638404	0.0754364089775561	0.125311720698254	1.50872817955112	0.0635021990627933	0.0893993556719701	FALSE	0.204545454545455	0.351010101010101	0.482323232323232	0.0124688279301746	0.121212121212121	-0.0113706873807773	0.0672579189049004	0.0881987984357645	0.0128882687859073	0.196697675690683	1	198.412301894029	734.469237530365	0.491745872936468	0	0	33.6623032093048
RT-qPCR	SHUTOFF	Medium	10	5	20	2000	2000	1	1604	396	0.0193266832917706	0.0654613466334165	0.112219451371571	1.30922693266833	0.0543652946313422	0.0786338003027695	FALSE	0.146464646464646	0.295454545454545	0.406565656565657	0.00498753117206983	0.0328282828282828	-0.0235237433518787	0.0663148511584692	0.0827131670432883	0.0150512353483302	0.228067811786579	1	196.309295444141	864.840177394947	0.493246623311656	0	0	33.7100586891174
RT-qPCR	SHUTOFF	High	10	5	20	2000	2000	1	1604	396	0.0236907730673317	0.0798004987531172	0.130922693266833	1.59600997506234	0.0675208896352295	0.094087991262319	FALSE	0.101010101010101	0.204545454545455	0.295454545454545	0	0	-0.0490092856512108	0.0835035941384698	0.0982503824568885	0.0186025130360397	0.273886835870377	1	201.749024862603	1039.10041904633	0.492746373186593	0	0	33.7331629991531
GAUSS	SHUTOFF	Very low	10	5	20	2000	2000	1	1604	396	0.0399002493765586	0.0885286783042394	0.132793017456359	1.77057356608479	0.0755921961962345	0.103431337026884	FALSE	0.244949494949495	0.398989898989899	0.505050505050505	0.027431421446384	0.179292929292929	0.0333837012898474	0.0991937940316543	0.173790696559622	0.0120110013555762	0.17610427435262	1	264.917606718746	1027.45652619545	0.486993496748374	0	0	33.7333003282547
GAUSS	SHUTOFF	Low	10	5	20	2000	2000	1	1604	396	0.0243142144638404	0.0760598503740648	0.128428927680798	1.5211970074813	0.0640755552999902	0.0900699031723139	FALSE	0.186868686868687	0.353535353535354	0.454545454545455	0.00872817955112219	0.116161616161616	0.0339054796556332	0.100686318145435	0.169975497476687	0.0127719518303247	0.184117003357265	1	258.766982305663	1083.40370939411	0.488244122061031	0	0	33.7554507255554
GAUSS	SHUTOFF	Medium	10	5	20	2000	2000	1	1604	396	0.0342892768079801	0.0766832917705736	0.11783042394015	1.53366583541147	0.0646491635715123	0.0907401986383325	FALSE	0.146464646464646	0.265151515151515	0.381313131313131	0.00997506234413965	0.0732323232323232	0.0131785850616048	0.114955576489639	0.194052631769772	0.0155202251628499	0.224308471375636	1	259.523639496763	1188.01832426705	0.494247123561781	0	0	33.7241203784943
GAUSS	SHUTOFF	High	10	5	20	2000	2000	1	1604	396	0.0536159600997506	0.125935162094763	0.18640897755611	2.51870324189526	0.110587222993431	0.143070534482132	FALSE	0.118686868686869	0.252525252525253	0.345959595959596	0.0218204488778055	0.0707070707070707	0.024836682847323	0.132580633812993	0.194916935762022	0.0171246493189112	0.242983889718522	1	245.880389814951	1188.28667563174	0.495747873936969	0	0	33.707127571106
RNA-seq	SHUTOFF	Very low	10	5	20	2000	2000	1	1604	396	0.0268079800498753	0.071072319201995	0.114089775561097	1.4214463840399	0.0594960092004355	0.0846982193715427	FALSE	0.202020202020202	0.366161616161616	0.431818181818182	0.0124688279301746	0.113636363636364	0.0284654052909223	0.0989570228997316	0.152787860855774	0.0129419330993422	0.185720903555405	1	257.880080250155	1056.61397930532	0.491245622811406	0	0	33.7063496112824
RNA-seq	SHUTOFF	Low	10	5	20	2000	2000	1	1604	396	0.0330423940149626	0.0729426433915212	0.132793017456359	1.45885286783042	0.0612113523105304	0.0867145874740701	FALSE	0.146464646464646	0.257575757575758	0.343434343434343	0.0155860349127182	0.0883838383838384	0.0264168495344245	0.111294426727767	0.172022571340272	0.0152093809373184	0.216013429536367	1	267.400662444547	1264.53681990949	0.491495747873937	0	0	33.7330816984177
RNA-seq	SHUTOFF	Medium	10	5	20	2000	2000	1	1604	396	0.0386533665835412	0.0885286783042394	0.129675810473815	1.77057356608479	0.0755921961962345	0.103431337026884	FALSE	0.131313131313131	0.262626262626263	0.363636363636364	0.00997506234413965	0.0378787878787879	0.0351965384867715	0.128931308859916	0.224884705530618	0.0166342833081986	0.234005284410385	1	257.619957988019	1364.99546054933	0.490745372686343	0	0	33.7770975828171
RNA-seq	SHUTOFF	High	10	5	20	2000	2000	1	1604	396	0.0741895261845387	0.130299251870324	0.185162094763092	2.60598503740648	0.114704439097307	0.147660644541041	FALSE	0.179292929292929	0.29040404040404	0.361111111111111	0.0542394014962594	0.101010101010101	0.0293269997467888	0.135827132143255	0.218649520823911	0.0172334199366611	0.240572908945918	1	261.301627711137	1528.21305436662	0.490745372686343	0	0	33.7362288236618
RT-qPCR	NONE	Very low	10	5	50	2000	2000	1	1604	396	0.372817955112219	0.380922693266833	0.388403990024938	7.61845386533666	0.357468951902053	0.404945434227668	FALSE	0.535353535353535	0.603535353535354	0.631313131313131	0.375935162094763	0.568181818181818	0.00802843091917108	0.10149121094759	0.179797117845246	0.0247430500548608	0.340920936018517	1	1167.20247763762	8379.35237405998	0.457728864432216	0	0	30.3720279932022
RT-qPCR	NONE	Low	10	5	50	2000	2000	1	1604	396	0.39713216957606	0.427680798004988	0.448877805486284	8.55361596009975	0.403670225540996	0.45203694090428	FALSE	0.555555555555556	0.621212121212121	0.641414141414141	0.408977556109726	0.585858585858586	-0.016611310163053	0.088484849312022	0.115862614689342	0.0252779333773374	0.348749649105798	1	999.290831403638	7152.96601915374	0.425212606303152	0	0	30.3814038038254
RT-qPCR	NONE	Medium	10	5	50	2000	2000	1	1604	396	0.411471321695761	0.450748129675811	0.478179551122195	9.01496259351621	0.426544641420099	0.475186963314184	FALSE	0.540404040404041	0.601010101010101	0.633838383838384	0.429551122194514	0.550505050505051	-0.0378978880770663	0.0864392940046364	0.108136351556645	0.0260246481988332	0.353323658799865	1	964.033637077448	6180.42742474634	0.433216608304152	0	0	30.3550825119019
RT-qPCR	NONE	High	10	5	50	2000	2000	1	1604	396	0.406483790523691	0.468827930174564	0.520573566084788	9.37655860349127	0.44451010067043	0.493294712452533	FALSE	0.411616161616162	0.48989898989899	0.568181818181818	0.433291770573566	0.454545454545455	-0.0724383064858279	0.090570349368919	0.105287123154239	0.0276500380002911	0.36063400640897	1	770.447076343567	4525.38891319269	0.478739369684842	0	0	30.3185708522797
GAUSS	NONE	Very low	10	5	50	2000	2000	1	1604	396	0.390274314214464	0.401496259351621	0.412094763092269	8.02992518703242	0.37776968473616	0.425693524732405	FALSE	0.563131313131313	0.611111111111111	0.656565656565657	0.395261845386534	0.595959595959596	0.0147461431623056	0.0974361537762677	0.16134681232198	0.0242066904820027	0.338383091986702	1	1365.81092321521	10822.0579824133	0.435467733866934	0	0	30.2802389860153
GAUSS	NONE	Low	10	5	50	2000	2000	1	1604	396	0.413341645885287	0.437032418952619	0.463840399002494	8.74064837905237	0.412937237563463	0.461428484944924	FALSE	0.575757575757576	0.641414141414141	0.671717171717172	0.4214463840399	0.616161616161616	-0.0127862528747335	0.0900969590089914	0.126475369779858	0.0252054854404037	0.348952795240901	1	1148.436828755	8755.55619246542	0.410205102551276	0	0	30.2902412414551
GAUSS	NONE	Medium	10	5	50	2000	2000	1	1604	396	0.414588528678304	0.460099750623441	0.496882793017456	9.20199501246883	0.435833101229423	0.484557059567971	FALSE	0.487373737373737	0.580808080808081	0.618686868686869	0.43142144638404	0.537878787878788	-0.0501268160753392	0.0884629213457157	0.107523003524216	0.0266194183812205	0.356146099381979	1	986.749726472375	6357.91251791558	0.439719859929965	0	0	30.2779881954193
GAUSS	NONE	High	10	5	50	2000	2000	1	1604	396	0.385910224438903	0.468204488778055	0.512468827930175	9.3640897755611	0.44389006685627	0.492670842529153	FALSE	0.439393939393939	0.51010101010101	0.555555555555556	0.413341645885287	0.467171717171717	-0.0759202040763377	0.0898060488075334	0.103199448749192	0.0279089082697895	0.360590177097682	1	801.121455057039	4668.44895781136	0.485742871435718	0	0	30.2548743486404
RNA-seq	NONE	Very low	10	5	50	2000	2000	1	1604	396	0.407107231920199	0.435162094763092	0.451995012468828	8.70324189526185	0.411083134244455	0.459550877051309	FALSE	0.525252525252525	0.598484848484849	0.641414141414141	0.413965087281795	0.560606060606061	-0.0245149801082678	0.0880552043444862	0.118046236169893	0.0253526641122633	0.347947228477582	1	1148.12666836234	8943.37052750372	0.420460230115058	0	0	30.2181562185288
RNA-seq	NONE	Low	10	5	50	2000	2000	1	1604	396	0.412718204488778	0.465087281795511	0.496882793017456	9.30174563591022	0.440790470021308	0.489550920676411	FALSE	0.47979797979798	0.545454545454545	0.580808080808081	0.428927680798005	0.512626262626263	-0.0465658085378343	0.0886181112237113	0.109755842297171	0.0265557351690541	0.356558320617009	1	960.769422121242	6559.53030844243	0.448474237118559	0	0	30.2643229961395
RNA-seq	NONE	Medium	10	5	50	2000	2000	1	1604	396	0.390897755610973	0.447007481296758	0.488778054862843	8.94014962593516	0.422831678149131	0.471436504159907	FALSE	0.452020202020202	0.52020202020202	0.558080808080808	0.412094763092269	0.47979797979798	-0.0552703045104625	0.09108861301961	0.111893151451297	0.0271266148916017	0.357459798997498	1	843.325145227034	6147.52313042538	0.465482741370685	0	0	30.2297838926315
RNA-seq	NONE	High	10	5	50	2000	2000	1	1604	396	0.335411471321696	0.410224438902743	0.451995012468828	8.20448877805486	0.386395418450712	0.434482443343423	FALSE	0.371212121212121	0.436868686868687	0.492424242424242	0.35785536159601	0.401515151515151	-0.0720151776929161	0.0938519955476804	0.10820272393056	0.0280934841266875	0.359942426601614	1	789.229458863002	5465.24691731504	0.495247623811906	0	0	30.2535046339035
RT-qPCR	SHUTOFF	Very low	10	5	50	2000	2000	1	1604	396	0.273067331670823	0.339152119700748	0.378428927680798	6.78304239401496	0.316392633285978	0.362680202428514	FALSE	0.558080808080808	0.641414141414141	0.689393939393939	0.295511221945137	0.583333333333333	-0.031243385840946	0.0715047002033065	0.0891701849179118	0.0267979531177293	0.337884725616792	1	427.309200904337	1090.520274937	0.505752876438219	0	0	33.759068608284
RT-qPCR	SHUTOFF	Low	10	5	50	2000	2000	1	1604	396	0.212593516209476	0.29426433915212	0.344139650872818	5.88528678304239	0.272475531480693	0.317036235130866	FALSE	0.441919191919192	0.585858585858586	0.681818181818182	0.222568578553616	0.467171717171717	-0.0397069013155919	0.0725677922084691	0.0914545917935322	0.0264952995473973	0.332056741472915	1	365.654985381044	1006.01441178559	0.506253126563282	0	0	33.8307105302811
RT-qPCR	SHUTOFF	Medium	10	5	50	2000	2000	1	1604	396	0.139650872817955	0.221945137157107	0.28428927680798	4.43890274314214	0.202286525196631	0.242932407860203	FALSE	0.325757575757576	0.482323232323232	0.583333333333333	0.13715710723192	0.313131313131313	-0.0583746465583991	0.0771059419293334	0.0915283765940653	0.0263788975428818	0.329892541073404	1	323.595174893164	1037.30206235863	0.505752876438219	0	0	33.8869549036026
RT-qPCR	SHUTOFF	High	10	5	50	2000	2000	1	1604	396	0.0704488778054863	0.15211970074813	0.218204488778055	3.04239401496259	0.135376771762575	0.170524942689698	FALSE	0.194444444444444	0.340909090909091	0.439393939393939	0.0336658354114713	0.128787878787879	-0.0761889393527021	0.0859531097305728	0.0990209534202838	0.0264328522888453	0.334135925439532	1	275.215893400733	1354.13064240395	0.509004502251126	0	0	33.8674790859222
GAUSS	SHUTOFF	Very low	10	5	50	2000	2000	1	1604	396	0.301745635910224	0.365336658354115	0.399002493765586	7.30673316708229	0.342119538570617	0.389197254120585	FALSE	0.565656565656566	0.674242424242424	0.724747474747475	0.324812967581047	0.613636363636364	0.0473083542065269	0.134006416464852	0.265534732909082	0.0261257798322036	0.343627902158604	1	897.870912337258	3695.00368248333	0.506753376688344	0	0	33.751881480217
GAUSS	SHUTOFF	Low	10	5	50	2000	2000	1	1604	396	0.197630922693267	0.277431421446384	0.334164588528678	5.54862842892768	0.256071860052775	0.299854505645185	FALSE	0.45959595959596	0.578282828282828	0.641414141414141	0.208852867830424	0.472222222222222	0.0237081148882503	0.122375925277959	0.230626578695253	0.0249481608074761	0.325318328678963	1	681.40188950473	2719.25277642645	0.506253126563282	0	0	33.8216248750687
GAUSS	SHUTOFF	Medium	10	5	50	2000	2000	1	1604	396	0.135286783042394	0.217581047381546	0.28428927680798	4.35162094763092	0.198076804028168	0.238434802865882	FALSE	0.303030303030303	0.419191919191919	0.535353535353535	0.126558603491272	0.287878787878788	-0.00298664826042085	0.117317331639855	0.210973617715316	0.0231431382919704	0.294977232759168	1	530.84300269716	2195.80885999367	0.504252126063031	0	0	33.7804007530212
GAUSS	SHUTOFF	High	10	5	50	2000	2000	1	1604	396	0.134663341645885	0.218827930174564	0.286159600997506	4.37655860349127	0.19927924786556	0.239720166503571	FALSE	0.275252525252525	0.371212121212121	0.462121212121212	0.124064837905237	0.262626262626263	0.00496996627719624	0.124416348077734	0.190176490688424	0.0221435454072716	0.288272352011961	1	425.744523499687	1872.84820716899	0.519509754877439	0	0	33.8647609949112
RNA-seq	SHUTOFF	Very low	10	5	50	2000	2000	1	1604	396	0.21072319201995	0.298628428927681	0.343516209476309	5.97256857855362	0.27673436552968	0.321484727244665	FALSE	0.452020202020202	0.578282828282828	0.641414141414141	0.223815461346633	0.46969696969697	0.0129704784702174	0.10710205061098	0.186924578300121	0.0249329247428923	0.32186283876647	1	704.211718988313	2808.70062077302	0.504752376188094	0	0	33.8260905742645
RNA-seq	SHUTOFF	Low	10	5	50	2000	2000	1	1604	396	0.149625935162095	0.221321695760599	0.287406483790524	4.42643391521197	0.201684937085045	0.242290092234249	FALSE	0.313131313131313	0.436868686868687	0.505050505050505	0.140274314214464	0.308080808080808	0.00816796643220661	0.124733298689155	0.209463481154446	0.0229283565328669	0.294829269848538	1	532.313276561835	2472.71134080543	0.505252626313157	0	0	33.8011527061462
RNA-seq	SHUTOFF	Medium	10	5	50	2000	2000	1	1604	396	0.129675810473815	0.22568578553616	0.276184538653367	4.51371571072319	0.205897431406803	0.246784924075277	FALSE	0.330808080808081	0.474747474747475	0.545454545454545	0.125311720698254	0.315656565656566	0.0277971500156075	0.139352131468045	0.359523187906059	0.0224823098303849	0.289873206765706	1	490.679042149851	2522.18283295359	0.505752876438219	0	0	33.802664399147
RNA-seq	SHUTOFF	High	10	5	50	2000	2000	1	1604	396	0.134663341645885	0.226932668329177	0.289900249376559	4.53865336658354	0.207101586948916	0.248068576008245	FALSE	0.292929292929293	0.396464646464646	0.472222222222222	0.122194513715711	0.282828282828283	0.000226093120915135	0.125408736008755	0.173765237651853	0.0227146864741502	0.296008224194229	1	443.997124981947	2514.82712399091	0.510255127563782	0	0	33.8146426677704
RT-qPCR	NONE	Very low	10	10	5	2000	2000	1	1604	396	0.395885286783042	0.400249376558604	0.408354114713217	8.00498753117207	0.3765380786545	0.424437323338983	FALSE	0.626262626262626	0.676767676767677	0.70959595959596	0.39713216957606	0.648989898989899	0.0121080234654434	0.0861745674943118	0.148606553568498	0.0240741656809161	0.336891288587963	1	1119.87768678524	8427.15162606166	0.465732866433217	0	0	30.7287504673004
RT-qPCR	NONE	Low	10	10	5	2000	2000	1	1604	396	0.410224438902743	0.425187032418953	0.445137157107232	8.50374064837905	0.401200506177093	0.449531045318019	FALSE	0.601010101010101	0.648989898989899	0.702020202020202	0.417082294264339	0.621212121212121	-0.00676383165976391	0.0826626593023146	0.11798994639846	0.0248746100834996	0.343829370733657	1	1031.68504612592	7652.75690833049	0.434967483741871	0	0	30.7009786367416
RT-qPCR	NONE	Medium	10	10	5	2000	2000	1	1604	396	0.427680798004988	0.460099750623441	0.485660847880299	9.20199501246883	0.435833101229423	0.484557059567971	FALSE	0.570707070707071	0.646464646464647	0.681818181818182	0.442019950124688	0.603535353535354	-0.0277000202940374	0.0822207976668477	0.109502994901894	0.0255940802376739	0.350779608209752	1	983.445441482825	7223.91503103779	0.409704852426213	0	0	30.7097570896149
RT-qPCR	NONE	High	10	10	5	2000	2000	1	1604	396	0.423940149625935	0.482543640897756	0.531172069825436	9.65087281795511	0.458160476864774	0.507010218484086	FALSE	0.505050505050505	0.565656565656566	0.621212121212121	0.453865336658354	0.545454545454545	-0.0598337558653555	0.0877571641282631	0.10369592378677	0.0270240899036846	0.358513927162073	1	842.897967285622	5431.11072495237	0.452976488244122	0	0	30.734512925148
GAUSS	NONE	Very low	10	10	5	2000	2000	1	1604	396	0.407107231920199	0.415211970074813	0.423316708229426	8.30423940149626	0.391327917619654	0.439501174074807	FALSE	0.616161616161616	0.669191919191919	0.691919191919192	0.412718204488778	0.641414141414141	0.0146919577402377	0.0878190209966118	0.143035555500744	0.0238385752311478	0.332468240295358	1	1360.96671125383	10381.7716373652	0.445972986493247	0	0	30.7238626480103
GAUSS	NONE	Low	10	10	5	2000	2000	1	1604	396	0.432668329177057	0.455112219451372	0.471945137157107	9.10224438902743	0.430878181792934	0.479560749104133	FALSE	0.636363636363636	0.681818181818182	0.70959595959596	0.445760598503741	0.659090909090909	-0.00155613705792304	0.0842509352049761	0.125462783924633	0.0248249188643344	0.344356108804526	1	1157.14612298047	9697.21021320572	0.425712856428214	0	0	30.6787256002426
GAUSS	NONE	Medium	10	10	5	2000	2000	1	1604	396	0.432044887780549	0.473192019950125	0.511845386533666	9.46384039900249	0.448851404462596	0.497660734823153	FALSE	0.601010101010101	0.656565656565657	0.69949494949495	0.448254364089776	0.636363636363636	-0.0273374178785845	0.0847807426615674	0.109959253882807	0.0257558729352616	0.351936489974477	1	1055.39468245728	8031.09584053728	0.413456728364182	0	0	30.6658111810684
GAUSS	NONE	High	10	10	5	2000	2000	1	1604	396	0.420199501246883	0.488154613466334	0.521197007481297	9.76309226932668	0.463750022985655	0.512615806001072	FALSE	0.494949494949495	0.585858585858586	0.628787878787879	0.449501246882793	0.542929292929293	-0.061726902172745	0.0869477344272257	0.102147188159479	0.0271888078885715	0.359290356740402	1	885.008812371404	5580.40701031269	0.465982991495748	0	0	30.7314715385437
RNA-seq	NONE	Very low	10	10	5	2000	2000	1	1604	396	0.417705735660848	0.439526184538653	0.46072319201995	8.79052369077307	0.415409918772103	0.463931418686446	FALSE	0.585858585858586	0.643939393939394	0.674242424242424	0.427680798004988	0.621212121212121	-0.00684399848595258	0.0924677300071329	0.13896154760981	0.0247604959873659	0.342445591373523	1	1138.5592962442	9326.33838805343	0.429214607303652	0	0	30.7150896787643
RNA-seq	NONE	Low	10	10	5	2000	2000	1	1604	396	0.434538653366584	0.476932668329177	0.511845386533666	9.53865336658354	0.452574006842647	0.501401554868347	FALSE	0.558080808080808	0.606060606060606	0.643939393939394	0.451995012468828	0.583333333333333	-0.03084963020127	0.087808665314357	0.118459785609582	0.0258322634377122	0.351747494475552	1	1043.01456411428	8000.27526541245	0.437968984492246	0	0	30.731786608696
RNA-seq	NONE	Medium	10	10	5	2000	2000	1	1604	396	0.425187032418953	0.47069825436409	0.511845386533666	9.4139650872818	0.446370430843683	0.495166093491903	FALSE	0.492424242424242	0.583333333333333	0.628787878787879	0.445137157107232	0.53030303030303	-0.0491705427513835	0.0820981211519695	0.0990814642834956	0.0264447083540283	0.355503952294793	1	976.051465210939	7383.64182547762	0.447223611805903	0	0	30.6681090593338
RNA-seq	NONE	High	10	10	5	2000	2000	1	1604	396	0.386533665835412	0.44139650872818	0.488778054862843	8.82793017456359	0.417264836631029	0.465808212040143	FALSE	0.44949494949495	0.51010101010101	0.550505050505051	0.407730673316708	0.47979797979798	-0.0615722805057017	0.0924346420289656	0.115545676652136	0.0274827585527953	0.358082681807181	1	842.307314006148	6374.25899584808	0.473736868434217	0	0	30.6311002969742
RT-qPCR	SHUTOFF	Very low	10	10	5	2000	2000	1	1604	396	0	0	0	0	0	0.00238920249233511	FALSE	0.348484848484849	0.482323232323232	0.590909090909091	0	0.255050505050505	0.00937469325891604	0.0279907702295353	0.048474598526004	0.00337922915146739	0.0476294423158782	1	175.321128734489	727.833214749188	0.495497748874437	0	0	34.1463940143585
RT-qPCR	SHUTOFF	Low	10	10	5	2000	2000	1	1604	396	0	0.00623441396508728	0.0261845386533666	0.124688279301746	0.00338992806082571	0.0114383118069167	FALSE	0.277777777777778	0.44949494949495	0.52020202020202	0	0.189393939393939	0.00485750749993538	0.0527047428678725	0.0811769897020693	0.0034980555534923	0.0598327743097727	1	181.965176382851	830.323414858409	0.495247623811906	0	0	34.1167289018631
RT-qPCR	SHUTOFF	Medium	10	10	5	2000	2000	1	1604	396	0	0.0199501246882793	0.0586034912718205	0.399002493765586	0.014166734201226	0.0280273878924124	FALSE	0.171717171717172	0.353535353535354	0.457070707070707	0	0.103535353535354	0.0211791757134598	0.0880615896218328	0.123069228066655	0.0039957205077409	0.0812035147533319	1	198.110791904263	955.947777028319	0.497248624312156	0	0	34.1370009183884
RT-qPCR	SHUTOFF	High	10	10	5	2000	2000	1	1604	396	0.00935162094763092	0.0492518703241895	0.10286783042394	0.98503740648379	0.0396969191623994	0.0609606785956533	TRUE	0.0883838383838384	0.191919191919192	0.29040404040404	0	0	0.0292512742179711	0.117389048570583	0.152832273326962	0.00706273089119856	0.142537450746484	1	226.992250785104	1186.91162423648	0.501750875437719	0	0	34.1090670824051
GAUSS	SHUTOFF	Very low	10	10	5	2000	2000	1	1604	396	0	0.000623441396508728	0.00249376558603491	0.0124688279301746	0.000110061193549702	0.00352304503632614	FALSE	0.313131313131313	0.434343434343434	0.553030303030303	0	0.237373737373737	0.000502034509656651	0.0340898508412173	0.0544852079462038	0.00341866714999322	0.0485164936150372	1	204.810476960549	1033.2271137152	0.494247123561781	0	0	34.0587270259857
GAUSS	SHUTOFF	Low	10	10	5	2000	2000	1	1604	396	0	0.00872817955112219	0.0380299251870324	0.174563591022444	0.00520628472097099	0.0145975700969343	FALSE	0.27020202020202	0.381313131313131	0.46969696969697	0	0.159090909090909	0.00873031888618801	0.0684765229890657	0.105028963579043	0.00341358164878244	0.0640528004790739	1	212.109765162036	1184.08400993177	0.496498249124562	0	0	34.0982526540756
GAUSS	SHUTOFF	Medium	10	10	5	2000	2000	1	1604	396	0.0043640897755611	0.0324189526184539	0.0829177057356609	0.648379052369077	0.0248072707331981	0.0422649261112549	FALSE	0.143939393939394	0.285353535353535	0.388888888888889	0	0	0.0338663081801304	0.105621649867545	0.14859672781898	0.00417840359524477	0.0928081504145148	1	225.96371242952	1286.34390470963	0.499249624812406	0	0	34.0641205310822
GAUSS	SHUTOFF	High	10	10	5	2000	2000	1	1604	396	0.00997506234413965	0.0529925187032419	0.103491271820449	1.05985037406484	0.0430586426087527	0.0650623775745445	TRUE	0.0505050505050505	0.154040404040404	0.25	0	0	0.0399619132194523	0.134538661518963	0.179522488531456	0.00684113710831963	0.13829198264162	1	240.331835562597	1466.09280582617	0.501250625312656	0	0	33.9977856874466
RNA-seq	SHUTOFF	Very low	10	10	5	2000	2000	1	1604	396	0.00187032418952618	0.0124688279301746	0.0374064837905237	0.249376558603491	0.00808603685029264	0.0191812403928571	FALSE	0.237373737373737	0.393939393939394	0.492424242424242	0.000623441396508728	0.159090909090909	0.0182374053040934	0.0651177501764678	0.101152781076211	0.00345485093185942	0.0664755180917786	1	209.146198711814	1134.90225110534	0.495247623811906	0	0	34.0327923297882
RNA-seq	SHUTOFF	Low	10	10	5	2000	2000	1	1604	396	0.00685785536159601	0.0386533665835412	0.0704488778054863	0.773067331670823	0.0302689944350469	0.0492422397848135	FALSE	0.108585858585859	0.21969696969697	0.310606060606061	0	0	-3.02023666986489e-05	0.094401372161524	0.129247424032628	0.00436161165295843	0.0916329425117005	1	237.871279731476	1412.16819203632	0.496748374187094	0	0	34.1516379117966
RNA-seq	SHUTOFF	Medium	10	10	5	2000	2000	1	1604	396	0.0105985037406484	0.0492518703241895	0.100374064837905	0.98503740648379	0.0396969191623994	0.0609606785956533	TRUE	0.0984848484848485	0.21969696969697	0.320707070707071	0	0	0.0187106881221586	0.110265608964328	0.152876109056562	0.00535159561230435	0.113905639876527	1	244.583529342653	1520.95290766178	0.49799899949975	0	0	34.1708787679672
RNA-seq	SHUTOFF	High	10	10	5	2000	2000	1	1604	396	0.0218204488778055	0.064214463840399	0.115336658354115	1.28428927680798	0.0532284436219165	0.0772828438371137	FALSE	0.108585858585859	0.217171717171717	0.300505050505051	0.00561097256857855	0.0328282828282828	0.0485031547137595	0.136525469558313	0.189860144899226	0.00729812268205265	0.148117740172458	1	261.12463554828	1754.78077037374	0.500750375187594	0	0	34.249743938446
RT-qPCR	NONE	Very low	10	10	10	2000	2000	1	1604	396	0.402743142144638	0.406483790523691	0.415835411471322	8.12967581047382	0.38269771541065	0.430716723958241	FALSE	0.633838383838384	0.694444444444445	0.724747474747475	0.404613466334165	0.661616161616162	0.0112612806899587	0.0800635962469216	0.128506114113483	0.0241783973131125	0.337681278821401	1	1118.96838108583	8306.15854830479	0.457228614307154	0	0	30.7569798231125
RT-qPCR	NONE	Low	10	10	10	2000	2000	1	1604	396	0.417705735660848	0.435162094763092	0.449501246882793	8.70324189526185	0.411083134244455	0.459550877051309	FALSE	0.628787878787879	0.686868686868687	0.722222222222222	0.427057356608479	0.661616161616162	-0.00182076541741097	0.0813729018450189	0.117912777836098	0.0248751927327559	0.344205661059955	1	1032.14050154457	7467.81280061204	0.429714857428714	0	0	30.669855594635
RT-qPCR	NONE	Medium	10	10	10	2000	2000	1	1604	396	0.43142144638404	0.461970074812968	0.489401496259352	9.23940149625935	0.437691827804167	0.486430044205849	FALSE	0.603535353535354	0.669191919191919	0.707070707070707	0.443266832917706	0.633838383838384	-0.0216951600410443	0.0791431936846855	0.102885384451061	0.0255018119681978	0.350597017570261	1	947.1759099042	7119.21560261147	0.411705852926463	0	0	30.6212520599365
RT-qPCR	NONE	High	10	10	10	2000	2000	1	1604	396	0.428927680798005	0.485660847880299	0.521820448877806	9.71321695760598	0.461265400720798	0.510124813315765	FALSE	0.545454545454545	0.631313131313131	0.669191919191919	0.453241895261845	0.575757575757576	-0.0572870485482206	0.0857318342327439	0.101317166333525	0.0271247958449558	0.358388151531198	1	844.626338166477	5300.0711129234	0.461480740370185	0	0	30.6444778442383
GAUSS	NONE	Very low	10	10	10	2000	2000	1	1604	396	0.415835411471322	0.422069825436409	0.430798004987531	8.44139650872818	0.398114239427339	0.44639779338007	FALSE	0.664141414141414	0.70959595959596	0.742424242424242	0.418329177057357	0.686868686868687	0.0209390738786152	0.0881402946290412	0.142390899492916	0.0238155001211593	0.333571567361955	1	1364.48619370503	10052.4177566011	0.441470735367684	0	0	30.5976750850678
GAUSS	NONE	Low	10	10	10	2000	2000	1	1604	396	0.430798004987531	0.45573566084788	0.475062344139651	9.11471321695761	0.431497412566966	0.480185422067643	FALSE	0.633838383838384	0.70959595959596	0.757575757575758	0.444513715710723	0.661616161616162	-0.00463025618012735	0.0818337555361107	0.114622702732318	0.0246931926358695	0.343489605032597	1	1159.68562368945	8962.32867758702	0.425962981490745	0	0	30.5859026908875
GAUSS	NONE	Medium	10	10	10	2000	2000	1	1604	396	0.437032418952619	0.482543640897756	0.509351620947631	9.65087281795511	0.458160476864774	0.507010218484086	FALSE	0.570707070707071	0.626262626262626	0.674242424242424	0.461346633416459	0.606060606060606	-0.0305347231210631	0.0877290098351729	0.11460143276782	0.0257967432331995	0.352699416237671	1	1041.42738124741	7689.43768604362	0.418209104552276	0	0	30.6169103384018
GAUSS	NONE	High	10	10	10	2000	2000	1	1604	396	0.438902743142145	0.493765586034913	0.538653366583541	9.87531172069825	0.469342642176486	0.518218320448106	FALSE	0.467171717171717	0.542929292929293	0.568181818181818	0.462593516209476	0.512626262626263	-0.0668821123234654	0.0843290239107818	0.0993610635647235	0.0272158732456887	0.359307148593759	1	872.238046804096	6055.00019779728	0.460730365182591	0	0	30.6679418087006
RNA-seq	NONE	Very low	10	10	10	2000	2000	1	1604	396	0.42643391521197	0.447630922693267	0.464463840399003	8.95261845386534	0.42345040906848	0.472061676978099	FALSE	0.613636363636364	0.654040404040404	0.69949494949495	0.433291770573566	0.638888888888889	-0.000753032353505681	0.0893807225479552	0.130834950798395	0.0246046858879646	0.342584806121379	1	1166.53503939062	9735.69843747396	0.417208604302151	0	0	30.6141638755798
RNA-seq	NONE	Low	10	10	10	2000	2000	1	1604	396	0.4214463840399	0.477556109725686	0.518703241895262	9.55112219451371	0.453194573707512	0.502024891741022	FALSE	0.570707070707071	0.648989898989899	0.69949494949495	0.448877805486284	0.611111111111111	-0.0295949729799077	0.084629176074162	0.110482509788225	0.0258749203219652	0.352815251055969	1	1073.66707070135	7718.93083339462	0.431465732866433	0	0	30.6399347782135
RNA-seq	NONE	Medium	10	10	10	2000	2000	1	1604	396	0.407107231920199	0.452618453865337	0.492518703241895	9.05236907730673	0.428401642507313	0.477061673439591	FALSE	0.502525252525253	0.547979797979798	0.601010101010101	0.423940149625935	0.522727272727273	-0.046480161465908	0.0887343397383926	0.109105294158414	0.0265307074340586	0.35647530032293	1	962.032176935313	7366.32681463509	0.444222111055528	0	0	30.5594645738602
RNA-seq	NONE	High	10	10	10	2000	2000	1	1604	396	0.378428927680798	0.443890274314215	0.493142144638404	8.87780548628429	0.419738602150143	0.468310061471191	FALSE	0.444444444444444	0.512626262626263	0.545454545454545	0.408977556109726	0.464646464646465	-0.0656725095724694	0.0906311709591534	0.106862645166499	0.0273024189494719	0.358017348137587	1	838.372027044386	6867.91638455952	0.480490245122561	0	0	30.593689084053
RT-qPCR	SHUTOFF	Very low	10	10	10	2000	2000	1	1604	396	0.00187032418952618	0.00685785536159601	0.0193266832917706	0.13715710723192	0.00383361603484408	0.0122385275704391	FALSE	0.411616161616162	0.575757575757576	0.694444444444445	0.00124688279301746	0.333333333333333	0.0153563968610848	0.0350290489092052	0.0600981512586781	0.00533140881233138	0.0811969583605448	1	140.732245859915	603.268954774649	0.492246123061531	0	0	34.0343084335327
RT-qPCR	SHUTOFF	Low	10	10	10	2000	2000	1	1604	396	0	0.00997506234413965	0.0423940149625935	0.199501246882793	0.00614929101460959	0.0161423712783772	FALSE	0.345959595959596	0.51010101010101	0.603535353535354	0	0.244949494949495	0.0116790926388076	0.048072544531295	0.0734937732373044	0.00568349796965212	0.0915630253917337	1	143.944185473518	651.034639448201	0.492996498249125	0	0	34.0575615167618
RT-qPCR	SHUTOFF	Medium	10	10	10	2000	2000	1	1604	396	0.00374064837905237	0.0243142144638404	0.0604738154613466	0.486284289276808	0.0178368693334937	0.0330645789229299	FALSE	0.214646464646465	0.386363636363636	0.48989898989899	0.000623441396508728	0.113636363636364	0.00135486189176631	0.0617602119059979	0.0864367191506283	0.00687342657412208	0.116627171349769	1	150.823519458092	748.484260447512	0.493746873436718	0	0	34.0454545021057
RT-qPCR	SHUTOFF	High	10	10	10	2000	2000	1	1604	396	0.0124688279301746	0.0442643391521197	0.0903990024937656	0.885286783042394	0.0352407751089261	0.0554655927488008	TRUE	0.0833333333333333	0.191919191919192	0.310606060606061	0	0	-0.0185000759768672	0.0793014358033847	0.0981059276474006	0.0108045019796469	0.178997049817819	1	176.338237080953	928.241761020902	0.496248124062031	0	0	34.1416555643082
GAUSS	SHUTOFF	Very low	10	10	10	2000	2000	1	1604	396	0.00187032418952618	0.00997506234413965	0.0255610972568579	0.199501246882793	0.00614929101460959	0.0161423712783772	FALSE	0.353535353535354	0.535353535353535	0.681818181818182	0.000623441396508728	0.272727272727273	0.0154160224882137	0.0414650293607979	0.0683737598138029	0.00446252216695684	0.0632137393107218	1	153.87060347929	829.003773926764	0.491745872936468	0	0	34.0655263662338
GAUSS	SHUTOFF	Low	10	10	10	2000	2000	1	1604	396	0.00124688279301746	0.0143391521197008	0.0480049875311721	0.286783042394015	0.00957376348819062	0.0214252249675813	FALSE	0.308080808080808	0.436868686868687	0.553030303030303	0	0.179292929292929	0.0177520819619693	0.060362131444603	0.0940836277654866	0.00427203360546655	0.0690472456629647	1	160.28756416369	888.561952946557	0.492246123061531	0	0	34.104430437088
GAUSS	SHUTOFF	Medium	10	10	10	2000	2000	1	1604	396	0.00623441396508728	0.0336658354114713	0.084788029925187	0.673316708229426	0.0258936097056896	0.0436663946138449	FALSE	0.166666666666667	0.308080808080808	0.431818181818182	0	0.0555555555555556	0.0182579563365011	0.0923727140770612	0.136462093653717	0.00505683039901716	0.0905759662227736	1	172.306013367648	939.845151613448	0.495247623811906	0	0	34.1097656488419
GAUSS	SHUTOFF	High	10	10	10	2000	2000	1	1604	396	0.013715710723192	0.0511221945137157	0.0991271820448878	1.02244389027431	0.0413758137460967	0.0630134952245783	TRUE	0.0833333333333333	0.207070707070707	0.308080808080808	0	0	0.0344358045483566	0.127118079205399	0.177247549751773	0.00738007701673797	0.134920100833807	1	184.728519850847	1071.11275634203	0.497748874437219	0	0	33.9721927642822
RNA-seq	SHUTOFF	Very low	10	10	10	2000	2000	1	1604	396	0.00374064837905237	0.0180798004987531	0.0473815461346633	0.361596009975062	0.0126175032105632	0.025844907670453	FALSE	0.297979797979798	0.467171717171717	0.560606060606061	0	0.181818181818182	0.0206335576693787	0.063799623453685	0.0991631775307804	0.0043305433587497	0.0676702130198408	1	164.365322871913	924.716569545272	0.491745872936468	0	0	33.9363481998444
RNA-seq	SHUTOFF	Low	10	10	10	2000	2000	1	1604	396	0.00561097256857855	0.0374064837905237	0.0810473815461347	0.748129675810474	0.0291709362624052	0.0478524904823737	FALSE	0.189393939393939	0.318181818181818	0.401515151515151	0.000623441396508728	0.0681818181818182	0.0140933749678731	0.0886698707017056	0.130225101675738	0.00514322883742307	0.0898938885151153	1	175.159445057914	1175.13469440131	0.493746873436718	0	0	33.9694701433182
RNA-seq	SHUTOFF	Medium	10	10	10	2000	2000	1	1604	396	0.0130922693266833	0.057356608478803	0.102244389027431	1.14713216957606	0.0469994877566294	0.0698288585894528	TRUE	0.136363636363636	0.287878787878788	0.371212121212121	0	0	0.035477646387051	0.109842225580002	0.168277972589449	0.00594325575738967	0.115062769093792	1	189.481717178594	1129.52265272096	0.493746873436718	0	0	34.0305277109146
RNA-seq	SHUTOFF	High	10	10	10	2000	2000	1	1604	396	0.0361596009975062	0.0748129675810474	0.11783042394015	1.49625935162095	0.0629290977082992	0.0887285532889234	FALSE	0.131313131313131	0.272727272727273	0.335858585858586	0.0124688279301746	0.0656565656565657	0.0411759322510877	0.123796281656042	0.168404854597379	0.00789298826136918	0.143853262634162	1	195.763852399953	1399.34495120718	0.494747373686843	0	0	34.0651240348816
RT-qPCR	NONE	Very low	10	10	20	2000	2000	1	1604	396	0.399625935162095	0.405236907730673	0.410847880299252	8.10473815461347	0.381465467270848	0.429461164622961	FALSE	0.621212121212121	0.671717171717172	0.714646464646465	0.40211970074813	0.633838383838384	0.00824617261851618	0.0826206774583396	0.13164889505116	0.0242012748651205	0.336228109054854	1	1097.72394942483	8067.59041637769	0.464982491245623	0	0	30.646616101265
RT-qPCR	NONE	Low	10	10	20	2000	2000	1	1604	396	0.41645885286783	0.433915211970075	0.449501246882793	8.6783042394015	0.409847259735456	0.458298944085227	FALSE	0.621212121212121	0.669191919191919	0.704545454545455	0.420822942643392	0.643939393939394	-0.0030977089888804	0.0840482850449421	0.127255304729249	0.0248705234444327	0.34486682792517	1	1031.70786427385	7539.36956764292	0.434467233616808	0	0	30.6408085823059
RT-qPCR	NONE	Medium	10	10	20	2000	2000	1	1604	396	0.438279301745636	0.473192019950125	0.504364089775561	9.46384039900249	0.448851404462596	0.497660734823153	FALSE	0.593434343434343	0.661616161616162	0.707070707070707	0.450748129675811	0.636363636363636	-0.0287963080140767	0.0780787592038175	0.0991360295513692	0.0255367328862298	0.350970070673187	1	962.008665839384	6912.2800151025	0.414707353676838	0	0	30.6405705213547
RT-qPCR	NONE	High	10	10	20	2000	2000	1	1604	396	0.43640897755611	0.489401496259352	0.539900249376559	9.78802992518703	0.464992561760207	0.513861074701601	FALSE	0.484848484848485	0.563131313131313	0.603535353535354	0.458229426433915	0.52020202020202	-0.0568949803231988	0.0878143511176	0.104628179293885	0.0269079336499532	0.358481742674665	1	835.60478855187	5441.14308776859	0.45247623811906	0	0	30.7016679048538
GAUSS	NONE	Very low	10	10	20	2000	2000	1	1604	396	0.410224438902743	0.420199501246883	0.424563591022444	8.40399002493765	0.396262951117756	0.444517370477031	FALSE	0.623737373737374	0.691919191919192	0.722222222222222	0.414588528678304	0.648989898989899	0.0183495943791891	0.0880698473887929	0.150677427734551	0.023939806964118	0.333597613952404	1	1393.24939397238	10038.9754637804	0.447473736868434	0	0	30.5919839143753
GAUSS	NONE	Low	10	10	20	2000	2000	1	1604	396	0.43640897755611	0.46072319201995	0.478802992518703	9.214463840399	0.436452638499238	0.485181426035696	FALSE	0.606060606060606	0.671717171717172	0.707070707070707	0.445760598503741	0.631313131313131	-0.000213202556827978	0.0888200189721614	0.131220675087336	0.0247562403044202	0.345459970689104	1	1149.66860741852	9251.74326071745	0.422711355677839	0	0	30.6808416843414
GAUSS	NONE	Medium	10	10	20	2000	2000	1	1604	396	0.438902743142145	0.476309226932668	0.512468827930175	9.52618453865337	0.451953478004929	0.500778179968524	FALSE	0.590909090909091	0.674242424242424	0.714646464646465	0.455112219451372	0.633838383838384	-0.0307676140777804	0.0815426605495694	0.100639924344188	0.0256806990321417	0.352042739155811	1	1078.17640523141	7713.05422590806	0.41695847923962	0	0	30.6234965324402
GAUSS	NONE	High	10	10	20	2000	2000	1	1604	396	0.442643391521197	0.507481296758105	0.535536159600998	10.1496259351621	0.483026417302131	0.531900427548358	FALSE	0.487373737373737	0.565656565656566	0.613636363636364	0.469451371571072	0.522727272727273	-0.0586484329951047	0.0874879789265811	0.105083890500956	0.0271660573300471	0.35963978547035	1	889.223691117973	5703.69377012724	0.46448224112056	0	0	30.5608687400818
RNA-seq	NONE	Very low	10	10	20	2000	2000	1	1604	396	0.4214463840399	0.442019950124688	0.47069825436409	8.84039900249377	0.417883220004877	0.466433732403835	FALSE	0.628787878787879	0.689393939393939	0.737373737373737	0.429551122194514	0.651515151515152	-0.00231522116441527	0.0866526257105104	0.125552145038725	0.0246210027715841	0.343324022419336	1	1184.30628328427	9585.41329533917	0.426713356678339	0	0	30.650670170784
RNA-seq	NONE	Low	10	10	20	2000	2000	1	1604	396	0.418952618453865	0.452618453865337	0.485660847880299	9.05236907730673	0.428401642507313	0.477061673439591	FALSE	0.573232323232323	0.646464646464647	0.671717171717172	0.435162094763092	0.598484848484849	-0.0302841437657126	0.0866577158227008	0.114708763211634	0.0260057756502167	0.352245869023082	1	1051.01309318324	8488.10299150814	0.433466733366683	0	0	30.5728731155396
RNA-seq	NONE	Medium	10	10	20	2000	2000	1	1604	396	0.396508728179551	0.446384039900249	0.488154613466334	8.92768079800499	0.422212985782085	0.470811292789412	FALSE	0.522727272727273	0.585858585858586	0.638888888888889	0.417082294264339	0.547979797979798	-0.0436487494949347	0.0883068327600438	0.109523116959914	0.0264525062598893	0.355298137221344	1	937.762142525706	6850.35588468439	0.451225612806403	0	0	30.6410003900528
RNA-seq	NONE	High	10	10	20	2000	2000	1	1604	396	0.380922693266833	0.438279301745636	0.473815461346633	8.76558603491272	0.414173500593375	0.462680029390093	FALSE	0.45959595959596	0.532828282828283	0.585858585858586	0.400249376558604	0.484848484848485	-0.060184982446329	0.0894594288893602	0.111223562135185	0.0272316642386581	0.358264932901463	1	817.471866431061	6608.44054297289	0.470235117558779	0	0	30.663865685463
RT-qPCR	SHUTOFF	Very low	10	10	20	2000	2000	1	1604	396	0.0617206982543641	0.127805486284289	0.175810473815461	2.55610972568579	0.11235098520246	0.145038483485725	FALSE	0.474747474747475	0.636363636363636	0.72979797979798	0.0523690773067332	0.446969696969697	-0.00157328939239554	0.0454472650222309	0.066785031570779	0.0111702300592447	0.177688350194074	1	174.054639681707	553.801804757035	0.492246123061531	0	0	34.1469829082489
RT-qPCR	SHUTOFF	Low	10	10	20	2000	2000	1	1604	396	0.0336658354114713	0.0798004987531172	0.135286783042394	1.59600997506234	0.0675208896352295	0.094087991262319	FALSE	0.391414141414141	0.560606060606061	0.669191919191919	0.0255610972568579	0.303030303030303	-0.00689887146937105	0.048426679694865	0.0691967071400529	0.0121754258301467	0.191588085339966	1	165.400411805086	601.73166433931	0.493246623311656	0	0	34.1500104665756
RT-qPCR	SHUTOFF	Medium	10	10	20	2000	2000	1	1604	396	0.0224438902743142	0.0748129675810474	0.125935162094763	1.49625935162095	0.0629290977082992	0.0887285532889234	FALSE	0.315656565656566	0.484848484848485	0.585858585858586	0.00748129675810474	0.194444444444444	-0.0143690986703213	0.0562077168088962	0.0739668756810824	0.014308210425963	0.220091787532396	1	165.515542402118	643.574516913133	0.494247123561781	0	0	34.1552722454071
RT-qPCR	SHUTOFF	High	10	10	20	2000	2000	1	1604	396	0.0162094763092269	0.0592269326683292	0.11783042394015	1.18453865336658	0.0486941221919436	0.0718659353667609	TRUE	0.131313131313131	0.27020202020202	0.338383838383838	0.00374064837905237	0.0378787878787879	-0.0460672323288402	0.0715982016476565	0.0871114105634996	0.018724095074118	0.272069003783358	1	166.590975322364	814.976758620745	0.494497248624312	0	0	34.1814949512482
GAUSS	SHUTOFF	Very low	10	10	20	2000	2000	1	1604	396	0.0610972568578554	0.117206982543641	0.175810473815461	2.34413965087282	0.102372075140858	0.133871030009134	FALSE	0.421717171717172	0.608585858585859	0.71969696969697	0.0430174563591022	0.388888888888889	0.0289952318237584	0.0714956338755314	0.138970226461826	0.00902153440947568	0.135120681639264	1	214.893899295504	803.046933197266	0.487493746873437	0	0	34.1293867826462
GAUSS	SHUTOFF	Low	10	10	20	2000	2000	1	1604	396	0.0243142144638404	0.0829177057356609	0.137780548628429	1.65835411471322	0.0703985201578642	0.097429879427388	FALSE	0.300505050505051	0.477272727272727	0.575757575757576	0.0149625935162095	0.214646464646465	0.021081363004557	0.0769190952068303	0.137356423885165	0.0104354550594389	0.155226989124327	1	213.185745607063	833.558187712612	0.492746373186593	0	0	34.2289327383041
GAUSS	SHUTOFF	Medium	10	10	20	2000	2000	1	1604	396	0.0224438902743142	0.0760598503740648	0.130299251870324	1.5211970074813	0.0640755552999902	0.0900699031723139	FALSE	0.214646464646465	0.406565656565657	0.522727272727273	0.00810473815461347	0.0984848484848485	0.0228741027967092	0.0913041441769147	0.150661123731309	0.0128374523857307	0.188275032916122	1	217.706470778153	886.151551420361	0.497748874437219	0	0	34.1789077520371
GAUSS	SHUTOFF	High	10	10	20	2000	2000	1	1604	396	0.0374064837905237	0.0903990024937656	0.144638403990025	1.80798004987531	0.0773271879016094	0.105428056534131	FALSE	0.171717171717172	0.272727272727273	0.396464646464646	0.0180798004987531	0.0883838383838384	0.0299474476685001	0.121154775560831	0.186030871041305	0.0155594289710549	0.218934354655674	1	208.656915229277	936.762061177111	0.499749874937469	0	0	34.1063349246979
RNA-seq	SHUTOFF	Very low	10	10	20	2000	2000	1	1604	396	0.0355361596009975	0.0835411471321696	0.136533665835411	1.67082294264339	0.0709747279803498	0.0980975753424431	FALSE	0.335858585858586	0.522727272727273	0.616161616161616	0.020573566084788	0.232323232323232	0.0289447343189671	0.0793760873335112	0.140512772144136	0.0106944328182714	0.155582633822841	1	215.858513538808	827.910569263612	0.492996498249125	0	0	34.133177280426
RNA-seq	SHUTOFF	Low	10	10	20	2000	2000	1	1604	396	0.0280548628428928	0.0716957605985038	0.124064837905237	1.43391521197008	0.0600675180519462	0.0853706142575728	FALSE	0.237373737373737	0.371212121212121	0.492424242424242	0.0130922693266833	0.123737373737374	0.0183612903000564	0.0916777570356452	0.143596309278388	0.0130036658628917	0.185582429801509	1	218.562285663189	935.063849918542	0.496748374187094	0	0	34.0932338237763
RNA-seq	SHUTOFF	Medium	10	10	20	2000	2000	1	1604	396	0.0268079800498753	0.0810473815461347	0.134039900249377	1.62094763092269	0.0686712506973397	0.0954254376752903	FALSE	0.204545454545455	0.348484848484849	0.446969696969697	0.0124688279301746	0.106060606060606	0.0279397507433323	0.110814219305774	0.184591138413798	0.0144030027164248	0.204643162389552	1	223.118198840423	1087.99988419528	0.494247123561781	0	0	34.0689371824265
RNA-seq	SHUTOFF	High	10	10	20	2000	2000	1	1604	396	0.0604738154613466	0.110972568578554	0.157730673316708	2.21945137157107	0.0965209732219836	0.127283094552601	FALSE	0.171717171717172	0.275252525252525	0.363636363636364	0.0455112219451372	0.128787878787879	0.0103843514571025	0.105905890256065	0.159913634373541	0.0160985354305097	0.229985012643856	1	221.492173424896	1223.76855205113	0.495747873936969	0	0	34.134920835495
RT-qPCR	NONE	Very low	10	10	50	2000	2000	1	1604	396	0.404613466334165	0.409600997506234	0.413341645885287	8.19201995012469	0.385779034920073	0.433854923136521	FALSE	0.641414141414141	0.689393939393939	0.732323232323232	0.407107231920199	0.666666666666667	0.0107397661323635	0.0851185108841612	0.142833379162745	0.0240861910197771	0.337053040481048	1	1123.72738910666	8066.38542961606	0.461230615307654	0	0	30.6532547473908
RT-qPCR	NONE	Low	10	10	50	2000	2000	1	1604	396	0.410224438902743	0.42643391521197	0.443890274314215	8.5286783042394	0.402435287522859	0.450784071447335	FALSE	0.638888888888889	0.694444444444445	0.72979797979798	0.414588528678304	0.671717171717172	-0.00317540795135086	0.0845798679488847	0.131420314441234	0.0248924061031378	0.345581811862271	1	1001.90963747534	7460.33617208462	0.434217108554277	0	0	30.6773966550827
RT-qPCR	NONE	Medium	10	10	50	2000	2000	1	1604	396	0.425810473815461	0.456359102244389	0.480673316708229	9.12718204488778	0.432116681696038	0.480810056676111	FALSE	0.598484848484849	0.661616161616162	0.704545454545455	0.439526184538653	0.633838383838384	-0.0172602407933971	0.0882112249008902	0.137149732948511	0.0255918788377912	0.350747533738064	1	955.444587153414	7172.29575309572	0.412456228114057	0	0	30.654168009758
RT-qPCR	NONE	High	10	10	50	2000	2000	1	1604	396	0.43640897755611	0.483167082294264	0.519326683291771	9.66334164588529	0.458781385704222	0.507633213382179	FALSE	0.484848484848485	0.573232323232323	0.613636363636364	0.452618453865337	0.527777777777778	-0.0580434111072339	0.0839740987039942	0.0997455483488164	0.0269331972621943	0.35825274698349	1	856.531712131467	5274.3635367362	0.436468234117059	0	0	30.6522897481918
GAUSS	NONE	Very low	10	10	50	2000	2000	1	1604	396	0.415211970074813	0.422693266832918	0.430798004987531	8.45386533665835	0.398731414216003	0.447024522328947	FALSE	0.651515151515152	0.69949494949495	0.73989898989899	0.41645885286783	0.674242424242424	0.0176372653268833	0.0890026468472414	0.151340683754711	0.0237410908263903	0.333244103994354	1	1336.68916635789	10004.2523381367	0.44272136068034	0	0	30.6251970529556
GAUSS	NONE	Low	10	10	50	2000	2000	1	1604	396	0.433291770573566	0.455112219451372	0.47568578553616	9.10224438902743	0.430878181792934	0.479560749104133	FALSE	0.601010101010101	0.674242424242424	0.717171717171717	0.446384039900249	0.623737373737374	-0.00886189536042405	0.0861453067333499	0.121679014948936	0.0248512033617164	0.344276342561984	1	1137.7678150772	8987.07200743113	0.426463231615808	0	0	30.5872972011566
GAUSS	NONE	Medium	10	10	50	2000	2000	1	1604	396	0.432044887780549	0.475062344139651	0.508104738154613	9.50124688279302	0.450712534437716	0.499531316060655	FALSE	0.575757575757576	0.626262626262626	0.656565656565657	0.451371571072319	0.601010101010101	-0.0355745729311944	0.0848568000822881	0.106854036201028	0.0257441916790286	0.352775225643017	1	1068.07907610079	8042.16748175255	0.427713856928464	0	0	30.5704045295715
GAUSS	NONE	High	10	10	50	2000	2000	1	1604	396	0.438279301745636	0.504364089775561	0.541147132169576	10.0872817955112	0.479914857284662	0.528792468878123	FALSE	0.494949494949495	0.547979797979798	0.590909090909091	0.464463840399003	0.512626262626263	-0.0600471146049945	0.0886063660101987	0.104975732058518	0.0272043101207577	0.359768635930657	1	859.36245720466	5943.48468117164	0.45647823911956	0	0	30.6232573986054
RNA-seq	NONE	Very low	10	10	50	2000	2000	1	1604	396	0.418952618453865	0.442019950124688	0.463840399002494	8.84039900249377	0.417883220004877	0.466433732403835	FALSE	0.626262626262626	0.666666666666667	0.722222222222222	0.43142144638404	0.646464646464647	-0.0080575348332329	0.0833279153501684	0.114778046235621	0.0248685695094452	0.343587654453052	1	1175.0797651348	8883.40702773152	0.428714357178589	0	0	30.6106634140015
RNA-seq	NONE	Low	10	10	50	2000	2000	1	1604	396	0.408354114713217	0.446384039900249	0.47568578553616	8.92768079800499	0.422212985782085	0.470811292789412	FALSE	0.563131313131313	0.631313131313131	0.674242424242424	0.424563591022444	0.588383838383838	-0.0296444606787339	0.0855870118810509	0.109754271209646	0.0259602901373646	0.351727006156459	1	1027.61905702391	8060.13119518816	0.430465232616308	0	0	30.5032020807266
RNA-seq	NONE	Medium	10	10	50	2000	2000	1	1604	396	0.415835411471322	0.461970074812968	0.497506234413965	9.23940149625935	0.437691827804167	0.486430044205849	FALSE	0.537878787878788	0.601010101010101	0.636363636363636	0.435162094763092	0.568181818181818	-0.0449579843165431	0.0839746974646964	0.102478687295088	0.0263639011743152	0.355568259490969	1	955.269856617759	7202.62870550699	0.440970485242621	0	0	30.5587782859802
RNA-seq	NONE	High	10	10	50	2000	2000	1	1604	396	0.379052369077307	0.445760598503741	0.483167082294264	8.91521197007481	0.421594331982858	0.470186042851098	FALSE	0.472222222222222	0.540404040404041	0.590909090909091	0.405236907730673	0.5	-0.058239080617613	0.088742868395495	0.107924021106612	0.0273200480028508	0.358545650778326	1	838.19629922399	6572.69666710316	0.473736868434217	0	0	30.6304453611374
RT-qPCR	SHUTOFF	Very low	10	10	50	2000	2000	1	1604	396	0.321072319201995	0.385286783042394	0.430174563591022	7.70573566084788	0.361771448172854	0.409350264119652	FALSE	0.69949494949495	0.792929292929293	0.848484848484848	0.355985037406484	0.744949494949495	-0.0437098508286299	0.061018359056651	0.0780110429074974	0.028794776036944	0.347924832342539	1	338.364204797482	717.235176512158	0.504752376188094	0	0	34.0308624505997
RT-qPCR	SHUTOFF	Low	10	10	50	2000	2000	1	1604	396	0.248129675810474	0.315461346633416	0.365336658354115	6.30922693266833	0.293183710690547	0.338620782997397	FALSE	0.603535353535354	0.732323232323232	0.777777777777778	0.267456359102244	0.654040404040404	-0.0510076350114293	0.0611201965177423	0.0766919971629267	0.0279367254081469	0.339734603020598	1	305.127570365406	689.818945049929	0.504752376188094	0	0	34.0901521444321
RT-qPCR	SHUTOFF	Medium	10	10	50	2000	2000	1	1604	396	0.178304239401496	0.25997506234414	0.321695760598504	5.19950124688279	0.239101320335147	0.281995740711672	FALSE	0.5	0.636363636363636	0.714646464646465	0.187655860349127	0.517676767676768	-0.064513540956927	0.0709922700470144	0.0850799233177489	0.0274161986979694	0.335840874215187	1	262.335249485692	745.089686518926	0.504252126063031	0	0	34.0829451084137
RT-qPCR	SHUTOFF	High	10	10	50	2000	2000	1	1604	396	0.0903990024937656	0.179551122194514	0.248753117206983	3.59102244389027	0.16154054170413	0.199092937199936	FALSE	0.252525252525253	0.414141414141414	0.540404040404041	0.0685785536159601	0.204545454545455	-0.0795765502914329	0.0853405206999247	0.0986938452849757	0.0270727373141584	0.338538430974549	1	225.180237998722	955.240310262435	0.509754877438719	0	0	34.1956149339676
GAUSS	SHUTOFF	Very low	10	10	50	2000	2000	1	1604	396	0.325436408977556	0.408977556109726	0.456359102244389	8.17955112219451	0.385162691228265	0.433227363090788	FALSE	0.737373737373737	0.797979797979798	0.848484848484848	0.35785536159601	0.765151515151515	0.00412025062753593	0.0972483629412681	0.183808301947949	0.0284985668639847	0.351740726156736	1	748.247813113373	2738.711361204	0.505252626313157	0	0	34.1587299108505
GAUSS	SHUTOFF	Low	10	10	50	2000	2000	1	1604	396	0.262468827930175	0.353491271820449	0.408977556109726	7.06982543640898	0.330471685703281	0.377210935974647	FALSE	0.628787878787879	0.717171717171717	0.76010101010101	0.287406483790524	0.664141414141414	0.00787183500447099	0.10270741764884	0.202309377737061	0.0266413985621309	0.332010097912636	1	645.953193516871	2232.43831225476	0.504752376188094	0	0	34.1912696361542
GAUSS	SHUTOFF	Medium	10	10	50	2000	2000	1	1604	396	0.158977556109726	0.250623441396509	0.321695760598504	5.01246882793017	0.23002787940255	0.272410625581159	FALSE	0.431818181818182	0.583333333333333	0.679292929292929	0.16645885286783	0.436868686868687	-0.00705610257004589	0.0963590078912661	0.152131290405005	0.0238359170326768	0.300537162034102	1	510.911489941198	1773.79257491748	0.505752876438219	0	0	34.1541644334793
GAUSS	SHUTOFF	High	10	10	50	2000	2000	1	1604	396	0.128428927680798	0.227556109725686	0.295511221945137	4.55112219451372	0.207703761391704	0.248710305302997	FALSE	0.287878787878788	0.414141414141414	0.525252525252525	0.120947630922693	0.267676767676768	0.0052820395735008	0.12431471720571	0.233364258439427	0.0219794873515372	0.284186529908118	1	392.927188171151	1530.41985791026	0.512506253126563	0	0	34.16164290905
RNA-seq	SHUTOFF	Very low	10	10	50	2000	2000	1	1604	396	0.269326683291771	0.345386533665835	0.408354114713217	6.90773067331671	0.322511100086992	0.369000773002908	FALSE	0.590909090909091	0.722222222222222	0.767676767676768	0.286783042394015	0.621212121212121	-0.0034969340269615	0.0961464465614565	0.180988197568804	0.0267765406942357	0.333117003898875	1	663.33902837909	2228.74571265108	0.505002501250625	0	0	34.1363791227341
RNA-seq	SHUTOFF	Low	10	10	50	2000	2000	1	1604	396	0.172693266832918	0.268079800498753	0.332294264339152	5.36159600997506	0.246975195932798	0.290292613702051	FALSE	0.409090909090909	0.583333333333333	0.664141414141414	0.17643391521197	0.421717171717172	0.00558267375033841	0.106217577753509	0.183609815230807	0.0240134389623895	0.3025262829305	1	518.471358697941	1901.66047150082	0.507253626813407	0	0	34.1638548374176
RNA-seq	SHUTOFF	Medium	10	10	50	2000	2000	1	1604	396	0.145885286783042	0.241271820448878	0.302369077306733	4.82543640897756	0.22096752538261	0.262812423537987	FALSE	0.348484848484849	0.51010101010101	0.580808080808081	0.141521197007481	0.348484848484849	-0.00534559582085932	0.105662595142018	0.162216456457125	0.0237343568410055	0.296362092195401	1	451.496221751954	1950.60881652215	0.506753376688344	0	0	34.1593296527863
RNA-seq	SHUTOFF	High	10	10	50	2000	2000	1	1604	396	0.146508728179551	0.247506234413965	0.31359102244389	4.9501246882793	0.227006283088766	0.269212703207239	FALSE	0.335858585858586	0.492424242424242	0.547979797979798	0.137780548628429	0.328282828282828	-0.00375953290041619	0.11402433390665	0.207348488679834	0.0235091030364966	0.296423781190005	1	385.681016495684	1911.14530313082	0.510755377688844	0	0	34.1509574651718
RT-qPCR	NONE	Very low	20	3	5	2000	2000	1	1604	396	0.349127182044888	0.360972568578554	0.370324189526185	7.21945137157107	0.337826425118036	0.384783041410381	FALSE	0.565656565656566	0.606060606060606	0.648989898989899	0.351620947630923	0.585858585858586	0.00635578252023861	0.0939152511152607	0.147037241261485	0.0248674105178056	0.342957634808663	1	1088.48358011725	9000.22726915545	0.441220610305153	0	0	57.7271355390549
RT-qPCR	NONE	Low	20	3	5	2000	2000	1	1604	396	0.4214463840399	0.451995012468828	0.480673316708229	9.03990024937656	0.427782603705202	0.476436808504163	FALSE	0.583333333333333	0.651515151515152	0.684343434343434	0.439526184538653	0.621212121212121	-0.016872644622194	0.0820564821653154	0.112090971022072	0.0252822839226828	0.351436454281594	1	942.885447720716	7203.89405128146	0.396698349174587	0	0	57.9754774570465
RT-qPCR	NONE	Medium	20	3	5	2000	2000	1	1604	396	0.451995012468828	0.495635910224439	0.526807980049875	9.91271820448878	0.471207531121877	0.520085142715338	FALSE	0.601010101010101	0.654040404040404	0.681818181818182	0.472568578553616	0.618686868686869	-0.0386751792633763	0.0833300178642179	0.100902013628168	0.0260965903988904	0.356920236566394	1	855.01480239248	5907.16694876957	0.397948974487244	0	0	57.9974272251129
RT-qPCR	NONE	High	20	3	5	2000	2000	1	1604	396	0.423940149625935	0.500623441396509	0.555486284289277	10.0124688279302	0.476182236308453	0.525061667429088	FALSE	0.46969696969697	0.545454545454545	0.595959595959596	0.455112219451372	0.502525252525253	-0.079903718168759	0.0878435381751381	0.101760182284419	0.0282609286672349	0.362585860840457	1	712.10048326976	3796.21004128292	0.46048024012006	0	0	57.9945404529572
GAUSS	NONE	Very low	20	3	5	2000	2000	1	1604	396	0.40211970074813	0.424563591022444	0.442019950124688	8.49127182044888	0.400583174311689	0.448904473445883	FALSE	0.598484848484849	0.684343434343434	0.707070707070707	0.411471321695761	0.641414141414141	0.0183520546743649	0.101453810518943	0.160762195099061	0.0238523331262806	0.336036678784241	1	1345.86327481687	13255.7853385104	0.402701350675338	0	0	57.9244911670685
GAUSS	NONE	Low	20	3	5	2000	2000	1	1604	396	0.447630922693267	0.483790523690773	0.516209476309227	9.67581047381546	0.459402332514146	0.508256170309795	FALSE	0.623737373737374	0.686868686868687	0.70959595959596	0.465087281795511	0.648989898989899	-0.0139695772100245	0.0878049866679323	0.110660582127682	0.0251855288892922	0.351434769190721	1	1039.46859338234	8873.20117153995	0.388944472236118	0	0	57.8966292142868
GAUSS	NONE	Medium	20	3	5	2000	2000	1	1604	396	0.458852867830424	0.521820448877806	0.56359102244389	10.4364089775561	0.49735180940698	0.546184821406946	FALSE	0.568181818181818	0.626262626262626	0.656565656565657	0.494389027431422	0.603535353535354	-0.053086202943143	0.0817089930474403	0.0968331775275931	0.0265528231339045	0.358576240470827	1	897.483275959298	6001.75153013944	0.41895947973987	0	0	57.9135453701019
GAUSS	NONE	High	20	3	5	2000	2000	1	1604	396	0.413341645885287	0.485660847880299	0.543640897755611	9.71321695760598	0.461265400720798	0.510124813315765	FALSE	0.416666666666667	0.5	0.547979797979798	0.448877805486284	0.462121212121212	-0.0837547987447218	0.0914908202222843	0.104761717253591	0.0285168664415356	0.362637081859624	1	692.501459209325	4057.32911302941	0.457228614307154	0	0	57.8743102550507
RNA-seq	NONE	Very low	20	3	5	2000	2000	1	1604	396	0.446384039900249	0.478802992518703	0.506857855361596	9.57605985037406	0.45443582149298	0.503271451430635	FALSE	0.611111111111111	0.656565656565657	0.69949494949495	0.458229426433915	0.628787878787879	-0.0181487050043059	0.0884498046784921	0.118319792102302	0.025123042625188	0.349800215908134	1	1070.19255154783	8902.03386623003	0.386943471735868	0	0	58.0040665864945
RNA-seq	NONE	Low	20	3	5	2000	2000	1	1604	396	0.435785536159601	0.488154613466334	0.536159600997506	9.76309226932668	0.463750022985655	0.512615806001072	FALSE	0.525252525252525	0.603535353535354	0.648989898989899	0.456982543640898	0.547979797979798	-0.0515157431775566	0.0821636263718032	0.0985833041880621	0.0266583192645436	0.357574200895605	1	861.727206216674	6351.76614453309	0.416208104052026	0	0	58.0286418199539
RNA-seq	NONE	Medium	20	3	5	2000	2000	1	1604	396	0.420199501246883	0.492518703241895	0.540523690773067	9.8503740648379	0.468099572451642	0.516973582697869	FALSE	0.454545454545455	0.540404040404041	0.593434343434343	0.453865336658354	0.487373737373737	-0.068032595846823	0.086728538559512	0.102720001895562	0.0274826036929399	0.359759017270911	1	761.415989978889	5773.21935198798	0.446973486743372	0	0	58.0971910953522
RNA-seq	NONE	High	20	3	5	2000	2000	1	1604	396	0.372817955112219	0.450124688279302	0.500623441396509	9.00249376558604	0.425925717965283	0.474561983031459	FALSE	0.386363636363636	0.477272727272727	0.52020202020202	0.400872817955112	0.424242424242424	-0.0814599145598542	0.0946755768639561	0.108648523080339	0.0285785304975623	0.361626401978025	1	661.523709553502	4769.90052128529	0.47423711855928	0	0	58.1572090387344
RT-qPCR	SHUTOFF	Very low	20	3	5	2000	2000	1	1604	396	0.000623441396508728	0.00311720698254364	0.00997506234413965	0.0623441396508728	0.00133219697604609	0.00727652420399266	FALSE	0.25	0.373737373737374	0.45959595959596	0	0.164141414141414	0.000305742394344998	0.0493362069719291	0.0726704820425728	0.00596649419096735	0.0966179630779505	1	182.786595398651	956.47281582873	0.490245122561281	0	0	69.5690207481384
RT-qPCR	SHUTOFF	Low	20	3	5	2000	2000	1	1604	396	0.00187032418952618	0.0112219451371571	0.0380299251870324	0.224438902743142	0.00711011794628463	0.0176693518217836	FALSE	0.156565656565657	0.277777777777778	0.396464646464646	0.000623441396508728	0.0732323232323232	0.00156687399200768	0.0685080947804177	0.0936392495362342	0.00678987327111734	0.121934686614342	1	178.856352210187	933.922436807187	0.493246623311656	0	0	69.5228420495987
RT-qPCR	SHUTOFF	Medium	20	3	5	2000	2000	1	1604	396	0.00498753117206983	0.0324189526184539	0.0667082294264339	0.648379052369077	0.0248072707331981	0.0422649261112549	FALSE	0.0858585858585859	0.19949494949495	0.315656565656566	0	0	-0.000785625249563402	0.0852921696590346	0.106519384486194	0.00871394532831782	0.154627600233102	1	190.835034108051	1001.60656905251	0.492996498249125	0	0	69.5465166568756
RT-qPCR	SHUTOFF	High	20	3	5	2000	2000	1	1604	396	0.0199501246882793	0.0723192019950125	0.122817955112219	1.44638403990025	0.0606393001637555	0.0860427358833042	FALSE	0.0732323232323232	0.181818181818182	0.242424242424242	0	0	-0.0177701390436036	0.0942621713846634	0.111402238677581	0.0144256052552242	0.226642263907955	1	213.763956757914	1251.28539726538	0.494997498749375	0	0	69.4098582267761
GAUSS	SHUTOFF	Very low	20	3	5	2000	2000	1	1604	396	0	0.00685785536159601	0.0187032418952618	0.13715710723192	0.00383361603484408	0.0122385275704391	FALSE	0.217171717171717	0.340909090909091	0.426767676767677	0	0.126262626262626	0.0210928460540429	0.0705866505717599	0.109919444404133	0.00454456796922041	0.0736928873560784	1	215.54161646793	1462.19224485267	0.491745872936468	0	0	69.350280046463
GAUSS	SHUTOFF	Low	20	3	5	2000	2000	1	1604	396	0.00249376558603491	0.0149625935162095	0.0374064837905237	0.29925187032419	0.0100752313907426	0.02216766080257	FALSE	0.123737373737374	0.234848484848485	0.325757575757576	0	0	0.0274043875376777	0.0928163464409722	0.136360420371511	0.00475707037127734	0.0897576431915567	1	206.186350301419	1329.03629689522	0.491245622811406	0	0	69.3362557888031
GAUSS	SHUTOFF	Medium	20	3	5	2000	2000	1	1604	396	0.0043640897755611	0.0336658354114713	0.0791770573566085	0.673316708229426	0.0258936097056896	0.0436663946138449	FALSE	0.047979797979798	0.148989898989899	0.22979797979798	0	0	0.0271440452802319	0.115749298689729	0.152445177384166	0.0064829061513163	0.125011223246932	1	218.038070594129	1356.1566880005	0.493746873436718	0	0	69.1443312168121
GAUSS	SHUTOFF	High	20	3	5	2000	2000	1	1604	396	0.0230673316708229	0.0785536159600998	0.134663341645885	1.571072319202	0.0663714729498143	0.0927496004726527	FALSE	0.0606060606060606	0.186868686868687	0.277777777777778	0	0	0.0435391469264321	0.14489203647305	0.204618686127402	0.0110743740691308	0.184484105752019	1	225.289142998548	1453.03099088836	0.4959979989995	0	0	69.0745743513107
RNA-seq	SHUTOFF	Very low	20	3	5	2000	2000	1	1604	396	0.00124688279301746	0.0193266832917706	0.0492518703241895	0.386533665835411	0.0136485562156029	0.0273016621404949	FALSE	0.0984848484848485	0.232323232323232	0.315656565656566	0	0	0.0102292972109365	0.0830512620268478	0.118322232787771	0.00473055683667208	0.0907077251361474	1	211.049895716798	1392.30775021499	0.491745872936468	0	0	68.9937307834625
RNA-seq	SHUTOFF	Low	20	3	5	2000	2000	1	1604	396	0.00810473815461347	0.0380299251870324	0.0729426433915212	0.760598503740648	0.0297196337024635	0.0485476967798561	FALSE	0.0656565656565657	0.166666666666667	0.255050505050505	0	0	0.0469329811950166	0.129749907202195	0.178584230866997	0.00684743467777409	0.130311006585803	1	222.34628158299	1462.6708656318	0.491745872936468	0	0	69.0073893070221
RNA-seq	SHUTOFF	Medium	20	3	5	2000	2000	1	1604	396	0.0211970074812968	0.0623441396508728	0.109102244389027	1.24688279301746	0.0515255636634846	0.0752540125829234	FALSE	0.0580808080808081	0.171717171717172	0.25	0	0	0.0419761214844712	0.138154021374405	0.195158987567645	0.00863346374437574	0.159071330575625	1	237.198979392422	1485.52057228243	0.493246623311656	0	0	68.9797024726868
RNA-seq	SHUTOFF	High	20	3	5	2000	2000	1	1604	396	0.0405236907730673	0.0897755610972569	0.146508728179551	1.79551122194514	0.0767486553448759	0.104762685353324	FALSE	0.0808080808080808	0.171717171717172	0.244949494949495	0.0105985037406484	0.0252525252525253	0.0342472521344496	0.139286570427028	0.190513173957048	0.0119505344900248	0.188816601390359	1	247.095852428593	1824.69921119213	0.493746873436718	0	0	68.9925986528397
RT-qPCR	NONE	Very low	20	3	10	2000	2000	1	1604	396	0.359102244389027	0.369700748129676	0.377182044887781	7.39401496259352	0.346414731004727	0.39360938784926	FALSE	0.578282828282828	0.618686868686869	0.643939393939394	0.36284289276808	0.590909090909091	0.00662114220317842	0.0970642312437227	0.142911372803487	0.0247120601844771	0.342493689770827	1	1023.42956111349	8778.69275908792	0.454727363681841	0	0	57.9927048683167
RT-qPCR	NONE	Low	20	3	10	2000	2000	1	1604	396	0.433291770573566	0.457605985037406	0.478179551122195	9.15211970074813	0.433355334968779	0.482059210878452	FALSE	0.606060606060606	0.659090909090909	0.691919191919192	0.442019950124688	0.643939393939394	-0.0158878974026051	0.0840221740847011	0.112741230877578	0.0251543823553914	0.350050780016515	1	936.45978315277	7155.11715067741	0.39719859929965	0	0	57.8383177518845
RT-qPCR	NONE	Medium	20	3	10	2000	2000	1	1604	396	0.445760598503741	0.492518703241895	0.526184538653367	9.8503740648379	0.468099572451642	0.516973582697869	FALSE	0.563131313131313	0.623737373737374	0.659090909090909	0.470074812967581	0.606060606060606	-0.0431321271781858	0.0837132117358061	0.101169422773327	0.0261397139816536	0.356428249772201	1	876.733133403802	5621.30020943874	0.390695347673837	0	0	57.764411687851
RT-qPCR	NONE	High	20	3	10	2000	2000	1	1604	396	0.418329177057357	0.483167082294264	0.534912718204489	9.66334164588529	0.458781385704222	0.507633213382179	FALSE	0.477272727272727	0.563131313131313	0.608585858585859	0.447007481296758	0.515151515151515	-0.0781834302193315	0.0889743222376512	0.102436757774575	0.0282655604555086	0.361930230801202	1	703.020853486475	3684.35267295206	0.465732866433217	0	0	57.7451287508011
GAUSS	NONE	Very low	20	3	10	2000	2000	1	1604	396	0.391521197007481	0.410224438902743	0.425187032418953	8.20448877805486	0.386395418450712	0.434482443343423	FALSE	0.618686868686869	0.679292929292929	0.712121212121212	0.400872817955112	0.656565656565657	0.0142722414790618	0.0959967101314409	0.145126290119796	0.0239212658109505	0.335723836443053	1	1315.21527553868	13334.5732304162	0.410955477738869	0	0	57.5764172077179
GAUSS	NONE	Low	20	3	10	2000	2000	1	1604	396	0.444513715710723	0.480049875311721	0.509351620947631	9.60099750623441	0.455677221311712	0.504517859086985	FALSE	0.613636363636364	0.679292929292929	0.734848484848485	0.463840399002494	0.654040404040404	-0.00833868521141214	0.088025176044674	0.117465595327806	0.0248803137065836	0.350159449984422	1	1056.83346667112	8260.07781184307	0.371185592796398	0	0	57.5005810260773
GAUSS	NONE	Medium	20	3	10	2000	2000	1	1604	396	0.444513715710723	0.506857855361596	0.541770573566085	10.1371571072319	0.482404029468628	0.53127891164432	FALSE	0.563131313131313	0.621212121212121	0.648989898989899	0.470074812967581	0.601010101010101	-0.0507649432208971	0.0851903449533177	0.102110195538988	0.0266728616704358	0.358949330731524	1	904.174685085859	6197.14535512335	0.42096048024012	0	0	57.7092941999436
GAUSS	NONE	High	20	3	10	2000	2000	1	1604	396	0.417705735660848	0.496259351620948	0.546758104738155	9.92518703241895	0.471829236592999	0.520707340981757	FALSE	0.462121212121212	0.542929292929293	0.588383838383838	0.456982543640898	0.48989898989899	-0.0808874097660451	0.0891111194875843	0.102906801223608	0.0285065619118246	0.3626867830716	1	715.629184625042	4028.09547749936	0.456728364182091	0	0	57.6094266176224
RNA-seq	NONE	Very low	20	3	10	2000	2000	1	1604	396	0.445760598503741	0.485037406483791	0.516832917705736	9.70074812967581	0.460644340026854	0.509501970272168	FALSE	0.611111111111111	0.664141414141414	0.696969696969697	0.465087281795511	0.643939393939394	-0.00925505323285565	0.0941425224976916	0.124738737906666	0.0250243906940542	0.350747443835397	1	1042.40432187838	8319.89753459671	0.384692346173087	0	0	57.7839274406433
RNA-seq	NONE	Low	20	3	10	2000	2000	1	1604	396	0.446384039900249	0.500623441396509	0.546758104738155	10.0124688279302	0.476182236308453	0.525061667429088	FALSE	0.570707070707071	0.651515151515152	0.679292929292929	0.473192019950125	0.611111111111111	-0.044057904418287	0.0852473650234829	0.103421524032918	0.0266367956356805	0.358737553829253	1	882.436624138872	6067.54069427281	0.442471235617809	0	0	57.6863361597061
RNA-seq	NONE	Medium	20	3	10	2000	2000	1	1604	396	0.425187032418953	0.488778054862843	0.537406483790524	9.77556109725686	0.464371273405587	0.51323845931868	FALSE	0.48989898989899	0.570707070707071	0.616161616161616	0.450124688279302	0.52020202020202	-0.0653749823831365	0.0869701654735327	0.102321893722072	0.0275703889156062	0.361171799642043	1	785.358118998638	5568.05903493101	0.461980990495248	0	0	57.672602057457
RNA-seq	NONE	High	20	3	10	2000	2000	1	1604	396	0.349750623441397	0.423316708229426	0.486284289276808	8.46633416458853	0.399348628308331	0.447651211974159	FALSE	0.406565656565657	0.477272727272727	0.515151515151515	0.382793017456359	0.434343434343434	-0.0836686727642358	0.094776873503286	0.107363693997703	0.0284766241444712	0.361421533330818	1	667.978306294276	5019.29204730406	0.483241620810405	0	0	57.5628527402878
RT-qPCR	SHUTOFF	Very low	20	3	10	2000	2000	1	1604	396	0.00935162094763092	0.027431421446384	0.0604738154613466	0.548628428927681	0.0204972231161435	0.0366237438279838	FALSE	0.237373737373737	0.376262626262626	0.454545454545455	0.00187032418952618	0.154040404040404	-0.00617212200907865	0.0670328325652083	0.0938139340420965	0.0110627791731395	0.17544233715062	1	185.461529357189	854.93854723669	0.488744372186093	0	0	68.6896622180939
RT-qPCR	SHUTOFF	Low	20	3	10	2000	2000	1	1604	396	0.0180798004987531	0.0461346633416459	0.0741895261845387	0.922693266832918	0.0369080876551257	0.0575299914152234	TRUE	0.224747474747475	0.338383838383838	0.441919191919192	0.00249376558603491	0.0580808080808081	-0.00549751399057959	0.0683982690597833	0.0919260755525038	0.0124006505686371	0.199035103407247	1	176.158032516134	909.753056584088	0.490745372686343	0	0	68.9007127285004
RT-qPCR	SHUTOFF	Medium	20	3	10	2000	2000	1	1604	396	0.0118453865336658	0.050498753117207	0.0997506234413965	1.00997506234414	0.0408157350346027	0.0623296701985315	TRUE	0.133838383838384	0.287878787878788	0.363636363636364	0.00561097256857855	0.0404040404040404	-0.0194775924245284	0.0749558928240466	0.0910204548936657	0.0147083441765067	0.232411261916917	1	176.668420627175	971.992531705544	0.489244622311156	0	0	68.660274386406
RT-qPCR	SHUTOFF	High	20	3	10	2000	2000	1	1604	396	0.0193266832917706	0.0692019950124688	0.109725685785536	1.38403990024938	0.0577831555173268	0.0826793618420293	FALSE	0.0681818181818182	0.151515151515152	0.244949494949495	0	0	-0.0529249827739164	0.0847347438985305	0.0993320822255263	0.0199655972482696	0.283011689790751	1	200.999319660988	1280.69631235584	0.489244622311156	0	0	68.8045160770416
GAUSS	SHUTOFF	Very low	20	3	10	2000	2000	1	1604	396	0.0143391521197008	0.0280548628428928	0.0548628428927681	0.561097256857855	0.0210326080036169	0.0373322626780511	FALSE	0.186868686868687	0.320707070707071	0.424242424242424	0.00623441396508728	0.095959595959596	0.0286213677631231	0.0879953305737769	0.142662386936677	0.00683835350465399	0.109242531695374	1	212.991584499014	1472.88070137038	0.48624312156078	0	0	68.7612996101379
GAUSS	SHUTOFF	Low	20	3	10	2000	2000	1	1604	396	0.00685785536159601	0.0305486284289277	0.0660847880299252	0.610972568578554	0.0231840640780127	0.0401564215538182	FALSE	0.123737373737374	0.255050505050505	0.358585858585859	0	0	0.0407523782916916	0.114855676086481	0.180336918564688	0.006850917276484	0.116728705073631	1	205.861186629799	1211.63616171513	0.488244122061031	0	0	68.9841130971909
GAUSS	SHUTOFF	Medium	20	3	10	2000	2000	1	1604	396	0.0199501246882793	0.0610972568578554	0.103491271820449	1.22194513715711	0.0503919597523083	0.0738998090190183	FALSE	0.0909090909090909	0.186868686868687	0.282828282828283	0	0	0.0339429624973963	0.128739982345338	0.177027969451259	0.00844958529103355	0.149671476724182	1	210.248590454848	1327.37209433358	0.490995497748874	0	0	68.8905249834061
GAUSS	SHUTOFF	High	20	3	10	2000	2000	1	1604	396	0.0380299251870324	0.0891521197007481	0.135286783042394	1.78304239401496	0.0761703241454112	0.104097112815248	FALSE	0.116161616161616	0.25	0.313131313131313	0.00748129675810474	0.0429292929292929	0.0518593023352566	0.14784506870625	0.21142671609187	0.0122805948252548	0.193185637562463	1	220.285554854681	1414.4198489402	0.484492246123062	0	0	68.9375618696213
RNA-seq	SHUTOFF	Very low	20	3	10	2000	2000	1	1604	396	0.00997506234413965	0.0342892768079801	0.0673316708229426	0.685785536159601	0.0264379727358431	0.0443659353212321	FALSE	0.123737373737374	0.27020202020202	0.353535353535354	0	0	0.0311710855086959	0.106205092848618	0.152161864819509	0.00701275937032663	0.121144730166578	1	203.941089364647	1250.58210249858	0.487243621810906	0	0	68.9597223997116
RNA-seq	SHUTOFF	Low	20	3	10	2000	2000	1	1604	396	0.0187032418952618	0.0554862842892768	0.0947630922693267	1.10972568578554	0.0453082028254546	0.0677884323080054	TRUE	0.103535353535354	0.222222222222222	0.305555555555556	0.00498753117206983	0.0353535353535354	0.0425615506462679	0.130921993363823	0.196299229621461	0.00865787267334459	0.148608084227692	1	223.573066187114	1441.62041978764	0.490995497748874	0	0	68.9113657474518
RNA-seq	SHUTOFF	Medium	20	3	10	2000	2000	1	1604	396	0.0392768079800499	0.0841645885286783	0.134663341645885	1.68329177057357	0.0715511576680319	0.0987650493923016	FALSE	0.123737373737374	0.227272727272727	0.323232323232323	0.0124688279301746	0.053030303030303	0.0356712478979852	0.133794226884909	0.184336645515453	0.0101818426719348	0.17230141249975	1	229.670421715567	1458.6823376165	0.484742371185593	0	0	68.8386406898499
RNA-seq	SHUTOFF	High	20	3	10	2000	2000	1	1604	396	0.0704488778054863	0.134663341645885	0.184538653366584	2.69326683291771	0.118827716977361	0.152244692823771	FALSE	0.138888888888889	0.217171717171717	0.297979797979798	0.0405236907730673	0.095959595959596	0.0397196657285709	0.143747417483901	0.194319981524575	0.0128585153578718	0.212551467707559	1	240.988225335491	1717.07411325414	0.481240620310155	0	0	68.8700423240662
RT-qPCR	NONE	Very low	20	3	20	2000	2000	1	1604	396	0.360972568578554	0.372194513715711	0.385910224438903	7.44389027431421	0.348870054139795	0.396129679664356	FALSE	0.563131313131313	0.616161616161616	0.643939393939394	0.365336658354115	0.588383838383838	0.00238589146530604	0.0954424745184863	0.152519579761705	0.0247058754706443	0.34206798981227	1	1058.67840770406	8384.0927265703	0.455727863931966	0	0	57.7763934135437
RT-qPCR	NONE	Low	20	3	20	2000	2000	1	1604	396	0.43142144638404	0.455112219451372	0.483790523690773	9.10224438902743	0.430878181792934	0.479560749104133	FALSE	0.568181818181818	0.621212121212121	0.669191919191919	0.442019950124688	0.601010101010101	-0.0127239755106837	0.0889351987715852	0.124270803947677	0.0251269919633638	0.35116221899522	1	931.237239158684	6963.98311975191	0.402201100550275	0	0	57.768852353096
RT-qPCR	NONE	Medium	20	3	20	2000	2000	1	1604	396	0.452618453865337	0.501870324189526	0.53927680798005	10.0374064837905	0.477426291670906	0.526305419541716	FALSE	0.588383838383838	0.651515151515152	0.696969696969697	0.476932668329177	0.628787878787879	-0.0446346854458209	0.0779207335131046	0.0949877570428116	0.0261444206171591	0.356110264074252	1	864.163372373809	5748.59880921446	0.398699349674837	0	0	57.8200960159302
RT-qPCR	NONE	High	20	3	20	2000	2000	1	1604	396	0.428927680798005	0.512468827930175	0.556733167082294	10.2493765586035	0.488006885254491	0.536871189496324	FALSE	0.477272727272727	0.570707070707071	0.611111111111111	0.471945137157107	0.52020202020202	-0.0763353234383161	0.0867170914046391	0.100280540878384	0.0281605552156172	0.362231253635162	1	695.413999329933	3934.95872440554	0.454227113556778	0	0	57.8604605197907
GAUSS	NONE	Very low	20	3	20	2000	2000	1	1604	396	0.406483790523691	0.425187032418953	0.439526184538653	8.50374064837905	0.401200506177093	0.449531045318019	FALSE	0.585858585858586	0.636363636363636	0.681818181818182	0.412094763092269	0.611111111111111	0.0206017012555682	0.098129998051265	0.156831720641344	0.0237464157538644	0.336896749255209	1	1379.02815689012	12203.0877457809	0.397948974487244	0	0	57.7682480812073
GAUSS	NONE	Low	20	3	20	2000	2000	1	1604	396	0.450124688279302	0.489401496259352	0.513715710723192	9.78802992518703	0.464992561760207	0.513861074701601	FALSE	0.580808080808081	0.643939393939394	0.669191919191919	0.474438902743142	0.611111111111111	-0.0176293099335423	0.0886430450536148	0.115558094495322	0.0250761807984979	0.351300432748556	1	1050.8978630237	9279.31590275591	0.388694347173587	0	0	57.761815905571
GAUSS	NONE	Medium	20	3	20	2000	2000	1	1604	396	0.475062344139651	0.531172069825436	0.571072319201995	10.6234413965087	0.506705287547467	0.55548989932957	FALSE	0.553030303030303	0.621212121212121	0.643939393939394	0.503117206982544	0.580808080808081	-0.0531407510765501	0.0830895301619928	0.100698538002708	0.0266452305197394	0.359181797030132	1	890.648845221874	6193.7865749892	0.406703351675838	0	0	57.8435776233673
GAUSS	NONE	High	20	3	20	2000	2000	1	1604	396	0.427057356608479	0.498129675810474	0.538029925187033	9.96259351620948	0.473694580458284	0.522573708329094	FALSE	0.457070707070707	0.52020202020202	0.560606060606061	0.460099750623441	0.494949494949495	-0.0831233627512487	0.0912977812659721	0.103635275598314	0.0284341182862004	0.362214533926251	1	692.654648133639	4295.87037913594	0.45447723861931	0	0	57.7385751008988
RNA-seq	NONE	Very low	20	3	20	2000	2000	1	1604	396	0.451995012468828	0.487531172069826	0.511845386533666	9.75062344139651	0.463128810503677	0.511993114745509	FALSE	0.575757575757576	0.628787878787879	0.671717171717172	0.472568578553616	0.593434343434343	-0.015164350625042	0.0870175176336965	0.113726615267886	0.0248176173565635	0.349758105007662	1	1077.5568966485	8858.00113040477	0.391695847923962	0	0	57.8496164083481
RNA-seq	NONE	Low	20	3	20	2000	2000	1	1604	396	0.458852867830424	0.516832917705736	0.556109725685786	10.3366583541147	0.492366786617821	0.541218614295778	FALSE	0.553030303030303	0.595959595959596	0.636363636363636	0.487531172069826	0.565656565656566	-0.0516434682193991	0.086220464904881	0.102814319288516	0.0266630453642422	0.358040223379037	1	901.556477135714	6454.31125641436	0.431715857928964	0	0	57.883358836174
RNA-seq	NONE	Medium	20	3	20	2000	2000	1	1604	396	0.412718204488778	0.496259351620948	0.53428927680798	9.92518703241895	0.471829236592999	0.520707340981757	FALSE	0.487373737373737	0.578282828282828	0.611111111111111	0.454488778054863	0.52020202020202	-0.0650935834203338	0.0857414622296596	0.102044237662442	0.0274329268313209	0.360153877234469	1	775.023541414223	5470.73652815695	0.462231115557779	0	0	57.8311049938202
RNA-seq	NONE	High	20	3	20	2000	2000	1	1604	396	0.369077306733167	0.438279301745636	0.491271820448878	8.76558603491272	0.414173500593375	0.462680029390093	FALSE	0.396464646464646	0.462121212121212	0.507575757575758	0.391521197007481	0.419191919191919	-0.0792323478695611	0.0940618180341485	0.115479354085369	0.028545929659159	0.361273286643815	1	673.527947375655	5086.03813482509	0.477488744372186	0	0	57.7104593515396
RT-qPCR	SHUTOFF	Very low	20	3	20	2000	2000	1	1604	396	0.0773067331670823	0.132793017456359	0.178304239401496	2.65586034912718	0.117059871957518	0.150280826630993	FALSE	0.313131313131313	0.436868686868687	0.522727272727273	0.0692019950124688	0.244949494949495	-0.0297708740492689	0.0750653087474578	0.0937205779371366	0.0195012221234413	0.278163629903507	1	239.748591775122	1070.11206475011	0.489244622311156	0	0	69.1162978410721
RT-qPCR	SHUTOFF	Low	20	3	20	2000	2000	1	1604	396	0.0586034912718205	0.109725685785536	0.154613466334165	2.19451371571072	0.0953525432355312	0.125963717063972	FALSE	0.212121212121212	0.335858585858586	0.424242424242424	0.0355361596009975	0.138888888888889	-0.0494561380175658	0.0776631626775744	0.0937686453169898	0.0208902946171238	0.288757376832826	1	213.978699600773	1019.05715257194	0.487743871935968	0	0	69.2314822673798
RT-qPCR	SHUTOFF	Medium	20	3	20	2000	2000	1	1604	396	0.0554862842892768	0.104114713216958	0.141521197007481	2.08229426433915	0.0901023845666074	0.12001874209503	FALSE	0.138888888888889	0.255050505050505	0.330808080808081	0.0305486284289277	0.0833333333333333	-0.0602350531182473	0.0821504167406224	0.0973221442030197	0.0224740764790622	0.302726420394547	1	215.957554575711	1142.46246705917	0.491245622811406	0	0	69.1231397390366
RT-qPCR	SHUTOFF	High	20	3	20	2000	2000	1	1604	396	0.0417705735660848	0.0960099750623441	0.143391521197008	1.92019950124688	0.0825427449094851	0.111407633164122	FALSE	0.0732323232323232	0.184343434343434	0.257575757575758	0.0118453865336658	0.0176767676767677	-0.0798110818493584	0.0906701826135974	0.10339913179667	0.0253516151022779	0.324446842638387	1	239.446524869668	1576.46743636391	0.485492746373187	0	0	69.1887584924698
GAUSS	SHUTOFF	Very low	20	3	20	2000	2000	1	1604	396	0.071072319201995	0.119077306733167	0.160224438902743	2.38154613466334	0.104130213821708	0.135844602540906	FALSE	0.237373737373737	0.353535353535354	0.419191919191919	0.0592269326683292	0.196969696969697	0.061498668042672	0.146794504645527	0.277008007110116	0.014750722591684	0.210635177149654	1	353.252070794916	1624.12881491046	0.477738869434717	0	0	69.189434170723
GAUSS	SHUTOFF	Low	20	3	20	2000	2000	1	1604	396	0.0480049875311721	0.0903990024937656	0.150249376558603	1.80798004987531	0.0773271879016094	0.105428056534131	FALSE	0.196969696969697	0.303030303030303	0.383838383838384	0.0330423940149626	0.133838383838384	0.04233034271989	0.126754410790062	0.207595812494104	0.0154068563023202	0.218896009356221	1	314.65797721697	1488.82572970367	0.48424212106053	0	0	69.295649766922
GAUSS	SHUTOFF	Medium	20	3	20	2000	2000	1	1604	396	0.0542394014962594	0.0947630922693267	0.138403990024938	1.89526184538653	0.0813824013256148	0.110080169272911	FALSE	0.141414141414141	0.262626262626263	0.348484848484849	0.0380299251870324	0.0984848484848485	0.033575119192585	0.128527947186829	0.190412169933301	0.016732965600506	0.239171067893461	1	320.27831003792	1573.34478052319	0.48999499749875	0	0	69.2214775085449
GAUSS	SHUTOFF	High	20	3	20	2000	2000	1	1604	396	0.0716957605985038	0.145885286783042	0.188279301745636	2.91770573566085	0.129456586675388	0.164006090401478	FALSE	0.146464646464646	0.237373737373737	0.313131313131313	0.0430174563591022	0.0858585858585859	0.0308305975760284	0.147130312300947	0.219770072989025	0.0182516437548375	0.252092380388366	1	305.882123506545	1631.02541433377	0.48424212106053	0	0	69.0992298126221
RNA-seq	SHUTOFF	Very low	20	3	20	2000	2000	1	1604	396	0.0598503740648379	0.094139650872818	0.13216957605985	1.88279301745636	0.0808025096758621	0.109416157185123	FALSE	0.156565656565657	0.285353535353535	0.391414141414141	0.0349127182044888	0.0984848484848485	0.0260199049964039	0.119178063137209	0.197162702130946	0.0150389770326464	0.212128997658382	1	328.479095526741	1540.26337278388	0.488744372186093	0	0	69.2367649078369
RNA-seq	SHUTOFF	Low	20	3	20	2000	2000	1	1604	396	0.0667082294264339	0.122817955112219	0.167705735660848	2.45635910224439	0.107650213594491	0.139788025193368	FALSE	0.174242424242424	0.265151515151515	0.338383838383838	0.050498753117207	0.118686868686869	0.0351727921061135	0.133547062403957	0.233334629792038	0.0169385161141254	0.244959767254178	1	326.730184033641	1634.26731693286	0.483741870935468	0	0	69.1539462804794
RNA-seq	SHUTOFF	Medium	20	3	20	2000	2000	1	1604	396	0.0667082294264339	0.127182044887781	0.172693266832918	2.54364089775561	0.111762936657385	0.144382628293259	FALSE	0.191919191919192	0.308080808080808	0.381313131313131	0.0486284289276808	0.143939393939394	0.0389874009174107	0.147774537708615	0.223920746685473	0.0178034934386257	0.249878287545939	1	319.089875459858	1978.59562610901	0.48999499749875	0	0	69.2488043308258
RNA-seq	SHUTOFF	High	20	3	20	2000	2000	1	1604	396	0.103491271820449	0.162094763092269	0.205112219451372	3.24189526184539	0.144870077362028	0.180934096890897	FALSE	0.171717171717172	0.272727272727273	0.358585858585859	0.0829177057356609	0.143939393939394	0.033493730572334	0.144648549007848	0.218420309533259	0.0190560879167731	0.260975174039336	1	326.914831663039	2065.66497464477	0.487493746873437	0	0	69.2147804498673
RT-qPCR	NONE	Very low	20	3	50	2000	2000	1	1604	396	0.362219451371571	0.370947630922693	0.383416458852868	7.41895261845387	0.347642308521879	0.39486961780719	FALSE	0.558080808080808	0.603535353535354	0.641414141414141	0.364089775561097	0.568181818181818	-0.00796122703962347	0.0827874895008464	0.121285941185489	0.0244626323826061	0.3410289630289	1	1052.22600263694	8984.50023658349	0.459979989994998	0	0	58.1641360521317
RT-qPCR	NONE	Low	20	3	50	2000	2000	1	1604	396	0.415835411471322	0.44139650872818	0.474438902743142	8.82793017456359	0.417264836631029	0.465808212040143	FALSE	0.633838383838384	0.681818181818182	0.712121212121212	0.428304239401496	0.661616161616162	-0.0168319733718384	0.081287109047731	0.109726955687788	0.0253071473587692	0.350515322984415	1	922.78883535194	7091.56924674901	0.397948974487244	0	0	58.1593291759491
RT-qPCR	NONE	Medium	20	3	50	2000	2000	1	1604	396	0.451371571072319	0.508104738154613	0.545511221945137	10.1620947630923	0.483648843054433	0.532521905533597	FALSE	0.568181818181818	0.646464646464647	0.686868686868687	0.478179551122195	0.611111111111111	-0.0381827871533068	0.0792702792304604	0.0963628349170723	0.0261441017910608	0.35706593829292	1	878.526487981588	5731.35893333059	0.398449224612306	0	0	58.1488699913025
RT-qPCR	NONE	High	20	3	50	2000	2000	1	1604	396	0.435162094763092	0.490648379052369	0.541770573566085	9.81296758104738	0.466235252261323	0.515106191675567	FALSE	0.474747474747475	0.553030303030303	0.590909090909091	0.456359102244389	0.507575757575758	-0.079106242399748	0.0903400056171367	0.103371626227354	0.0283209208062278	0.362526973136304	1	706.243623397868	3860.83258094071	0.452726363181591	0	0	58.1127306222916
GAUSS	NONE	Very low	20	3	50	2000	2000	1	1604	396	0.403990024937656	0.420199501246883	0.440773067331671	8.40399002493765	0.396262951117756	0.444517370477031	FALSE	0.573232323232323	0.643939393939394	0.676767676767677	0.410847880299252	0.606060606060606	0.020810342706008	0.102239923079023	0.169684119368037	0.0237468991821827	0.336464271176656	1	1349.37534705768	13136.271885771	0.413456728364182	0	0	57.9811806678772
GAUSS	NONE	Low	20	3	50	2000	2000	1	1604	396	0.435162094763092	0.47069825436409	0.504364089775561	9.4139650872818	0.446370430843683	0.495166093491903	FALSE	0.621212121212121	0.669191919191919	0.689393939393939	0.453865336658354	0.648989898989899	-0.0201457980661093	0.0797857193287	0.110210834635382	0.0251461683620368	0.350079993407032	1	1075.24850071621	8622.37904457451	0.383191595797899	0	0	57.8945977687836
GAUSS	NONE	Medium	20	3	50	2000	2000	1	1604	396	0.432668329177057	0.495635910224439	0.539900249376559	9.91271820448878	0.471207531121877	0.520085142715338	FALSE	0.532828282828283	0.593434343434343	0.648989898989899	0.46072319201995	0.563131313131313	-0.0509674860775565	0.0812039109937746	0.098194959680784	0.0266727861737805	0.358571266093698	1	915.683934611452	6396.13333932915	0.40520260130065	0	0	58.1526763439179
GAUSS	NONE	High	20	3	50	2000	2000	1	1604	396	0.425810473815461	0.506857855361596	0.560473815461347	10.1371571072319	0.482404029468628	0.53127891164432	FALSE	0.436868686868687	0.52020202020202	0.565656565656566	0.463840399002494	0.487373737373737	-0.0803278989758639	0.0930954857316867	0.10661614997856	0.0285755313263935	0.362936780912339	1	680.320464121866	4165.57698829804	0.475487743871936	0	0	58.1166907548905
RNA-seq	NONE	Very low	20	3	50	2000	2000	1	1604	396	0.435162094763092	0.472568578553616	0.510598503740648	9.45137157107232	0.448231103933705	0.497037131614504	FALSE	0.595959595959596	0.674242424242424	0.714646464646465	0.453241895261845	0.648989898989899	-0.0107007041632969	0.0916112490626481	0.122879529049143	0.0250671137573421	0.35002998019789	1	1078.71380570251	8834.4508834665	0.385942971485743	0	0	58.0826481580734
RNA-seq	NONE	Low	20	3	50	2000	2000	1	1604	396	0.443266832917706	0.492518703241895	0.532418952618454	9.8503740648379	0.468099572451642	0.516973582697869	FALSE	0.553030303030303	0.616161616161616	0.641414141414141	0.462593516209476	0.578282828282828	-0.0516334786763438	0.0851956596660608	0.102187766019819	0.0267888094110005	0.358287306123297	1	858.240640854641	6722.24626111022	0.417458729364682	0	0	58.0917171239853
RNA-seq	NONE	Medium	20	3	50	2000	2000	1	1604	396	0.417082294264339	0.474438902743142	0.521820448877806	9.48877805486284	0.450092119722061	0.49890782703877	FALSE	0.47979797979798	0.550505050505051	0.595959595959596	0.439526184538653	0.52020202020202	-0.0697817574660925	0.0861654503579771	0.100277073938267	0.0277359627124304	0.359978574675568	1	783.415315360452	5733.29991339653	0.45647823911956	0	0	57.9929286241531
RNA-seq	NONE	High	20	3	50	2000	2000	1	1604	396	0.394014962593516	0.468827930174564	0.514339152119701	9.37655860349127	0.44451010067043	0.493294712452533	FALSE	0.404040404040404	0.482323232323232	0.540404040404041	0.42643391521197	0.426767676767677	-0.0840471464096745	0.0920883204621737	0.105710514027254	0.0284000453948485	0.36129592583793	1	660.759644771169	4866.4541101192	0.47223611805903	0	0	58.0440639257431
RT-qPCR	SHUTOFF	Very low	20	3	50	2000	2000	1	1604	396	0.234413965087282	0.291770573566085	0.324189526184539	5.8354114713217	0.270043010692952	0.314493140968444	FALSE	0.472222222222222	0.550505050505051	0.606060606060606	0.247506234413965	0.487373737373737	-0.0394977015463823	0.0899320872824151	0.109963740148492	0.0267345709856293	0.34039418536463	1	491.552361103825	1546.22286638783	0.514007003501751	0	0	50.8532874584198
RT-qPCR	SHUTOFF	Low	20	3	50	2000	2000	1	1604	396	0.157730673316708	0.234413965087282	0.27930174563591	4.68827930174564	0.214331877385261	0.255765130422388	FALSE	0.351010101010101	0.474747474747475	0.532828282828283	0.154613466334165	0.345959595959596	-0.0568567242462559	0.0835802486814003	0.100836125361071	0.0272914693052498	0.337529624511765	1	419.472295311698	1628.63946038111	0.510505252626313	0	0	51.0007261037827
RT-qPCR	SHUTOFF	Medium	20	3	50	2000	2000	1	1604	396	0.120324189526185	0.193266832917706	0.253117206982544	3.86533665835412	0.174685203897971	0.213314157231991	FALSE	0.28030303030303	0.396464646464646	0.464646464646465	0.104114713216958	0.255050505050505	-0.0733885126710591	0.0878553318552718	0.101371250216056	0.027270754589038	0.338532031106328	1	377.461475146555	1817.13533443111	0.51175587793897	0	0	50.9468863010407
RT-qPCR	SHUTOFF	High	20	3	50	2000	2000	1	1604	396	0.0972568578553616	0.167082294264339	0.226309226932668	3.34164588528678	0.149625908940577	0.186129495212674	FALSE	0.151515151515152	0.275252525252525	0.371212121212121	0.0741895261845387	0.108585858585859	-0.0945866121531939	0.100140998935587	0.110936968071336	0.0281794067872167	0.344758885506005	1	371.612136213538	2309.41912870604	0.525512756378189	0	0	50.925062417984
GAUSS	SHUTOFF	Very low	20	3	50	2000	2000	1	1604	396	0.235660847880299	0.279925187032419	0.311720698254364	5.59850374064838	0.258499657081651	0.302402323566472	FALSE	0.436868686868687	0.522727272727273	0.570707070707071	0.24002493765586	0.446969696969697	0.0489646213105287	0.159706448386411	0.332448882802308	0.0261992099797582	0.347968264871298	1	1303.75909947248	5689.1356577065	0.514757378689345	0	0	50.8051649332047
GAUSS	SHUTOFF	Low	20	3	50	2000	2000	1	1604	396	0.174563591022444	0.236907730673317	0.284912718204489	4.73815461346633	0.216743980761615	0.258328641996197	FALSE	0.330808080808081	0.474747474747475	0.542929292929293	0.174563591022444	0.330808080808081	0.0156198330865452	0.133224581295732	0.243054881904376	0.0248776213315656	0.31834707920366	1	927.745089066333	3997.31796567009	0.510755377688844	0	0	50.752468585968
GAUSS	SHUTOFF	Medium	20	3	50	2000	2000	1	1604	396	0.143391521197008	0.230049875311721	0.281172069825436	4.60099750623441	0.210113099313085	0.25127658233178	FALSE	0.255050505050505	0.378787878787879	0.439393939393939	0.138403990024938	0.23989898989899	0.00401191799548034	0.132827810108378	0.20415939321204	0.0232059665338727	0.300314816997118	1	719.715069611184	3173.45197994207	0.507753876938469	0	0	50.8346816301346
GAUSS	SHUTOFF	High	20	3	50	2000	2000	1	1604	396	0.146508728179551	0.228179551122195	0.283665835411471	4.56359102244389	0.208306000033685	0.249351970398557	FALSE	0.244949494949495	0.366161616161616	0.419191919191919	0.137780548628429	0.237373737373737	0.000379305483828075	0.137606407147444	0.207182056419316	0.0222982568143794	0.297405524886802	1	598.171488739846	2943.27949583746	0.534767383691846	0	0	50.8674294948578
RNA-seq	SHUTOFF	Very low	20	3	50	2000	2000	1	1604	396	0.17643391521197	0.251246882793017	0.296758104738155	5.02493765586035	0.230632373684609	0.27305003503664	FALSE	0.343434343434343	0.439393939393939	0.507575757575758	0.178304239401496	0.348484848484849	0.0137050312448826	0.135451670763857	0.2193165243181	0.0248046173585977	0.317705248285341	1	962.042722722729	4198.3548374955	0.511255627813907	0	0	50.7361751794815
RNA-seq	SHUTOFF	Low	20	3	50	2000	2000	1	1604	396	0.149002493765586	0.228179551122195	0.273067331670823	4.56359102244389	0.208306000033685	0.249351970398557	FALSE	0.287878787878788	0.398989898989899	0.472222222222222	0.141521197007481	0.267676767676768	0.00476974994125292	0.126696736117409	0.200946499771515	0.0230979360821701	0.294551849753495	1	722.723025431514	3663.54933107789	0.51375687843922	0	0	50.8493981361389
RNA-seq	SHUTOFF	Medium	20	3	50	2000	2000	1	1604	396	0.154613466334165	0.229426433915212	0.296758104738155	4.58852867830424	0.209510669177245	0.250635108730079	FALSE	0.244949494949495	0.338383838383838	0.441919191919192	0.150872817955112	0.234848484848485	-0.0190366091982016	0.119114066589203	0.163173531538985	0.0230691641204076	0.297586040377466	1	624.521870134229	3425.98710828092	0.517508754377189	0	0	50.8173257112503
RNA-seq	SHUTOFF	High	20	3	50	2000	2000	1	1604	396	0.165211970074813	0.247506234413965	0.297381546134663	4.9501246882793	0.227006283088766	0.269212703207239	FALSE	0.257575757575758	0.320707070707071	0.391414141414141	0.162094763092269	0.255050505050505	0.000984040963810051	0.139884670599944	0.234321926175312	0.0234133513678358	0.300337517069171	1	626.951641139717	3893.13151303649	0.532766383191596	0	0	50.8112921714783
RT-qPCR	NONE	Very low	20	5	5	2000	2000	1	1604	396	0.38216957605985	0.389027431421446	0.39713216957606	7.78054862842893	0.365460905558863	0.413124229158887	FALSE	0.636363636363636	0.689393939393939	0.717171717171717	0.385286783042394	0.654040404040404	0.0167227079095463	0.0958527095950117	0.163090336928469	0.0243029017905013	0.340346355772137	1	1094.27452558204	9376.86397195002	0.440470235117559	0	0	58.3408086299896
RT-qPCR	NONE	Low	20	5	5	2000	2000	1	1604	396	0.442643391521197	0.461970074812968	0.481920199501247	9.23940149625935	0.437691827804167	0.486430044205849	FALSE	0.654040404040404	0.712121212121212	0.75	0.450748129675811	0.684343434343434	-0.00191945315303388	0.0878028382209629	0.123285659435627	0.0247684519148211	0.348616101575907	1	952.203023585612	7545.88480251787	0.397448724362181	0	0	58.3939957618713
RT-qPCR	NONE	Medium	20	5	5	2000	2000	1	1604	396	0.452618453865337	0.491271820448878	0.522443890274314	9.82543640897756	0.466856654402169	0.515728693272261	FALSE	0.613636363636364	0.686868686868687	0.71969696969697	0.472568578553616	0.648989898989899	-0.0285964469364486	0.0784664576272019	0.100319684956542	0.0256835497215597	0.35405170438295	1	916.821463195664	6623.21216359026	0.381690845422711	0	0	58.5701874494553
RT-qPCR	NONE	High	20	5	5	2000	2000	1	1604	396	0.447007481296758	0.515586034912718	0.56359102244389	10.3117206982544	0.491120910728378	0.53997668271014	FALSE	0.515151515151515	0.588383838383838	0.638888888888889	0.485660847880299	0.565656565656566	-0.0698681536043743	0.0843860065820464	0.0980792847042461	0.027601266476518	0.361122705427068	1	780.636147264242	4376.50914137951	0.43671835917959	0	0	58.3890084028244
GAUSS	NONE	Very low	20	5	5	2000	2000	1	1604	396	0.419576059850374	0.434538653366584	0.444513715710723	8.69077306733167	0.410465177540165	0.458924930018059	FALSE	0.651515151515152	0.714646464646465	0.734848484848485	0.427057356608479	0.679292929292929	0.029895403409824	0.0991022061900639	0.164655575061963	0.0235712830470178	0.33503256241807	1	1295.99683259172	11697.9494028957	0.405702851425713	0	0	58.273272395134
GAUSS	NONE	Low	20	5	5	2000	2000	1	1604	396	0.447630922693267	0.483790523690773	0.509351620947631	9.67581047381546	0.459402332514146	0.508256170309795	FALSE	0.613636363636364	0.676767676767677	0.717171717171717	0.465087281795511	0.628787878787879	-0.00469195467402618	0.0888547098726766	0.119809594797828	0.0247008891820449	0.34771321664037	1	1078.58455774834	9044.52597253552	0.377688844422211	0	0	58.175971865654
GAUSS	NONE	Medium	20	5	5	2000	2000	1	1604	396	0.469451371571072	0.514962593516209	0.54925187032419	10.2992518703242	0.490498029727832	0.539355659973146	FALSE	0.608585858585859	0.679292929292929	0.717171717171717	0.492518703241895	0.638888888888889	-0.0338787049616895	0.0801713637560914	0.105649914166202	0.0260572698363042	0.35587412152426	1	968.328121949023	7210.66505911658	0.388944472236118	0	0	58.2114011049271
GAUSS	NONE	High	20	5	5	2000	2000	1	1604	396	0.46571072319202	0.529925187032419	0.585411471321696	10.5985037406484	0.505457662074815	0.55424971732714	FALSE	0.563131313131313	0.633838383838384	0.684343434343434	0.491895261845387	0.593434343434343	-0.0658366005261795	0.0827942042262474	0.0988958069624887	0.0275875049310391	0.361463805889281	1	762.36467636252	4735.5660424904	0.442221110555278	0	0	58.1530681848526
RNA-seq	NONE	Very low	20	5	5	2000	2000	1	1604	396	0.451995012468828	0.479426433915212	0.503117206982544	9.58852867830424	0.455056502401178	0.503894674259978	FALSE	0.641414141414141	0.704545454545455	0.75	0.468204488778055	0.676767676767677	-0.00177171271712889	0.089341248311494	0.118972626101383	0.0248191168025556	0.34757339740688	1	1078.67555692273	8841.33840926067	0.391695847923962	0	0	58.0856692790985
RNA-seq	NONE	Low	20	5	5	2000	2000	1	1604	396	0.467581047381546	0.52431421446384	0.559226932668329	10.4862842892768	0.499845232965097	0.548667012798992	FALSE	0.598484848484849	0.646464646464647	0.674242424242424	0.496259351620948	0.618686868686869	-0.0440711433920598	0.0798488692211847	0.0960100090458093	0.0261645717582924	0.356983881904322	1	933.454900026684	6888.9865479773	0.415707853926964	0	0	57.9468845129013
RNA-seq	NONE	Medium	20	5	5	2000	2000	1	1604	396	0.456359102244389	0.510598503740648	0.546758104738155	10.211970074813	0.486138925298399	0.535007438239793	FALSE	0.517676767676768	0.568181818181818	0.606060606060606	0.486284289276808	0.537878787878788	-0.0564792522861836	0.0828262070475837	0.0991049789863662	0.0269178746230795	0.357992722842174	1	862.773778654496	6225.91587717706	0.421460730365183	0	0	57.9749792814255
RNA-seq	NONE	High	20	5	5	2000	2000	1	1604	396	0.413341645885287	0.477556109725686	0.519950124688279	9.55112219451371	0.453194573707512	0.502024891741022	FALSE	0.505050505050505	0.547979797979798	0.573232323232323	0.437655860349127	0.517676767676768	-0.0733142273018421	0.08926171021291	0.1025074576347	0.0279991382605698	0.360259455737309	1	763.024091566028	5386.73528250175	0.453476738369185	0	0	58.055592417717
RT-qPCR	SHUTOFF	Very low	20	5	5	2000	2000	1	1604	396	0	0.00561097256857855	0.00872817955112219	0.112219451371571	0.00295475316014783	0.0106295829700538	FALSE	0.315656565656566	0.441919191919192	0.532828282828283	0	0.212121212121212	0.00754850267563488	0.0395526872475985	0.0614621828021739	0.0058932504635509	0.094588543214663	1	134.890932083376	631.400000283607	0.493246623311656	0	0	69.5735383033752
RT-qPCR	SHUTOFF	Low	20	5	5	2000	2000	1	1604	396	0.00124688279301746	0.00997506234413965	0.0293017456359102	0.199501246882793	0.00614929101460959	0.0161423712783772	FALSE	0.21969696969697	0.368686868686869	0.46969696969697	0	0.111111111111111	-0.00186348997531857	0.0568218710655131	0.0805738243141811	0.00649652936243988	0.111311429644969	1	137.87723804637	646.160615957358	0.492246123061531	0	0	69.627643942833
RT-qPCR	SHUTOFF	Medium	20	5	5	2000	2000	1	1604	396	0.00685785536159601	0.027431421446384	0.0579800498753117	0.548628428927681	0.0204972231161435	0.0366237438279838	FALSE	0.159090909090909	0.295454545454545	0.401515151515151	0.00187032418952618	0.0580808080808081	0.0056837946913004	0.0759052478979324	0.0983801175176811	0.00841387210864282	0.150186516314	1	148.223976698906	736.332322108591	0.495247623811906	0	0	69.4240492582321
RT-qPCR	SHUTOFF	High	20	5	5	2000	2000	1	1604	396	0.0174563591022444	0.0511221945137157	0.0897755610972569	1.02244389027431	0.0413758137460967	0.0630134952245783	TRUE	0.0808080808080808	0.194444444444444	0.285353535353535	0	0	-0.0193435752495558	0.0863243314044611	0.104575481121419	0.0134288554829389	0.215102857698058	1	164.480987252059	986.678255669545	0.495747873936969	0	0	69.1958063840866
GAUSS	SHUTOFF	Very low	20	5	5	2000	2000	1	1604	396	0	0.00124688279301746	0.0043640897755611	0.0249376558603491	0.000342006858486012	0.00453500310893056	FALSE	0.272727272727273	0.398989898989899	0.474747474747475	0	0.166666666666667	0.0102194482771627	0.0469649552687922	0.0782109841473405	0.00428172600773794	0.0631708407278738	1	159.6083516873	916.52122515064	0.492746373186593	0	0	69.0206540822983
GAUSS	SHUTOFF	Low	20	5	5	2000	2000	1	1604	396	0.00187032418952618	0.0118453865336658	0.0349127182044888	0.236907730673317	0.00759633389028362	0.0184270396153253	FALSE	0.169191919191919	0.303030303030303	0.409090909090909	0	0.0707070707070707	0.0182811888850684	0.07495510235692	0.114585467537775	0.0042258159925099	0.0768270848687893	1	160.400047860599	931.633932745405	0.492246123061531	0	0	68.9531538486481
GAUSS	SHUTOFF	Medium	20	5	5	2000	2000	1	1604	396	0.00561097256857855	0.029925187032419	0.0692019950124688	0.598503740648379	0.0226447724680187	0.0394518094262714	FALSE	0.103535353535354	0.234848484848485	0.333333333333333	0	0	0.0369875171120431	0.114459923815274	0.162721387353313	0.00538623967668035	0.108301560218658	1	169.300176286769	998.431268719274	0.495247623811906	0	0	68.7556308507919
GAUSS	SHUTOFF	High	20	5	5	2000	2000	1	1604	396	0.0218204488778055	0.0798004987531172	0.128428927680798	1.59600997506234	0.0675208896352295	0.094087991262319	FALSE	0.0984848484848485	0.191919191919192	0.26010101010101	0	0	0.0475092333294747	0.144021463472925	0.195908397657143	0.0084799197668556	0.161426529069787	1	177.238097735537	1076.51944346023	0.494747373686843	0	0	68.8716102838516
RNA-seq	SHUTOFF	Very low	20	5	5	2000	2000	1	1604	396	0	0.00748129675810474	0.029925187032419	0.149625935162095	0.00428477591941086	0.013031271423413	FALSE	0.191919191919192	0.308080808080808	0.411616161616162	0	0.0656565656565657	0.00929720492370894	0.0764939774685688	0.110633691578461	0.00426135476065785	0.0751112922121798	1	159.708098549402	938.789069715601	0.491745872936468	0	0	68.9044399261475
RNA-seq	SHUTOFF	Low	20	5	5	2000	2000	1	1604	396	0.00935162094763092	0.0317955112219451	0.0754364089775561	0.635910224438903	0.0242653382789308	0.0415629548279815	FALSE	0.0934343434343434	0.207070707070707	0.310606060606061	0	0	0.0265860840458915	0.10880058899486	0.150717702087796	0.00567014526307048	0.112229929308484	1	171.736654986021	1043.66933859246	0.495247623811906	0	0	68.9794871807098
RNA-seq	SHUTOFF	Medium	20	5	5	2000	2000	1	1604	396	0.0130922693266833	0.0536159600997506	0.101620947630923	1.07231920199501	0.0436204259734795	0.0657444979473583	TRUE	0.126262626262626	0.257575757575758	0.318181818181818	0.00187032418952618	0.0505050505050505	0.0465638782881244	0.126461744447214	0.177789094492976	0.00705274745454607	0.137559520385057	1	180.370277195764	1079.50107082058	0.491495747873937	0	0	68.8783382177353
RNA-seq	SHUTOFF	High	20	5	5	2000	2000	1	1604	396	0.0330423940149626	0.0741895261845387	0.124064837905237	1.48379052369077	0.0623562541432511	0.0880574931164308	FALSE	0.0833333333333333	0.191919191919192	0.252525252525253	0.00935162094763092	0.0277777777777778	0.0388628912415312	0.132240965283689	0.172245450299676	0.00982338720977799	0.172008980777255	1	198.76388303217	1336.09279251372	0.494497248624312	0	0	68.8919788599014
RT-qPCR	NONE	Very low	20	5	10	2000	2000	1	1604	396	0.391521197007481	0.399625935162095	0.405860349127182	7.9925187032419	0.375922336019935	0.423809162236008	FALSE	0.628787878787879	0.664141414141414	0.694444444444445	0.395261845386534	0.648989898989899	0.0146786983129811	0.0947887534391419	0.155301006599282	0.0244375460451037	0.339137393490788	1	1066.44547348153	9576.55391528436	0.448724362181091	0	0	57.9408285617828
RT-qPCR	NONE	Low	20	5	10	2000	2000	1	1604	396	0.430798004987531	0.455112219451372	0.476309226932668	9.10224438902743	0.430878181792934	0.479560749104133	FALSE	0.641414141414141	0.686868686868687	0.71969696969697	0.440149625935162	0.651515151515152	-0.00630009922996361	0.0826736894822233	0.117257758816391	0.024974084568472	0.348638506514463	1	921.354996199424	7912.9845207035	0.400950475237619	0	0	57.9096748828888
RT-qPCR	NONE	Medium	20	5	10	2000	2000	1	1604	396	0.465087281795511	0.494389027431422	0.521820448877806	9.88778054862843	0.469964233912209	0.518840632449924	FALSE	0.611111111111111	0.656565656565657	0.689393939393939	0.476932668329177	0.628787878787879	-0.0312418391312872	0.0804109493837995	0.0993599169959089	0.0258205903403915	0.353784756854681	1	889.83854556075	6191.06094788667	0.384942471235618	0	0	57.7282902002335
RT-qPCR	NONE	High	20	5	10	2000	2000	1	1604	396	0.468204488778055	0.530548628428928	0.569201995012469	10.6109725685786	0.506081455751728	0.554869827387768	FALSE	0.505050505050505	0.563131313131313	0.623737373737374	0.497506234413965	0.535353535353535	-0.0742492684789535	0.0868797392460188	0.100070949091364	0.0277396656784003	0.361317562259077	1	762.851532279481	4554.78868245063	0.456228114057029	0	0	57.6439924240112
GAUSS	NONE	Very low	20	5	10	2000	2000	1	1604	396	0.418952618453865	0.430798004987531	0.442019950124688	8.61596009975062	0.406758254892937	0.455168430240042	FALSE	0.643939393939394	0.704545454545455	0.71969696969697	0.424563591022444	0.671717171717172	0.0218172363242369	0.0930134645800733	0.141910975886566	0.0238504411166476	0.335976146698309	1	1246.34282251882	12396.1107659026	0.421210605302651	0	0	57.6239298582077
GAUSS	NONE	Low	20	5	10	2000	2000	1	1604	396	0.45573566084788	0.483790523690773	0.507481296758105	9.67581047381546	0.459402332514146	0.508256170309795	FALSE	0.616161616161616	0.676767676767677	0.702020202020202	0.466957605985037	0.651515151515152	-0.00343741757112594	0.0877116103595877	0.119667804045835	0.024906807520114	0.34789312225205	1	1034.25320661657	9392.77700448682	0.381690845422711	0	0	57.52820956707
GAUSS	NONE	Medium	20	5	10	2000	2000	1	1604	396	0.478179551122195	0.528678304239402	0.561720698254364	10.573566084788	0.504210189043122	0.553009382883752	FALSE	0.611111111111111	0.669191919191919	0.70959595959596	0.501870324189526	0.641414141414141	-0.0387969184952386	0.082692749835406	0.0994950067063154	0.0260633839058897	0.356495860346316	1	967.350469977242	7292.45458192875	0.392696348174087	0	0	57.453460931778
GAUSS	NONE	High	20	5	10	2000	2000	1	1604	396	0.459476309226933	0.520573566084788	0.566708229426434	10.4114713216958	0.496105325740022	0.544943497598822	FALSE	0.535353535353535	0.606060606060606	0.646464646464647	0.491271820448878	0.568181818181818	-0.0721223975197306	0.0844851989730494	0.0996916371267868	0.0277004386896143	0.361893675501423	1	784.418921608483	4815.97083897712	0.428714357178589	0	0	57.5023571252823
RNA-seq	NONE	Very low	20	5	10	2000	2000	1	1604	396	0.442643391521197	0.47069825436409	0.493765586034913	9.4139650872818	0.446370430843683	0.495166093491903	FALSE	0.608585858585859	0.656565656565657	0.702020202020202	0.448254364089776	0.633838383838384	-0.00122954890202235	0.0916586180480185	0.124970680828856	0.0247577606413796	0.346927807702926	1	1023.87340836639	9952.36492418328	0.394697348674337	0	0	57.4844391345978
RNA-seq	NONE	Low	20	5	10	2000	2000	1	1604	396	0.463840399002494	0.5	0.53428927680798	10	0.475560265486635	0.524439734513365	FALSE	0.580808080808081	0.638888888888889	0.686868686868687	0.482543640897756	0.611111111111111	-0.0382476219651675	0.0854599028798901	0.106270924183824	0.0261040796491112	0.355928265098967	1	933.619148187849	7517.30891636118	0.416208104052026	0	0	57.6107275485992
RNA-seq	NONE	Medium	20	5	10	2000	2000	1	1604	396	0.438279301745636	0.497506234413965	0.533042394014963	9.9501246882793	0.473072761262084	0.521951623787753	FALSE	0.550505050505051	0.633838383838384	0.674242424242424	0.467581047381546	0.598484848484849	-0.0511973326639332	0.0829813378126153	0.101155148839667	0.0270695800291995	0.358894976952553	1	838.529386491367	5897.43992963992	0.433716858429215	0	0	57.6502062082291
RNA-seq	NONE	High	20	5	10	2000	2000	1	1604	396	0.41645885286783	0.474438902743142	0.526807980049875	9.48877805486284	0.450092119722061	0.49890782703877	FALSE	0.482323232323232	0.527777777777778	0.570707070707071	0.445137157107232	0.497474747474748	-0.0716379978494889	0.0917769347954996	0.108557626026262	0.0279324523362979	0.361005528224756	1	749.032863565584	5410.86239193055	0.467233616808404	0	0	57.5808751583099
RT-qPCR	SHUTOFF	Very low	20	5	10	2000	2000	1	1604	396	0.00561097256857855	0.0149625935162095	0.029925187032419	0.29925187032419	0.0100752313907426	0.02216766080257	FALSE	0.247474747474748	0.419191919191919	0.532828282828283	0.000623441396508728	0.126262626262626	-0.0030862360778906	0.0482507218868645	0.0702813377942162	0.0116441215268921	0.175747066538799	1	121.706686572812	592.477137744192	0.489744872436218	0	0	68.8551688194275
RT-qPCR	SHUTOFF	Low	20	5	10	2000	2000	1	1604	396	0.00561097256857855	0.0218204488778055	0.0417705735660848	0.43640897755611	0.01573096479177	0.0301948685144907	FALSE	0.204545454545455	0.376262626262626	0.505050505050505	0.00187032418952618	0.0656565656565657	-0.0069586908538174	0.0552125352737647	0.0779051548115856	0.0130375380638606	0.200985489931809	1	118.859724674595	561.604955193273	0.489244622311156	0	0	68.7238903045654
RT-qPCR	SHUTOFF	Medium	20	5	10	2000	2000	1	1604	396	0.0043640897755611	0.0230673316708229	0.0579800498753117	0.461346633416459	0.0167812118675745	0.0316324289137676	FALSE	0.108585858585859	0.275252525252525	0.404040404040404	0	0	-0.0244671510866605	0.0641892032171985	0.0809826180553538	0.0155004859892872	0.232345191240551	1	129.655469113421	634.166865157791	0.491745872936468	0	0	68.9246199131012
RT-qPCR	SHUTOFF	High	20	5	10	2000	2000	1	1604	396	0.013715710723192	0.0423940149625935	0.084788029925187	0.84788029925187	0.0335782809340128	0.0533963757110919	TRUE	0.0681818181818182	0.176767676767677	0.247474747474748	0	0	-0.0560147865431514	0.0800613155330418	0.0945668530236625	0.0199701601882624	0.28288517945647	1	144.338953145749	802.854332201238	0.489744872436218	0	0	68.9198509454727
GAUSS	SHUTOFF	Very low	20	5	10	2000	2000	1	1604	396	0.00249376558603491	0.00623441396508728	0.0187032418952618	0.124688279301746	0.00338992806082571	0.0114383118069167	FALSE	0.196969696969697	0.361111111111111	0.477272727272727	0	0.0858585858585859	0.0105226972456657	0.0575082279387556	0.0914281517240574	0.00664983706529355	0.0922533165217331	1	138.23088843295	777.471924134783	0.488494247123562	0	0	68.7334290742874
GAUSS	SHUTOFF	Low	20	5	10	2000	2000	1	1604	396	0.00311720698254364	0.0193266832917706	0.043640897755611	0.386533665835411	0.0136485562156029	0.0273016621404949	FALSE	0.126262626262626	0.292929292929293	0.391414141414141	0	0	0.0204108049650372	0.0795843519594752	0.118635674979081	0.00621422463617871	0.0986203223333358	1	144.132219011856	750.485431232961	0.485242621310655	0	0	68.7925859689713
GAUSS	SHUTOFF	Medium	20	5	10	2000	2000	1	1604	396	0.00997506234413965	0.0386533665835412	0.0716957605985038	0.773067331670823	0.0302689944350469	0.0492422397848135	FALSE	0.0909090909090909	0.224747474747475	0.320707070707071	0	0	0.0364522252375793	0.114880923645698	0.161674442397993	0.00700870429786493	0.123972920473826	1	148.384088093014	832.140653575031	0.493246623311656	0	0	68.8051327466965
GAUSS	SHUTOFF	High	20	5	10	2000	2000	1	1604	396	0.0286783042394015	0.0928927680798005	0.140274314214464	1.85785536159601	0.0796432949455809	0.108087564440323	FALSE	0.116161616161616	0.217171717171717	0.28030303030303	0.00748129675810474	0.0252525252525253	0.0227818956216405	0.128827982972333	0.172850767473944	0.0100055700886288	0.17004250455715	1	157.082328607974	911.308688938849	0.489744872436218	0	0	68.508114695549
RNA-seq	SHUTOFF	Very low	20	5	10	2000	2000	1	1604	396	0.00498753117206983	0.0149625935162095	0.0486284289276808	0.29925187032419	0.0100752313907426	0.02216766080257	FALSE	0.131313131313131	0.308080808080808	0.398989898989899	0	0.0505050505050505	0.0201579657894581	0.0807782057067038	0.123391606018561	0.00625570940379898	0.0982199388504013	1	141.845697843371	745.743589037523	0.490245122561281	0	0	68.4661065340042
RNA-seq	SHUTOFF	Low	20	5	10	2000	2000	1	1604	396	0.0143391521197008	0.043640897755611	0.0897755610972569	0.87281795511222	0.0346860607006989	0.0547764034194873	TRUE	0.128787878787879	0.23989898989899	0.325757575757576	0.0043640897755611	0.0378787878787879	0.0349221141798373	0.111251821295552	0.155439346695365	0.00706160293148801	0.128565627564456	1	157.34629070513	895.293543555576	0.489244622311156	0	0	68.4793057441712
RNA-seq	SHUTOFF	Medium	20	5	10	2000	2000	1	1604	396	0.0187032418952618	0.0536159600997506	0.0910224438902743	1.07231920199501	0.0436204259734795	0.0657444979473583	TRUE	0.108585858585859	0.234848484848485	0.343434343434343	0	0	0.040399105722999	0.121436752977177	0.187599128337455	0.00836055935181262	0.147627204777681	1	163.870155747345	1066.05753618253	0.48424212106053	0	0	68.4120681285858
RNA-seq	SHUTOFF	High	20	5	10	2000	2000	1	1604	396	0.0492518703241895	0.0953865336658354	0.138403990024938	1.90773067331671	0.0819624802802509	0.110743994055816	FALSE	0.123737373737374	0.222222222222222	0.303030303030303	0.0249376558603491	0.0580808080808081	0.0357061648883798	0.132679835957225	0.177567621462983	0.011013517642883	0.182663981927742	1	176.354178564807	1190.17501449036	0.48624312156078	0	0	68.4830318689346
RT-qPCR	NONE	Very low	20	5	20	2000	2000	1	1604	396	0.38216957605985	0.389650872817955	0.39713216957606	7.7930174563591	0.366075958421273	0.413753080034018	FALSE	0.616161616161616	0.656565656565657	0.694444444444445	0.384663341645885	0.641414141414141	0.0144334502356642	0.0910318694507311	0.151738440103123	0.0245660833947761	0.340596856311026	1	1096.3167232886	9525.18813235453	0.44472236118059	0	0	57.4597738981247
RT-qPCR	NONE	Low	20	5	20	2000	2000	1	1604	396	0.425810473815461	0.447007481296758	0.467581047381546	8.94014962593516	0.422831678149131	0.471436504159907	FALSE	0.638888888888889	0.69949494949495	0.737373737373737	0.434538653366584	0.669191919191919	-0.00595633524342067	0.0855335941894331	0.118938018755099	0.0250352863311552	0.346692298289814	1	954.418939434328	7237.98026724222	0.393446723361681	0	0	57.4058780670166
RT-qPCR	NONE	Medium	20	5	20	2000	2000	1	1604	396	0.470074812967581	0.498753117206983	0.532418952618454	9.97506234413965	0.474316437561374	0.523195754963545	FALSE	0.613636363636364	0.671717171717172	0.714646464646465	0.483790523690773	0.651515151515152	-0.0289269422281558	0.0786413298739368	0.100824913579772	0.025722072141596	0.354267939964098	1	915.217776983715	6232.59256655647	0.390945472736368	0	0	57.4394788742066
RT-qPCR	NONE	High	20	5	20	2000	2000	1	1604	396	0.458852867830424	0.516832917705736	0.561720698254364	10.3366583541147	0.492366786617821	0.541218614295778	FALSE	0.52020202020202	0.585858585858586	0.626262626262626	0.488778054862843	0.545454545454545	-0.0693855774275108	0.0836481770802203	0.0985138600513799	0.027691197968314	0.361413915628064	1	756.371066407833	4465.81603608213	0.445222611305653	0	0	57.4490842819214
GAUSS	NONE	Very low	20	5	20	2000	2000	1	1604	396	0.41645885286783	0.428304239401496	0.440149625935162	8.56608478802992	0.404287753247641	0.452663316935176	FALSE	0.646464646464647	0.714646464646465	0.742424242424242	0.4214463840399	0.666666666666667	0.026717034855598	0.0968016877348697	0.154395966085676	0.0238040456273492	0.335270437454317	1	1329.65911058926	11160.7786208795	0.410455227613807	0	0	57.3007662296295
GAUSS	NONE	Low	20	5	20	2000	2000	1	1604	396	0.447007481296758	0.471321695760599	0.495635910224439	9.42643391521197	0.446990617116248	0.495789810956878	FALSE	0.621212121212121	0.686868686868687	0.717171717171717	0.458852867830424	0.651515151515152	-0.00531091390084114	0.0902781743505452	0.121589418648369	0.0248914072834819	0.347168200134224	1	1061.53624274842	8474.11093258556	0.385942971485743	0	0	57.4127341508865
GAUSS	NONE	Medium	20	5	20	2000	2000	1	1604	396	0.471321695760599	0.519950124688279	0.561720698254364	10.3990024937656	0.495482140913015	0.544322778688288	FALSE	0.618686868686869	0.696969696969697	0.742424242424242	0.496259351620948	0.654040404040404	-0.0338483627643091	0.0803104145539928	0.0996300668222218	0.0260813765606274	0.35527330522694	1	964.488293135507	6878.91579852117	0.417958979489745	0	0	57.3937475681305
GAUSS	NONE	High	20	5	20	2000	2000	1	1604	396	0.453865336658354	0.520573566084788	0.562344139650873	10.4114713216958	0.496105325740022	0.544943497598822	FALSE	0.47979797979798	0.573232323232323	0.618686868686869	0.488778054862843	0.52020202020202	-0.0746736327073602	0.0898493796537647	0.104336055570463	0.0279148204872808	0.361725499659364	1	777.299931350073	4616.70284366115	0.440470235117559	0	0	57.3589951992035
RNA-seq	NONE	Very low	20	5	20	2000	2000	1	1604	396	0.443890274314215	0.472568578553616	0.5	9.45137157107232	0.448231103933705	0.497037131614504	FALSE	0.659090909090909	0.702020202020202	0.73989898989899	0.457605985037406	0.669191919191919	-0.00152780077539327	0.0881313807061095	0.121017226530157	0.0246363494467295	0.346280221561841	1	1058.59711637323	9166.6199418577	0.395697848924462	0	0	57.4057379961014
RNA-seq	NONE	Low	20	5	20	2000	2000	1	1604	396	0.451995012468828	0.497506234413965	0.533042394014963	9.9501246882793	0.473072761262084	0.521951623787753	FALSE	0.585858585858586	0.654040404040404	0.684343434343434	0.473815461346633	0.613636363636364	-0.0385142047765303	0.0830016655377123	0.103288923204666	0.0262145114619654	0.355392997594183	1	957.76761129923	6877.4730089621	0.414457228614307	0	0	57.4047343730927
RNA-seq	NONE	Medium	20	5	20	2000	2000	1	1604	396	0.451995012468828	0.511845386533666	0.547381546134663	10.2369077306733	0.487384193998929	0.536249977014345	FALSE	0.53030303030303	0.606060606060606	0.633838383838384	0.480673316708229	0.565656565656566	-0.056592372531673	0.0872535484557466	0.105266726744002	0.026986331219104	0.359426590450067	1	855.099479529392	5956.48566132065	0.42696348174087	0	0	57.2808474302292
RNA-seq	NONE	High	20	5	20	2000	2000	1	1604	396	0.398379052369077	0.460099750623441	0.513715710723192	9.20199501246883	0.435833101229423	0.484557059567971	FALSE	0.477272727272727	0.532828282828283	0.578282828282828	0.423316708229426	0.5	-0.0731856764044907	0.0898985637950272	0.104498538260176	0.0282207284190295	0.360906464257931	1	795.963735118871	5303.45615654339	0.448474237118559	0	0	57.1554944515228
RT-qPCR	SHUTOFF	Very low	20	5	20	2000	2000	1	1604	396	0.0423940149625935	0.084788029925187	0.116583541147132	1.69576059850374	0.0721278070015426	0.0994323037963317	FALSE	0.272727272727273	0.419191919191919	0.542929292929293	0.027431421446384	0.191919191919192	-0.0383844104388507	0.0588186611021188	0.0774014701231621	0.0203338085173455	0.283179107831811	1	152.854631905125	609.383357573059	0.490245122561281	0	0	68.3834601640701
RT-qPCR	SHUTOFF	Low	20	5	20	2000	2000	1	1604	396	0.0317955112219451	0.0660847880299252	0.0935162094763092	1.3216957605985	0.054934186778755	0.0793088118928975	FALSE	0.237373737373737	0.391414141414141	0.502525252525253	0.0124688279301746	0.116161616161616	-0.0460875689368847	0.0598991008917421	0.0766415206552387	0.0214574509864889	0.292807347229987	1	145.569337212583	644.645981564397	0.490245122561281	0	0	68.5640097856522
RT-qPCR	SHUTOFF	Medium	20	5	20	2000	2000	1	1604	396	0.0193266832917706	0.0623441396508728	0.100374064837905	1.24688279301746	0.0515255636634846	0.0752540125829234	FALSE	0.141414141414141	0.242424242424242	0.356060606060606	0.00561097256857855	0.0378787878787879	-0.0665479662714948	0.0752998056549322	0.0899574828671017	0.0231061944437793	0.308021010183258	1	150.363460824928	688.758877566212	0.490245122561281	0	0	68.4263360500336
RT-qPCR	SHUTOFF	High	20	5	20	2000	2000	1	1604	396	0.0143391521197008	0.0517456359102244	0.0860349127182045	1.03491271820449	0.0419363294507584	0.0636968832574573	TRUE	0.0681818181818182	0.148989898989899	0.21969696969697	0	0	-0.082880611860326	0.0890978252105689	0.102181869259464	0.0257413101289594	0.326373937940028	1	164.799532075478	915.122229907601	0.488994497248624	0	0	68.3507564067841
GAUSS	SHUTOFF	Very low	20	5	20	2000	2000	1	1604	396	0.0405236907730673	0.0698254364089776	0.109725685785536	1.39650872817955	0.0583538245295859	0.0833525965673109	FALSE	0.186868686868687	0.323232323232323	0.429292929292929	0.020573566084788	0.136363636363636	0.0185683548534633	0.0820116315074009	0.12985843067713	0.0111441006962188	0.157864391689439	1	224.499465516748	917.77974665178	0.480740370185093	0	0	68.392662525177
GAUSS	SHUTOFF	Low	20	5	20	2000	2000	1	1604	396	0.0218204488778055	0.0542394014962594	0.0960099750623441	1.08478802992519	0.0441826181372895	0.0664262095210891	TRUE	0.121212121212121	0.277777777777778	0.388888888888889	0	0	0.0257933476920072	0.0948023891900609	0.149219253212784	0.0123844172175175	0.172268030853558	1	220.928815750855	855.710981034951	0.484742371185593	0	0	68.3777159452438
GAUSS	SHUTOFF	Medium	20	5	20	2000	2000	1	1604	396	0.0293017456359102	0.0617206982543641	0.100997506234414	1.23441396508728	0.0509585937057705	0.0745770788030968	FALSE	0.138888888888889	0.257575757575758	0.348484848484849	0.0124688279301746	0.0707070707070707	0.0176717390900202	0.106461794126855	0.163181308790839	0.0139001758999947	0.198465993681967	1	217.589029328992	943.243403901333	0.490245122561281	0	0	68.3911775350571
GAUSS	SHUTOFF	High	20	5	20	2000	2000	1	1604	396	0.0561097256857855	0.104738154613466	0.150872817955112	2.09476309226933	0.0906850910201066	0.120679939379071	FALSE	0.151515151515152	0.232323232323232	0.325757575757576	0.0317955112219451	0.0833333333333333	0.0110727918234715	0.13925935857873	0.209222173688201	0.0164046145088119	0.235385568249927	1	213.681605497776	993.219276924028	0.492746373186593	0	0	68.3528770208359
RNA-seq	SHUTOFF	Very low	20	5	20	2000	2000	1	1604	396	0.0249376558603491	0.0554862842892768	0.0972568578553616	1.10972568578554	0.0453082028254546	0.0677884323080054	TRUE	0.148989898989899	0.272727272727273	0.393939393939394	0.0130922693266833	0.0631313131313131	0.0176328399008797	0.0929639100131242	0.154217173109499	0.0123579790609661	0.176886774136019	1	221.656638185575	892.186210094725	0.482491245622811	0	0	68.2798082828522
RNA-seq	SHUTOFF	Low	20	5	20	2000	2000	1	1604	396	0.0261845386533666	0.071072319201995	0.111596009975062	1.4214463840399	0.0594960092004355	0.0846982193715427	FALSE	0.141414141414141	0.26010101010101	0.373737373737374	0.0118453865336658	0.0707070707070707	0.0309782628183149	0.118293535372111	0.20288799234688	0.014383049513273	0.203224297547294	1	229.152695414249	1061.36602639528	0.485242621310655	0	0	68.3927352428436
RNA-seq	SHUTOFF	Medium	20	5	20	2000	2000	1	1604	396	0.043640897755611	0.0891521197007481	0.129675810473815	1.78304239401496	0.0761703241454112	0.104097112815248	FALSE	0.156565656565657	0.287878787878788	0.368686868686869	0.0211970074812968	0.0757575757575758	0.0161995585624499	0.115549254788809	0.166815387332621	0.0155306540905296	0.222574054357761	1	226.876800335986	1092.69521939682	0.489244622311156	0	0	68.5069009065628
RNA-seq	SHUTOFF	High	20	5	20	2000	2000	1	1604	396	0.0835411471321696	0.139650872817955	0.178927680798005	2.7930174563591	0.123547140629863	0.157476499071596	FALSE	0.176767676767677	0.282828282828283	0.343434343434343	0.057356608478803	0.126262626262626	0.025964341393282	0.134728870312349	0.195669184938683	0.0166223851168163	0.235629714412886	1	234.271108311797	1347.84946149599	0.480740370185093	0	0	68.5192618370056
RT-qPCR	NONE	Very low	20	5	50	2000	2000	1	1604	396	0.391521197007481	0.400872817955112	0.403366583541147	8.01745635910224	0.377153861570279	0.425065444160745	FALSE	0.598484848484849	0.648989898989899	0.696969696969697	0.394638403990025	0.621212121212121	0.00575563856570611	0.0864453247632245	0.132445486222006	0.0242745194352452	0.340405692582511	1	1093.08303334878	9330.99715108905	0.445972986493247	0	0	57.4343230724335
RT-qPCR	NONE	Low	20	5	50	2000	2000	1	1604	396	0.438902743142145	0.456359102244389	0.477556109725686	9.12718204488778	0.432116681696038	0.480810056676111	FALSE	0.654040404040404	0.714646464646465	0.747474747474748	0.447630922693267	0.681818181818182	-0.0101155596149181	0.0796548615921096	0.111600180724253	0.0249535872448812	0.348012283791582	1	941.98345385563	7624.69944991865	0.391445722861431	0	0	57.4737133979797
RT-qPCR	NONE	Medium	20	5	50	2000	2000	1	1604	396	0.459476309226933	0.491271820448878	0.518079800498753	9.82543640897756	0.466856654402169	0.515728693272261	FALSE	0.611111111111111	0.661616161616162	0.69949494949495	0.474438902743142	0.633838383838384	-0.0273649705268244	0.0834201600247393	0.108006648967656	0.0257155419132171	0.354150948438182	1	915.05486956404	6345.08481201636	0.391945972986493	0	0	57.3636666536331
RT-qPCR	NONE	High	20	5	50	2000	2000	1	1604	396	0.444513715710723	0.514962593516209	0.554239401496259	10.2992518703242	0.490498029727832	0.539355659973146	FALSE	0.51010101010101	0.573232323232323	0.623737373737374	0.479426433915212	0.542929292929293	-0.0714116137714991	0.0866640369695819	0.101856548867802	0.0276304162994498	0.360958850994178	1	759.446736247847	4501.62257871224	0.44472236118059	0	0	57.2778989076614
GAUSS	NONE	Very low	20	5	50	2000	2000	1	1604	396	0.424563591022444	0.434538653366584	0.442643391521197	8.69077306733167	0.410465177540165	0.458924930018059	FALSE	0.643939393939394	0.694444444444445	0.72979797979798	0.428927680798005	0.669191919191919	0.0188201508866508	0.0912682774573363	0.144069674413091	0.0236768342661736	0.335073855963647	1	1288.40756775409	12161.8834348996	0.400700350175088	0	0	57.1600654125214
GAUSS	NONE	Low	20	5	50	2000	2000	1	1604	396	0.448254364089776	0.474438902743142	0.492518703241895	9.48877805486284	0.450092119722061	0.49890782703877	FALSE	0.621212121212121	0.696969696969697	0.732323232323232	0.461970074812968	0.664141414141414	-0.00920026065278783	0.0851989463991885	0.11588809610164	0.0247483858836058	0.347391758278368	1	1065.80307246169	9559.5251559959	0.373686843421711	0	0	57.1836397647858
GAUSS	NONE	Medium	20	5	50	2000	2000	1	1604	396	0.475062344139651	0.521197007481297	0.550498753117207	10.4239401496259	0.496728548569365	0.54556417850702	FALSE	0.628787878787879	0.671717171717172	0.717171717171717	0.493142144638404	0.661616161616162	-0.0376756464615224	0.0794871685390449	0.101731769326499	0.0261003404287428	0.356498702772079	1	971.415690541625	6760.43855212102	0.399449724862431	0	0	57.1272636651993
GAUSS	NONE	High	20	5	50	2000	2000	1	1604	396	0.459476309226933	0.524937655860349	0.580423940149626	10.498753117207	0.500468683939345	0.549287465562284	FALSE	0.53030303030303	0.580808080808081	0.631313131313131	0.483790523690773	0.555555555555556	-0.0705651617250123	0.0886919999965907	0.102767305955711	0.027773131851325	0.361994043022967	1	755.742157314322	4762.86990363645	0.450475237618809	0	0	57.1859456300736
RNA-seq	NONE	Very low	20	5	50	2000	2000	1	1604	396	0.444513715710723	0.480673316708229	0.5	9.61346633416459	0.456297978218827	0.505141005917411	FALSE	0.641414141414141	0.696969696969697	0.73989898989899	0.461346633416459	0.666666666666667	-0.00361420556878923	0.0852539593473457	0.11676718137498	0.0246352555148136	0.346613329298292	1	1045.03329487108	9674.29027417776	0.393946973486743	0	0	57.1472367048264
RNA-seq	NONE	Low	20	5	50	2000	2000	1	1604	396	0.453865336658354	0.511845386533666	0.545511221945137	10.2369077306733	0.487384193998929	0.536249977014345	FALSE	0.573232323232323	0.631313131313131	0.671717171717172	0.476932668329177	0.611111111111111	-0.0380839935925071	0.08374205489809	0.102506260999662	0.0262008812407706	0.356132748953492	1	927.285631051638	7425.64222454696	0.4072036018009	0	0	57.2323467731476
RNA-seq	NONE	Medium	20	5	50	2000	2000	1	1604	396	0.452618453865337	0.512468827930175	0.56359102244389	10.2493765586035	0.488006885254491	0.536871189496324	FALSE	0.553030303030303	0.613636363636364	0.656565656565657	0.483790523690773	0.578282828282828	-0.0567842996495329	0.0862558733756418	0.102978194395502	0.026954362487902	0.358066310048411	1	913.794796299655	6185.41914841821	0.41695847923962	0	0	57.1227368116379
RNA-seq	NONE	High	20	5	50	2000	2000	1	1604	396	0.412094763092269	0.478802992518703	0.520573566084788	9.57605985037406	0.45443582149298	0.503271451430635	FALSE	0.482323232323232	0.535353535353535	0.575757575757576	0.443890274314215	0.507575757575758	-0.0698837753107971	0.0913090247316224	0.10709586655907	0.0277909608170091	0.360734518060738	1	703.927912636491	5284.01214135438	0.461980990495248	0	0	57.0531167984009
RT-qPCR	SHUTOFF	Very low	20	5	50	2000	2000	1	1604	396	0.219451371571072	0.285536159600998	0.326683291770574	5.71072319201995	0.263965250559579	0.30813186372641	FALSE	0.484848484848485	0.585858585858586	0.654040404040404	0.230673316708229	0.494949494949495	-0.0626836156140417	0.0794558234112731	0.0935369815836135	0.0288385481467685	0.349666374101954	1	321.513789481064	988.076100051894	0.508254127063532	0	0	50.1215965747833
RT-qPCR	SHUTOFF	Low	20	5	50	2000	2000	1	1604	396	0.149625935162095	0.215087281795511	0.271820448877806	4.30174563591022	0.195672726166684	0.235863265777203	FALSE	0.368686868686869	0.517676767676768	0.580808080808081	0.14713216957606	0.366161616161616	-0.0753477390632141	0.0822590682682491	0.0950225588376169	0.0289143763761891	0.347102532646497	1	288.431851545358	992.859656063129	0.508254127063532	0	0	50.119760632515
RT-qPCR	SHUTOFF	Medium	20	5	50	2000	2000	1	1604	396	0.105985037406484	0.185162094763092	0.237531172069825	3.70324189526185	0.166913207623721	0.204915404918211	FALSE	0.262626262626263	0.401515151515151	0.502525252525253	0.084788029925187	0.214646464646465	-0.0835332805018833	0.0863519220243106	0.0992125441179178	0.028783116795226	0.345833076801887	1	249.991179382185	1070.65143292111	0.51375687843922	0	0	49.9867038726807
RT-qPCR	SHUTOFF	High	20	5	50	2000	2000	1	1604	396	0.0561097256857855	0.130299251870324	0.199501246882793	2.60598503740648	0.114704439097307	0.147660644541041	FALSE	0.138888888888889	0.27020202020202	0.361111111111111	0.0218204488778055	0.0757575757575758	-0.0952749062527362	0.0980280590337368	0.109491906938749	0.0290202436162575	0.349047383100425	1	254.620446259257	1289.19900118246	0.521260630315158	0	0	50.0459938049317
GAUSS	SHUTOFF	Very low	20	5	50	2000	2000	1	1604	396	0.236284289276808	0.291147132169576	0.330423940149626	5.82294264339152	0.269435006271994	0.313857241651862	FALSE	0.517676767676768	0.613636363636364	0.664141414141414	0.248129675810474	0.540404040404041	0.0235043114272345	0.122937477350089	0.232286947724369	0.02701946917096	0.344573114741668	1	892.032135137925	3931.09029411108	0.506753376688344	0	0	49.817547917366
GAUSS	SHUTOFF	Low	20	5	50	2000	2000	1	1604	396	0.163341645885287	0.238154613466334	0.285536159600998	4.76309226932668	0.217950402476422	0.259610027756472	FALSE	0.396464646464646	0.515151515151515	0.588383838383838	0.165211970074813	0.398989898989899	0.00958294196228524	0.11559339218642	0.194731199459702	0.0255470853804051	0.319052083667985	1	703.775109809979	2650.03869768752	0.506253126563282	0	0	49.8742294311523
GAUSS	SHUTOFF	Medium	20	5	50	2000	2000	1	1604	396	0.124064837905237	0.201371571072319	0.256857855361596	4.02743142144638	0.182470184481724	0.221699925236267	FALSE	0.29040404040404	0.436868686868687	0.507575757575758	0.110349127182045	0.28030303030303	-0.00461989886510707	0.114979696667786	0.184529649723607	0.0236814090287089	0.304465348765021	1	549.680346523172	2188.63757332844	0.514257128564282	0	0	49.7806154489517
GAUSS	SHUTOFF	High	20	5	50	2000	2000	1	1604	396	0.114713216957606	0.199501246882793	0.261845386533666	3.99002493765586	0.180672529798802	0.219765868706567	FALSE	0.23989898989899	0.356060606060606	0.454545454545455	0.0960099750623441	0.196969696969697	-0.0127907189486344	0.114337726325805	0.158851069684496	0.0215927308764833	0.282119535864917	1	423.490516322069	1759.69730633245	0.527263631815908	0	0	49.7856104373932
RNA-seq	SHUTOFF	Very low	20	5	50	2000	2000	1	1604	396	0.179551122194514	0.244389027431421	0.296134663341646	4.88778054862843	0.223986158775842	0.266013308832459	FALSE	0.393939393939394	0.517676767676768	0.585858585858586	0.183291770573566	0.404040404040404	-0.00889400284702231	0.107217113109843	0.176563690670806	0.0262154757865057	0.321882760687753	1	703.485233956945	2960.76968160836	0.512256128064032	0	0	49.7524210214615
RNA-seq	SHUTOFF	Low	20	5	50	2000	2000	1	1604	396	0.122817955112219	0.201371571072319	0.263092269326683	4.02743142144638	0.182470184481724	0.221699925236267	FALSE	0.26010101010101	0.416666666666667	0.492424242424242	0.101620947630923	0.207070707070707	-0.013684445475238	0.114874391513045	0.17799804771343	0.0238407957756578	0.30437453422386	1	539.592120639917	2239.43489429924	0.51575787893947	0	0	49.8513600826264
RNA-seq	SHUTOFF	Medium	20	5	50	2000	2000	1	1604	396	0.131546134663342	0.206359102244389	0.256234413965087	4.12718204488778	0.187267138275431	0.226854201342886	FALSE	0.300505050505051	0.426767676767677	0.512626262626263	0.119077306733167	0.285353535353535	0.00776880923999573	0.125745467877593	0.208139302330368	0.0231011830083126	0.287362412328135	1	501.548427125969	2332.61317598588	0.518259129564782	0	0	49.6743104457855
RNA-seq	SHUTOFF	High	20	5	50	2000	2000	1	1604	396	0.139027431421446	0.221321695760599	0.273690773067332	4.42643391521197	0.201684937085045	0.242290092234249	FALSE	0.272727272727273	0.398989898989899	0.452020202020202	0.125935162094763	0.252525252525253	0.0086677696208752	0.137357327777659	0.221100465286584	0.0223444282537543	0.289807397340626	1	447.910311509818	2235.76949757747	0.52176088044022	0	0	49.6773779392242
RT-qPCR	NONE	Very low	20	10	5	2000	2000	1	1604	396	0.413965087281795	0.419576059850374	0.424563591022444	8.39152119700748	0.395645933779227	0.443890484078019	FALSE	0.686868686868687	0.734848484848485	0.772727272727273	0.417705735660848	0.714646464646465	0.0163912052610076	0.0801165471630105	0.137818384969676	0.0239863382951349	0.336087864994282	1	1046.89577323654	8616.98405225794	0.448474237118559	0	0	57.298189997673
RT-qPCR	NONE	Low	20	10	5	2000	2000	1	1604	396	0.438902743142145	0.451995012468828	0.462593516209476	9.03990024937656	0.427782603705202	0.476436808504163	FALSE	0.702020202020202	0.75	0.777777777777778	0.447007481296758	0.727272727272727	0.000466280733603872	0.076638628634605	0.113043174191159	0.024473149372299	0.342674227787492	1	985.224947645865	8201.90440763717	0.413456728364182	0	0	57.3087775707245
RT-qPCR	NONE	Medium	20	10	5	2000	2000	1	1604	396	0.465087281795511	0.485660847880299	0.50997506234414	9.71321695760598	0.461265400720798	0.510124813315765	FALSE	0.651515151515152	0.72979797979798	0.775252525252525	0.478179551122195	0.69949494949495	-0.0142449681025224	0.0776063992857796	0.103382468344284	0.0250591778110874	0.349054860216652	1	939.769051509615	7565.9375891981	0.398449224612306	0	0	57.2051336765289
RT-qPCR	NONE	High	20	10	5	2000	2000	1	1604	396	0.480673316708229	0.537406483790524	0.576059850374065	10.7481296758105	0.512945704069523	0.561688520182921	FALSE	0.578282828282828	0.654040404040404	0.689393939393939	0.508728179551122	0.603535353535354	-0.0575289864844008	0.0812904843249682	0.0963349995376624	0.0268898836180206	0.359319657966269	1	877.195121437126	5465.48506036838	0.418459229614807	0	0	57.1565849781036
GAUSS	NONE	Very low	20	10	5	2000	2000	1	1604	396	0.423316708229426	0.430174563591022	0.438902743142145	8.60349127182045	0.406140570900916	0.454542210494523	FALSE	0.696969696969697	0.755050505050505	0.78030303030303	0.427680798004988	0.727272727272727	0.0256194302846065	0.085750825737874	0.144092080052532	0.0236299150848211	0.332558651624544	1	1259.91103251829	11080.6035188824	0.425962981490745	0	0	56.9828828573227
GAUSS	NONE	Low	20	10	5	2000	2000	1	1604	396	0.450748129675811	0.468827930174564	0.485037406483791	9.37655860349127	0.44451010067043	0.493294712452533	FALSE	0.659090909090909	0.727272727272727	0.777777777777778	0.459476309226933	0.686868686868687	0.00562972481569913	0.0844848991680962	0.125366916119971	0.0244769389241682	0.343303513612918	1	1085.97370435082	9628.85776761856	0.386693346673337	0	0	56.9756616353989
GAUSS	NONE	Medium	20	10	5	2000	2000	1	1604	396	0.471321695760599	0.509351620947631	0.545511221945137	10.1870324189526	0.484893808324434	0.533764747738677	FALSE	0.654040404040404	0.712121212121212	0.734848484848485	0.491271820448878	0.689393939393939	-0.0228344472563845	0.0795000714792101	0.100834052223643	0.0253008170874405	0.351490314523912	1	1058.72380501079	8272.4346422972	0.385942971485743	0	0	57.0476944446564
GAUSS	NONE	High	20	10	5	2000	2000	1	1604	396	0.484413965087282	0.544887780548628	0.577306733167082	10.8977556109726	0.520439250895867	0.569121818207066	FALSE	0.570707070707071	0.633838383838384	0.691919191919192	0.516209476309227	0.621212121212121	-0.0560605603294152	0.0801025562929683	0.0956965290960176	0.0269371007565874	0.358948818252089	1	889.401067742231	6156.19165875406	0.418459229614807	0	0	56.9603327512741
RNA-seq	NONE	Very low	20	10	5	2000	2000	1	1604	396	0.450748129675811	0.470074812967581	0.491271820448878	9.40149625935162	0.44575028267286	0.494542337925185	FALSE	0.646464646464647	0.71969696969697	0.765151515151515	0.456359102244389	0.674242424242424	0.00287124594032887	0.0835517567671107	0.118815802853964	0.024455957081322	0.342162397484058	1	1103.88869887421	10327.3790757524	0.402201100550275	0	0	56.9411957263947
RNA-seq	NONE	Low	20	10	5	2000	2000	1	1604	396	0.456359102244389	0.50498753117207	0.531795511221945	10.0997506234414	0.480537093461499	0.529414136438827	FALSE	0.631313131313131	0.679292929292929	0.71969696969697	0.475062344139651	0.651515151515152	-0.0226629236601957	0.0891345941272716	0.117223664999566	0.0254739615501126	0.351823787241855	1	1027.21455052574	7946.5738573498	0.408704352176088	0	0	56.9317880868912
RNA-seq	NONE	Medium	20	10	5	2000	2000	1	1604	396	0.451371571072319	0.499376558603491	0.540523690773067	9.98753117206983	0.474938332570912	0.523817763691547	FALSE	0.601010101010101	0.643939393939394	0.689393939393939	0.471321695760599	0.621212121212121	-0.0376989185246617	0.0826653439980418	0.10199501463465	0.0260595583799239	0.354418969360722	1	966.556972738851	7454.06736046399	0.413206603301651	0	0	56.8432960510254
RNA-seq	NONE	High	20	10	5	2000	2000	1	1604	396	0.449501246882793	0.501870324189526	0.533665835411471	10.0374064837905	0.477426291670906	0.526305419541716	FALSE	0.545454545454545	0.603535353535354	0.638888888888889	0.472568578553616	0.568181818181818	-0.0527949771283006	0.0836630237907873	0.0997747908697596	0.0268419139526635	0.358017552620384	1	819.519446138125	7475.88895201888	0.443721860930465	0	0	56.8172510862351
RT-qPCR	SHUTOFF	Very low	20	10	5	2000	2000	1	1604	396	0	0	0.00249376558603491	0	0	0.00238920249233511	FALSE	0.404040404040404	0.568181818181818	0.666666666666667	0	0.320707070707071	0.00462282941875132	0.0248353140047441	0.0430832981529759	0.00583763597406572	0.088259303752871	1	109.797867455347	502.349851376404	0.494747373686843	0	0	67.8419691324234
RT-qPCR	SHUTOFF	Low	20	10	5	2000	2000	1	1604	396	0.000623441396508728	0.00623441396508728	0.0243142144638404	0.124688279301746	0.00338992806082571	0.0114383118069167	FALSE	0.340909090909091	0.502525252525253	0.616161616161616	0	0.267676767676768	0.0042033172253756	0.0416792993027614	0.062054931443758	0.00664013852066163	0.108092142349658	1	112.348634176768	524.657142934709	0.495747873936969	0	0	67.826172709465
RT-qPCR	SHUTOFF	Medium	20	10	5	2000	2000	1	1604	396	0.00124688279301746	0.0261845386533666	0.0598503740648379	0.523690773067332	0.0194296555582806	0.0352035039107652	FALSE	0.242424242424242	0.388888888888889	0.515151515151515	0	0.154040404040404	-0.00113564570506346	0.0613444487966013	0.0828256841889668	0.0082965963379025	0.141773336261154	1	122.373756606526	601.257127593867	0.494997498749375	0	0	67.6986402273178
RT-qPCR	SHUTOFF	High	20	10	5	2000	2000	1	1604	396	0.00935162094763092	0.0480049875311721	0.0960099750623441	0.960099750623441	0.0385799453680822	0.0595898449148891	TRUE	0.108585858585859	0.217171717171717	0.295454545454545	0	0	-0.0288194154333653	0.0791751769116433	0.097456889317737	0.0128866335879835	0.205556817651276	1	139.576717411496	806.188366978713	0.496248124062031	0	0	67.7337630987167
GAUSS	SHUTOFF	Very low	20	10	5	2000	2000	1	1604	396	0	0	0.00124688279301746	0	0	0.00238920249233511	FALSE	0.393939393939394	0.53030303030303	0.646464646464647	0	0.310606060606061	0.0094088559655781	0.0323156621323069	0.0572051950138229	0.00402067372328383	0.0539098594331144	1	124.566912142429	684.047219505313	0.493746873436718	0	0	67.5794460773468
GAUSS	SHUTOFF	Low	20	10	5	2000	2000	1	1604	396	0.000623441396508728	0.00810473815461347	0.0336658354114713	0.162094763092269	0.00474256388910307	0.0138173871912615	FALSE	0.297979797979798	0.431818181818182	0.53030303030303	0	0.217171717171717	0.0177468558586141	0.0650557421402383	0.102251195100138	0.00396999907459589	0.0676104339494569	1	133.041233119949	717.396632352843	0.494497248624312	0	0	67.6352362632752
GAUSS	SHUTOFF	Medium	20	10	5	2000	2000	1	1604	396	0.0043640897755611	0.0255610972568579	0.0654613466334165	0.511221945137157	0.0188975453078123	0.0344917104236927	FALSE	0.174242424242424	0.328282828282828	0.411616161616162	0.000623441396508728	0.0732323232323232	0.0205733666354037	0.0897565994781633	0.128622687479899	0.0045019537828913	0.085900043831865	1	141.158599923918	827.317146283474	0.496248124062031	0	0	67.56338763237
GAUSS	SHUTOFF	High	20	10	5	2000	2000	1	1604	396	0.0155860349127182	0.057356608478803	0.098503740648379	1.14713216957606	0.0469994877566294	0.0698288585894528	TRUE	0.103535353535354	0.20959595959596	0.320707070707071	0	0	0.0298512712408525	0.118158123087676	0.160002544886718	0.00648582941388902	0.126418860241005	1	147.741751121078	872.325917522951	0.497748874437219	0	0	67.4580466747284
RNA-seq	SHUTOFF	Very low	20	10	5	2000	2000	1	1604	396	0.000623441396508728	0.00748129675810474	0.0268079800498753	0.149625935162095	0.00428477591941086	0.013031271423413	FALSE	0.275252525252525	0.44949494949495	0.535353535353535	0	0.20959595959596	0.0110077682800894	0.0520840713169106	0.0834981806482254	0.00400166450035499	0.0652082495575588	1	129.243338906493	746.596353997969	0.493246623311656	0	0	67.4054417610169
RNA-seq	SHUTOFF	Low	20	10	5	2000	2000	1	1604	396	0.0043640897755611	0.0286783042394015	0.071072319201995	0.57356608478803	0.0215690152777225	0.0380397591414862	FALSE	0.169191919191919	0.308080808080808	0.421717171717172	0.00187032418952618	0.0984848484848485	0.0191796206548174	0.0911070919193509	0.134708410212726	0.00451257865255136	0.0911559700353103	1	145.293916380188	859.075655753526	0.495747873936969	0	0	67.3821865320206
RNA-seq	SHUTOFF	Medium	20	10	5	2000	2000	1	1604	396	0.0118453865336658	0.0405236907730673	0.0804239401496259	0.810473815461347	0.0319209081608656	0.0513220372716169	TRUE	0.123737373737374	0.25	0.356060606060606	0.00249376558603491	0.053030303030303	0.0237113308868518	0.112457222089247	0.157802048905845	0.0051521024766536	0.103424548854124	1	157.687444274087	959.262840772098	0.494247123561781	0	0	67.4357730150223
RNA-seq	SHUTOFF	High	20	10	5	2000	2000	1	1604	396	0.0280548628428928	0.0748129675810474	0.123441396508728	1.49625935162095	0.0629290977082992	0.0887285532889234	FALSE	0.159090909090909	0.29040404040404	0.361111111111111	0.0180798004987531	0.0934343434343434	0.0403393045511719	0.122991532895805	0.16750133597574	0.00712145394773251	0.133952566752386	1	164.810495204987	1058.33579874629	0.492246123061531	0	0	67.2685608863831
RT-qPCR	NONE	Very low	20	10	10	2000	2000	1	1604	396	0.4214463840399	0.425187032418953	0.428927680798005	8.50374064837905	0.401200506177093	0.449531045318019	FALSE	0.686868686868687	0.744949494949495	0.782828282828283	0.423940149625935	0.696969696969697	0.0154327715836987	0.0773428274474678	0.120258718454558	0.0238520794369102	0.3358997952858	1	1090.5396302102	8786.73970140473	0.451975987993997	0	0	56.448490023613
RT-qPCR	NONE	Low	20	10	10	2000	2000	1	1604	396	0.439526184538653	0.456359102244389	0.47568578553616	9.12718204488778	0.432116681696038	0.480810056676111	FALSE	0.661616161616162	0.712121212121212	0.744949494949495	0.447630922693267	0.689393939393939	-0.00263850503093959	0.0791546083480569	0.112167145660934	0.0246434419040637	0.343068965179147	1	988.043153681684	7982.71283703977	0.414707353676838	0	0	56.4090588092804
RT-qPCR	NONE	Medium	20	10	10	2000	2000	1	1604	396	0.456982543640898	0.493142144638404	0.517456359102244	9.86284289276808	0.46872108835568	0.517595970531373	FALSE	0.669191919191919	0.707070707070707	0.73989898989899	0.476309226932668	0.689393939393939	-0.0159151623068709	0.0779864591299937	0.103194373743048	0.02511131464875	0.349941269422064	1	970.926585982408	7488.467105445	0.384942471235618	0	0	56.292288184166
RT-qPCR	NONE	High	20	10	10	2000	2000	1	1604	396	0.473815461346633	0.522443890274314	0.567955112219451	10.4488778054863	0.497975108258978	0.546805426292488	FALSE	0.595959595959596	0.666666666666667	0.689393939393939	0.498129675810474	0.636363636363636	-0.0539659934996991	0.0808530120227263	0.0962886190609208	0.0269227155927155	0.358876809324869	1	865.410970592784	5611.08020557906	0.406703351675838	0	0	56.1935414075852
GAUSS	NONE	Very low	20	10	10	2000	2000	1	1604	396	0.437032418952619	0.443266832917706	0.448254364089776	8.86533665835411	0.419120102781206	0.467684657102588	FALSE	0.681818181818182	0.737373737373737	0.782828282828283	0.440773067331671	0.702020202020202	0.0224896707812076	0.0839216385627388	0.131863679795408	0.023644993534634	0.332323419835593	1	1315.94783680271	11211.7234964047	0.428964482241121	0	0	56.1136258840561
GAUSS	NONE	Low	20	10	10	2000	2000	1	1604	396	0.453865336658354	0.470074812967581	0.500623441396509	9.40149625935162	0.44575028267286	0.494542337925185	FALSE	0.681818181818182	0.724747474747475	0.744949494949495	0.462593516209476	0.704545454545455	-0.00106869032601034	0.0830475197276961	0.115288696936548	0.0244654580471553	0.342704199331241	1	1124.43778844723	9741.76641474748	0.399699849924963	0	0	55.9766620397568
GAUSS	NONE	Medium	20	10	10	2000	2000	1	1604	396	0.474438902743142	0.512468827930175	0.540523690773067	10.2493765586035	0.488006885254491	0.536871189496324	FALSE	0.661616161616162	0.70959595959596	0.75	0.492518703241895	0.689393939393939	-0.0209636827722543	0.0810634101721209	0.101796922782835	0.0254260303004325	0.352280804669752	1	1062.796329923	8080.80506690189	0.388194097048524	0	0	55.9684846401215
GAUSS	NONE	High	20	10	10	2000	2000	1	1604	396	0.477556109725686	0.544887780548628	0.581047381546135	10.8977556109726	0.520439250895867	0.569121818207066	FALSE	0.595959595959596	0.651515151515152	0.712121212121212	0.514962593516209	0.626262626262626	-0.0519946403579221	0.0797022406343664	0.095548248224249	0.0269297914744749	0.358939428787467	1	894.487385213462	6055.07899186688	0.424212106053027	0	0	55.9617303609848
RNA-seq	NONE	Very low	20	10	10	2000	2000	1	1604	396	0.455112219451372	0.481296758104738	0.498129675810474	9.62593516209476	0.456918773116945	0.505764114756834	FALSE	0.681818181818182	0.747474747474748	0.800505050505051	0.46571072319202	0.704545454545455	0.00733878870707635	0.0838230491259182	0.118426314048833	0.0243480664438628	0.341719868613754	1	1092.97241708166	9824.24344864307	0.403701850925463	0	0	55.8439393043518
RNA-seq	NONE	Low	20	10	10	2000	2000	1	1604	396	0.459476309226933	0.495635910224439	0.524937655860349	9.91271820448878	0.471207531121877	0.520085142715338	FALSE	0.623737373737374	0.659090909090909	0.704545454545455	0.480049875311721	0.643939393939394	-0.0295365433557565	0.0818759431988003	0.102419480358655	0.0255853453645834	0.351488980295861	1	1000.82337026866	8142.5233231508	0.402201100550275	0	0	55.6297025680542
RNA-seq	NONE	Medium	20	10	10	2000	2000	1	1604	396	0.453865336658354	0.494389027431422	0.526807980049875	9.88778054862843	0.469964233912209	0.518840632449924	FALSE	0.616161616161616	0.676767676767677	0.727272727272727	0.472568578553616	0.643939393939394	-0.0428177252129312	0.0806272288023332	0.0979285753531402	0.0262248421003454	0.354350675143518	1	971.260248876462	7073.65510793886	0.414207103551776	0	0	55.6228801012039
RNA-seq	NONE	High	20	10	10	2000	2000	1	1604	396	0.437655860349127	0.481296758104738	0.520573566084788	9.62593516209476	0.456918773116945	0.505764114756834	FALSE	0.53030303030303	0.623737373737374	0.654040404040404	0.454488778054863	0.590909090909091	-0.058289784127805	0.0797352021636351	0.0951900177945632	0.0272364718349522	0.358811464893587	1	832.759742725411	6909.95235058993	0.447973986993497	0	0	55.5660201311112
RT-qPCR	SHUTOFF	Very low	20	10	10	2000	2000	1	1604	396	0.00124688279301746	0.00374064837905237	0.0124688279301746	0.0748129675810474	0.00171546600605484	0.00813715891152465	FALSE	0.386363636363636	0.563131313131313	0.669191919191919	0.000623441396508728	0.318181818181818	-0.00368935813497923	0.0342603254862202	0.0509982346830611	0.0117944386078182	0.175861100435563	1	93.5794381840724	410.486375135554	0.489744872436218	0	0	66.3962885141373
RT-qPCR	SHUTOFF	Low	20	10	10	2000	2000	1	1604	396	0.00249376558603491	0.0130922693266833	0.0305486284289277	0.261845386533666	0.00857898310822574	0.0199321978724647	FALSE	0.373737373737374	0.507575757575758	0.598484848484849	0.00187032418952618	0.26010101010101	-0.0113714544046352	0.0423274627597102	0.0581651205142369	0.0132418997035423	0.198879890261847	1	98.1791518386995	442.804508332174	0.491245622811406	0	0	66.3852643966675
RT-qPCR	SHUTOFF	Medium	20	10	10	2000	2000	1	1604	396	0.00561097256857855	0.027431421446384	0.0610972568578554	0.548628428927681	0.0204972231161435	0.0366237438279838	FALSE	0.247474747474748	0.409090909090909	0.512626262626263	0.00124688279301746	0.164141414141414	-0.0268352272016106	0.0555378792286981	0.0707373925460097	0.0157055860010256	0.230532073717893	1	102.953778577035	499.472116129473	0.492746373186593	0	0	66.2458159923554
RT-qPCR	SHUTOFF	High	20	10	10	2000	2000	1	1604	396	0.00748129675810474	0.0355361596009975	0.0754364089775561	0.71072319201995	0.0275289843072554	0.0457627312249013	FALSE	0.108585858585859	0.224747474747475	0.318181818181818	0	0	-0.0483565032285118	0.0705931638280102	0.0858361570863584	0.020154307024032	0.281606802139286	1	121.975271682847	677.775386300447	0.493246623311656	0	0	66.1990756988525
GAUSS	SHUTOFF	Very low	20	10	10	2000	2000	1	1604	396	0	0.00561097256857855	0.00935162094763092	0.112219451371571	0.00295475316014783	0.0106295829700538	FALSE	0.361111111111111	0.517676767676768	0.626262626262626	0	0.267676767676768	0.0121006367281851	0.0382419583184982	0.0638590473669703	0.00637213570781572	0.0826116828738831	1	105.161498670113	536.69977694419	0.488244122061031	0	0	65.9398291110993
GAUSS	SHUTOFF	Low	20	10	10	2000	2000	1	1604	396	0.000623441396508728	0.0105985037406484	0.0330423940149626	0.211970074812968	0.00662766525746785	0.0169079007730597	FALSE	0.237373737373737	0.439393939393939	0.537878787878788	0	0.156565656565657	0.0113105512521935	0.0614989884728169	0.0918531502219193	0.00599683237155747	0.0835411106515217	1	111.548651698549	603.181745047486	0.489244622311156	0	0	65.8242058753967
GAUSS	SHUTOFF	Medium	20	10	10	2000	2000	1	1604	396	0.00374064837905237	0.0243142144638404	0.0654613466334165	0.486284289276808	0.0178368693334937	0.0330645789229299	FALSE	0.156565656565657	0.315656565656566	0.414141414141414	0	0.053030303030303	0.0190799584491054	0.0864284698217896	0.124864146016284	0.00627632273796016	0.103271926574522	1	119.42163927198	642.506783613968	0.492746373186593	0	0	65.7167165279389
GAUSS	SHUTOFF	High	20	10	10	2000	2000	1	1604	396	0.0187032418952618	0.057356608478803	0.0978802992518703	1.14713216957606	0.0469994877566294	0.0698288585894528	TRUE	0.101010101010101	0.214646464646465	0.320707070707071	0	0	0.0153370630565888	0.115733909896842	0.155527560090741	0.00809097171461401	0.141012283402051	1	126.902662224176	701.297186989421	0.492246123061531	0	0	65.5333247184754
RNA-seq	SHUTOFF	Very low	20	10	10	2000	2000	1	1604	396	0.000623441396508728	0.0105985037406484	0.029925187032419	0.211970074812968	0.00662766525746785	0.0169079007730597	FALSE	0.267676767676768	0.419191919191919	0.502525252525253	0	0.166666666666667	0.0114254675751658	0.0560676961187711	0.0879717891642888	0.00603178087419864	0.0839340976492064	1	112.234446490513	577.50473381067	0.489244622311156	0	0	65.4159240722656
RNA-seq	SHUTOFF	Low	20	10	10	2000	2000	1	1604	396	0.00685785536159601	0.0280548628428928	0.0598503740648379	0.561097256857855	0.0210326080036169	0.0373322626780511	FALSE	0.146464646464646	0.287878787878788	0.416666666666667	0	0	0.0253424475176773	0.0887764898584025	0.126714752140035	0.00637175140029666	0.107258593077465	1	125.528413671275	696.22558972499	0.488244122061031	0	0	65.4144431352615
RNA-seq	SHUTOFF	Medium	20	10	10	2000	2000	1	1604	396	0.0112219451371571	0.0480049875311721	0.0829177057356609	0.960099750623441	0.0385799453680822	0.0595898449148891	TRUE	0.133838383838384	0.265151515151515	0.388888888888889	0	0	0.0444950005557475	0.115849206614557	0.165593081646995	0.00694815576315403	0.121964019364318	1	134.942193218868	780.765665250246	0.491245622811406	0	0	65.2634776830673
RNA-seq	SHUTOFF	High	20	10	10	2000	2000	1	1604	396	0.0336658354114713	0.0773067331670823	0.124688279301746	1.54613466334165	0.0652230210857126	0.0914102448616729	FALSE	0.111111111111111	0.237373737373737	0.348484848484849	0.0112219451371571	0.0277777777777778	0.0331720794061356	0.121110819776903	0.177726746489707	0.00854917852107682	0.148317754324883	1	146.208365967803	952.661357860432	0.486493246623312	0	0	65.1448273658752
RT-qPCR	NONE	Very low	20	10	20	2000	2000	1	1604	396	0.422069825436409	0.425187032418953	0.428304239401496	8.50374064837905	0.401200506177093	0.449531045318019	FALSE	0.674242424242424	0.73989898989899	0.78030303030303	0.424563591022444	0.702020202020202	0.0207606874584902	0.0870402389689189	0.142189905643712	0.0240110994138829	0.335622439721739	1	1058.74170600961	8745.14398995516	0.448724362181091	0	0	54.6709790229797
RT-qPCR	NONE	Low	20	10	20	2000	2000	1	1604	396	0.444513715710723	0.456359102244389	0.469451371571072	9.12718204488778	0.432116681696038	0.480810056676111	FALSE	0.684343434343434	0.732323232323232	0.765151515151515	0.450124688279302	0.712121212121212	0.00303875571825982	0.0793557008279861	0.116492016595206	0.0246518387637932	0.343544027699759	1	982.92056408874	8209.97100172387	0.402701350675338	0	0	54.581258058548
RT-qPCR	NONE	Medium	20	10	20	2000	2000	1	1604	396	0.456982543640898	0.485037406483791	0.504364089775561	9.70074812967581	0.460644340026854	0.509501970272168	FALSE	0.654040404040404	0.732323232323232	0.752525252525253	0.469451371571072	0.689393939393939	-0.0141639275534061	0.0797806342393003	0.10490764007194	0.0252718834229796	0.34999056264465	1	931.407305718744	7461.166088949	0.386443221610805	0	0	54.4571686983109
RT-qPCR	NONE	High	20	10	20	2000	2000	1	1604	396	0.485037406483791	0.531172069825436	0.569825436408978	10.6234413965087	0.506705287547467	0.55548989932957	FALSE	0.560606060606061	0.626262626262626	0.664141414141414	0.501246882793017	0.580808080808081	-0.0572666755138768	0.0802556765651088	0.0955473689561529	0.0268875965860559	0.358869935930045	1	862.141575007724	5572.57638560059	0.415957978989495	0	0	54.4240953922272
GAUSS	NONE	Very low	20	10	20	2000	2000	1	1604	396	0.43142144638404	0.438279301745636	0.447007481296758	8.76558603491272	0.414173500593375	0.462680029390093	FALSE	0.676767676767677	0.732323232323232	0.787878787878788	0.434538653366584	0.702020202020202	0.0244478331030262	0.0856339852726419	0.139806808006135	0.0236604672355639	0.331772435555585	1	1309.13581901725	10884.2875605898	0.423461730865433	0	0	54.3397997617722
GAUSS	NONE	Low	20	10	20	2000	2000	1	1604	396	0.456982543640898	0.473192019950125	0.492518703241895	9.46384039900249	0.448851404462596	0.497660734823153	FALSE	0.676767676767677	0.72979797979798	0.757575757575758	0.463216957605985	0.69949494949495	0.00141301596867843	0.084844882275189	0.116863435522277	0.0244346237645937	0.342065072290591	1	1082.69806323723	10071.4442667387	0.390195097548774	0	0	54.2217495441437
GAUSS	NONE	Medium	20	10	20	2000	2000	1	1604	396	0.47568578553616	0.50997506234414	0.539900249376559	10.1995012468828	0.485516347847075	0.534386111953577	FALSE	0.646464646464647	0.712121212121212	0.742424242424242	0.493765586034913	0.676767676767677	-0.0227251621572219	0.0790873607662216	0.0995583965679065	0.0254660930705162	0.351002496088413	1	1062.45631645563	8411.56836494286	0.388194097048524	0	0	54.1810364723206
GAUSS	NONE	High	20	10	20	2000	2000	1	1604	396	0.486284289276808	0.546134663341646	0.590399002493766	10.9226932668329	0.521688711939652	0.570360164638362	FALSE	0.568181818181818	0.623737373737374	0.671717171717172	0.518079800498753	0.595959595959596	-0.0572288145174883	0.0833179584842153	0.0996017725689638	0.0269324279753341	0.358882596996602	1	902.204814533854	6249.04853946917	0.417208604302151	0	0	53.9854590892792
RNA-seq	NONE	Very low	20	10	20	2000	2000	1	1604	396	0.453241895261845	0.472568578553616	0.49002493765586	9.45137157107232	0.448231103933705	0.497037131614504	FALSE	0.686868686868687	0.752525252525253	0.797979797979798	0.461970074812968	0.724747474747475	0.00751840299280428	0.0834354974126929	0.1211540749568	0.0243998170616717	0.341667922793169	1	1068.86422573052	10401.4256696715	0.400450225112556	0	0	53.960594534874
RNA-seq	NONE	Low	20	10	20	2000	2000	1	1604	396	0.460099750623441	0.503117206982544	0.536783042394015	10.0623441396509	0.478670498661094	0.527549020026609	FALSE	0.623737373737374	0.674242424242424	0.71969696969697	0.480673316708229	0.646464646464647	-0.0240380668430258	0.0858928079351355	0.108351586168229	0.0253180433440558	0.351127928220455	1	1017.1190661551	8246.96177236931	0.403701850925463	0	0	53.9536530971527
RNA-seq	NONE	Medium	20	10	20	2000	2000	1	1604	396	0.466334164588529	0.516832917705736	0.557980049875312	10.3366583541147	0.492366786617821	0.541218614295778	FALSE	0.580808080808081	0.636363636363636	0.696969696969697	0.490648379052369	0.603535353535354	-0.038617567470511	0.0865242731865959	0.108195165459781	0.0260795532254426	0.354340583685435	1	932.935435345384	7627.97088495361	0.424712356178089	0	0	53.8743218183518
RNA-seq	NONE	High	20	10	20	2000	2000	1	1604	396	0.429551122194514	0.485037406483791	0.527431421446384	9.70074812967581	0.460644340026854	0.509501970272168	FALSE	0.547979797979798	0.598484848484849	0.643939393939394	0.453241895261845	0.570707070707071	-0.0577440386127399	0.0842225214402065	0.102861455435561	0.0272005277286172	0.358474935979736	1	831.551881387566	6584.26368794646	0.448224112056028	0	0	53.8500069379807
RT-qPCR	SHUTOFF	Very low	20	10	20	2000	2000	1	1604	396	0.0349127182044888	0.0729426433915212	0.104114713216958	1.45885286783042	0.0612113523105304	0.0867145874740701	FALSE	0.406565656565657	0.575757575757576	0.691919191919192	0.027431421446384	0.328282828282828	-0.0419189630585022	0.0495714113363317	0.0677824691101661	0.0205718226184928	0.282928297144139	1	110.284165481594	433.751831587194	0.492496248124062	0	0	64.3333042860031
RT-qPCR	SHUTOFF	Low	20	10	20	2000	2000	1	1604	396	0.0168329177057357	0.0498753117206983	0.0785536159600998	0.997506234413965	0.0402561009008551	0.0616454005947384	TRUE	0.340909090909091	0.494949494949495	0.611111111111111	0.00935162094763092	0.23989898989899	-0.048242730688282	0.0556714731744028	0.0720799315692711	0.0218343409770042	0.294489654893005	1	107.602978194477	450.987397296354	0.492746373186593	0	0	64.3187144994736
RT-qPCR	SHUTOFF	Medium	20	10	20	2000	2000	1	1604	396	0.0130922693266833	0.0405236907730673	0.0741895261845387	0.810473815461347	0.0319209081608656	0.0513220372716169	TRUE	0.214646464646465	0.361111111111111	0.46969696969697	0.00311720698254364	0.108585858585859	-0.0633071542985262	0.0678866979920393	0.0835242830491293	0.0236095709974065	0.308377791115847	1	113.049744002369	505.164954446412	0.493496748374187	0	0	64.2123579978943
RT-qPCR	SHUTOFF	High	20	10	20	2000	2000	1	1604	396	0.00935162094763092	0.0342892768079801	0.0629675810473816	0.685785536159601	0.0264379727358431	0.0443659353212321	FALSE	0.0732323232323232	0.161616161616162	0.27020202020202	0	0	-0.0829561289724042	0.0867209326982326	0.0986177449825727	0.0263028071464793	0.328543287541138	1	127.689979390918	717.540107320465	0.490245122561281	0	0	64.1405991315842
GAUSS	SHUTOFF	Very low	20	10	20	2000	2000	1	1604	396	0.0280548628428928	0.0604738154613466	0.0928927680798005	1.20947630922693	0.0498256665697151	0.0732221984640708	TRUE	0.310606060606061	0.47979797979798	0.588383838383838	0.0162094763092269	0.204545454545455	0.0133091563569424	0.0551080586659193	0.089771679988485	0.00941931166068323	0.125355299964887	1	166.580780893307	621.882393615387	0.481740870435218	0	0	63.8105692863464
GAUSS	SHUTOFF	Low	20	10	20	2000	2000	1	1604	396	0.0118453865336658	0.0455112219451372	0.0804239401496259	0.910224438902743	0.0363517988633449	0.0568423764694635	TRUE	0.25	0.424242424242424	0.547979797979798	0.00498753117206983	0.138888888888889	0.0145146886321319	0.0649340444468305	0.105910578966983	0.0102397345415519	0.137465828423259	1	168.178911694409	618.563572113523	0.488244122061031	0	0	63.5632908344269
GAUSS	SHUTOFF	Medium	20	10	20	2000	2000	1	1604	396	0.0218204488778055	0.0542394014962594	0.0891521197007481	1.08478802992519	0.0441826181372895	0.0664262095210891	TRUE	0.143939393939394	0.325757575757576	0.457070707070707	0.00374064837905237	0.047979797979798	0.0153146435698153	0.0840259945373488	0.119765340936569	0.0125427278671495	0.174245883047608	1	172.980367368204	659.855580891801	0.491495747873937	0	0	63.4609102010727
GAUSS	SHUTOFF	High	20	10	20	2000	2000	1	1604	396	0.0498753117206983	0.0879052369077307	0.124064837905237	1.75810473815461	0.0750142734231569	0.102765356062421	FALSE	0.171717171717172	0.277777777777778	0.366161616161616	0.0236907730673317	0.0909090909090909	0.021519528606306	0.107652755269683	0.158038559632264	0.014160277812784	0.205214342317705	1	172.504272032861	696.808430730117	0.493246623311656	0	0	63.4462928771973
RNA-seq	SHUTOFF	Very low	20	10	20	2000	2000	1	1604	396	0.0218204488778055	0.0492518703241895	0.0785536159600998	0.98503740648379	0.0396969191623994	0.0609606785956533	TRUE	0.217171717171717	0.404040404040404	0.535353535353535	0.00685785536159601	0.128787878787879	0.0156576990453182	0.0705003381708662	0.109674705817663	0.010481970498272	0.144749475987245	1	170.553730586598	630.434683779862	0.487743871935968	0	0	63.3400279283524
RNA-seq	SHUTOFF	Low	20	10	20	2000	2000	1	1604	396	0.0118453865336658	0.0430174563591022	0.0835411471321696	0.860349127182045	0.0341318922411366	0.0540866681415088	TRUE	0.19949494949495	0.333333333333333	0.45959595959596	0.00374064837905237	0.0934343434343434	0.0284684679521949	0.0973968192651802	0.181560919181647	0.0127680269694486	0.175934830053867	1	177.331340601398	761.577401278838	0.489494747373687	0	0	63.1323204040527
RNA-seq	SHUTOFF	Medium	20	10	20	2000	2000	1	1604	396	0.0305486284289277	0.0773067331670823	0.112219451371571	1.54613466334165	0.0652230210857126	0.0914102448616729	FALSE	0.202020202020202	0.308080808080808	0.421717171717172	0.013715710723192	0.101010101010101	0.0176151136102494	0.104596440098962	0.156847914569588	0.0136324989039666	0.188344182542046	1	185.667895591623	776.97302077323	0.487243621810906	0	0	63.0838088989258
RNA-seq	SHUTOFF	High	20	10	20	2000	2000	1	1604	396	0.0567331670822943	0.115336658354115	0.158354114713217	2.30673316708229	0.100615211347176	0.131896182590194	FALSE	0.184343434343434	0.295454545454545	0.356060606060606	0.0399002493765586	0.154040404040404	0.0149299842123463	0.11518922832198	0.164509050548958	0.0148775223452565	0.211200497597081	1	181.371190558403	948.73383546237	0.484492246123062	0	0	63.0042687654495
RT-qPCR	NONE	Very low	20	10	50	2000	2000	1	1604	396	0.4214463840399	0.425810473815461	0.428304239401496	8.51620947630923	0.401817877254914	0.45015757797774	FALSE	0.691919191919192	0.76010101010101	0.792929292929293	0.423940149625935	0.71969696969697	0.0167883945894864	0.0820459990313979	0.134949440738759	0.02399248366968	0.335944178261485	1	1072.20980642934	8844.55808157873	0.442221110555278	0	0	52.662827372551
RT-qPCR	NONE	Low	20	10	50	2000	2000	1	1604	396	0.437032418952619	0.455112219451372	0.468204488778055	9.10224438902743	0.430878181792934	0.479560749104133	FALSE	0.676767676767677	0.737373737373737	0.775252525252525	0.443266832917706	0.702020202020202	0.00180671828419088	0.0781626045377939	0.115017921248079	0.0245916589229999	0.342843822535274	1	975.469709412712	8169.63503731075	0.409204602301151	0	0	52.6182940006256
RT-qPCR	NONE	Medium	20	10	50	2000	2000	1	1604	396	0.448254364089776	0.476932668329177	0.507481296758105	9.53865336658354	0.452574006842647	0.501401554868347	FALSE	0.671717171717172	0.724747474747475	0.77020202020202	0.463840399002494	0.712121212121212	-0.0127451414120093	0.0808247486077048	0.105918460924123	0.0252523333419841	0.350290002899593	1	989.254651247968	7318.88512247861	0.388194097048524	0	0	52.5895853042603
RT-qPCR	NONE	High	20	10	50	2000	2000	1	1604	396	0.47568578553616	0.522443890274314	0.566084788029925	10.4488778054863	0.497975108258978	0.546805426292488	FALSE	0.568181818181818	0.636363636363636	0.674242424242424	0.503117206982544	0.606060606060606	-0.0570915992204013	0.0819729131268578	0.0975480674939796	0.0267786121407671	0.358698606688705	1	893.959580434217	5567.67081991774	0.399699849924963	0	0	52.4640474319458
GAUSS	NONE	Very low	20	10	50	2000	2000	1	1604	396	0.428927680798005	0.435785536159601	0.442643391521197	8.71571072319202	0.411701129829092	0.460176785204213	FALSE	0.669191919191919	0.762626262626263	0.787878787878788	0.432044887780549	0.717171717171717	0.0231687539795985	0.0850448617265323	0.13445552914615	0.0235940564783322	0.332510893914671	1	1288.92010054335	10536.9403698649	0.429214607303652	0	0	52.2075619697571
GAUSS	NONE	Low	20	10	50	2000	2000	1	1604	396	0.450748129675811	0.466957605985037	0.489401496259352	9.33915211970075	0.442650113647039	0.491422988263303	FALSE	0.671717171717172	0.727272727272727	0.75	0.456982543640898	0.702020202020202	0.00245350421227313	0.0838542267549245	0.11684705447592	0.0243615737853851	0.342895072788819	1	1091.93624013425	9897.66273088069	0.389944972486243	0	0	52.1024675369263
GAUSS	NONE	Medium	20	10	50	2000	2000	1	1604	396	0.473815461346633	0.504364089775561	0.539900249376559	10.0872817955112	0.479914857284662	0.528792468878123	FALSE	0.656565656565657	0.722222222222222	0.765151515151515	0.486907730673317	0.704545454545455	-0.0181386259270513	0.0814925947874233	0.104155704251384	0.025400841079531	0.351437875917022	1	1044.18555877373	8515.13359961349	0.384192096048024	0	0	52.021485209465
GAUSS	NONE	High	20	10	50	2000	2000	1	1604	396	0.476309226932668	0.52930174563591	0.56857855361596	10.5860349127182	0.504833906508097	0.553629569156317	FALSE	0.585858585858586	0.648989898989899	0.707070707070707	0.505610972568579	0.616161616161616	-0.0538895555702993	0.0798707251513908	0.0949483370806002	0.0269347638793147	0.359514337469079	1	897.829746658665	5972.7718353974	0.402201100550275	0	0	52.013799905777
RNA-seq	NONE	Very low	20	10	50	2000	2000	1	1604	396	0.450748129675811	0.473815461346633	0.492518703241895	9.47630922693267	0.449471743061231	0.498284299962058	FALSE	0.694444444444445	0.75	0.77020202020202	0.458229426433915	0.727272727272727	0.00597706000964249	0.0847179577356327	0.118443080961131	0.0244429859084619	0.343904456396718	1	1079.44682550508	9814.89197657127	0.398699349674837	0	0	51.8773708343506
RNA-seq	NONE	Low	20	10	50	2000	2000	1	1604	396	0.454488778054863	0.493142144638404	0.531795511221945	9.86284289276808	0.46872108835568	0.517595970531373	FALSE	0.648989898989899	0.704545454545455	0.744949494949495	0.473192019950125	0.671717171717172	-0.0278355186452043	0.0803564232811357	0.100055061025368	0.0255266838097447	0.350809127452862	1	1015.45342234283	8169.81488197421	0.404452226113057	0	0	51.8473234176636
RNA-seq	NONE	Medium	20	10	50	2000	2000	1	1604	396	0.46571072319202	0.511845386533666	0.546758104738155	10.2369077306733	0.487384193998929	0.536249977014345	FALSE	0.585858585858586	0.651515151515152	0.689393939393939	0.489401496259352	0.626262626262626	-0.0377645358376372	0.0858971127525547	0.105081388049345	0.0260931363300141	0.355175587722301	1	937.182136100941	7992.11266027865	0.414207103551776	0	0	51.7646120786667
RNA-seq	NONE	High	20	10	50	2000	2000	1	1604	396	0.445137157107232	0.508104738154613	0.54925187032419	10.1620947630923	0.483648843054433	0.532521905533597	FALSE	0.542929292929293	0.590909090909091	0.638888888888889	0.476932668329177	0.570707070707071	-0.0566226155403857	0.0846941352144043	0.100981731122136	0.0270800564768397	0.357406783080464	1	847.30992108043	6339.56677653927	0.455227613806903	0	0	51.751301407814
RT-qPCR	SHUTOFF	Very low	20	10	50	2000	2000	1	1604	396	0.243765586034913	0.319825436408978	0.356608478802993	6.39650872817955	0.29745403384949	0.34305778600124	FALSE	0.641414141414141	0.76010101010101	0.805555555555556	0.268703241895262	0.684343434343434	-0.0691127656841927	0.0722139605882521	0.0873862097396472	0.0301475051056156	0.355553060123665	1	235.483161799032	601.742574953765	0.510255127563782	0	0	45.2414846420288
RT-qPCR	SHUTOFF	Low	20	10	50	2000	2000	1	1604	396	0.178304239401496	0.262468827930175	0.307980049875312	5.24937655860349	0.241523054681601	0.284549621315381	FALSE	0.585858585858586	0.694444444444445	0.767676767676768	0.195760598503741	0.603535353535354	-0.074330102862464	0.0763893610214269	0.0906350130289544	0.0300022523506649	0.352917271145377	1	212.114621267004	624.562377205724	0.508754377188594	0	0	45.201979637146
RT-qPCR	SHUTOFF	Medium	20	10	50	2000	2000	1	1604	396	0.132793017456359	0.217581047381546	0.283042394014963	4.35162094763092	0.198076804028168	0.238434802865882	FALSE	0.383838383838384	0.560606060606061	0.646464646464647	0.125311720698254	0.373737373737374	-0.0846433961590134	0.0858410353857231	0.0980274498774408	0.0297327183701603	0.351461589707278	1	197.624696182231	696.757154846815	0.510505252626313	0	0	45.1597179174423
RT-qPCR	SHUTOFF	High	20	10	50	2000	2000	1	1604	396	0.050498753117207	0.147755610972569	0.229426433915212	2.95511221945137	0.131231540254931	0.165962848034557	FALSE	0.154040404040404	0.300505050505051	0.419191919191919	0.0193266832917706	0.0782828282828283	-0.0981095210900079	0.0988540468805189	0.109279729161697	0.0297331909089025	0.351806620328521	1	193.127537368858	922.26169982853	0.51975987993997	0	0	45.1353709697723
GAUSS	SHUTOFF	Very low	20	10	50	2000	2000	1	1604	396	0.277431421446384	0.336658354114713	0.383416458852868	6.73316708229427	0.313946493119984	0.360150727644345	FALSE	0.679292929292929	0.782828282828283	0.823232323232323	0.297381546134663	0.717171717171717	-0.00771019270764522	0.0845144334034263	0.175083491287082	0.0289492106434525	0.351016866677202	1	689.007833017213	2646.80913280237	0.509504752376188	0	0	44.956024646759
GAUSS	SHUTOFF	Low	20	10	50	2000	2000	1	1604	396	0.195760598503741	0.273690773067332	0.334164588528678	5.47381546134663	0.252431749095315	0.296031194177401	FALSE	0.515151515151515	0.638888888888889	0.71969696969697	0.211346633416459	0.540404040404041	-0.0166372668829804	0.0852896304247932	0.152043316725293	0.0271465074057643	0.337790019341152	1	592.553129656533	2094.30453060318	0.509754877438719	0	0	44.9328064918518
GAUSS	SHUTOFF	Medium	20	10	50	2000	2000	1	1604	396	0.144014962593516	0.227556109725686	0.279925187032419	4.55112219451372	0.207703761391704	0.248710305302997	FALSE	0.396464646464646	0.570707070707071	0.643939393939394	0.141521197007481	0.388888888888889	-0.0116925929251963	0.0951624809128116	0.170872646356657	0.0243226824140151	0.302772183687236	1	481.784936519562	1736.17496698513	0.51575787893947	0	0	44.7730330228806
GAUSS	SHUTOFF	High	20	10	50	2000	2000	1	1604	396	0.113466334164589	0.19139650872818	0.25498753117207	3.82793017456359	0.172890491167277	0.211377158750062	FALSE	0.328282828282828	0.477272727272727	0.565656565656566	0.103491271820449	0.308080808080808	-0.0112362529603819	0.10401471990778	0.147491637220581	0.0220481455795949	0.280449045245204	1	386.038869184307	1442.18228878556	0.522511255627814	0	0	44.8107608556747
RNA-seq	SHUTOFF	Very low	20	10	50	2000	2000	1	1604	396	0.197007481296758	0.276184538653367	0.331047381546135	5.52369077306733	0.254858277576352	0.298580280646526	FALSE	0.537878787878788	0.666666666666667	0.75	0.20573566084788	0.555555555555556	-0.00167599898217666	0.0895246017161257	0.156442189706299	0.0270728707885204	0.3322497419883	1	608.147783700867	2119.71033653746	0.509754877438719	0	0	44.6726430654526
RNA-seq	SHUTOFF	Low	20	10	50	2000	2000	1	1604	396	0.125311720698254	0.208852867830424	0.27930174563591	4.17705735660848	0.189667335516034	0.229429619052446	FALSE	0.363636363636364	0.502525252525253	0.588383838383838	0.119700748129676	0.348484848484849	0.00204044934278268	0.109741444949353	0.207609759041641	0.0248502942704341	0.301295330044313	1	472.452492165785	1666.68620155139	0.510755377688844	0	0	44.6667294502258
RNA-seq	SHUTOFF	Medium	20	10	50	2000	2000	1	1604	396	0.129675810473815	0.205112219451372	0.263715710723192	4.10224438902743	0.186067466846417	0.225566065296818	FALSE	0.325757575757576	0.477272727272727	0.553030303030303	0.124064837905237	0.310606060606061	-0.0125117268162004	0.110953300429416	0.16679042119935	0.023845581135806	0.294470397887463	1	434.872709189239	1842.01522920447	0.509254627313657	0	0	44.5831162929535
RNA-seq	SHUTOFF	High	20	10	50	2000	2000	1	1604	396	0.141521197007481	0.226309226932668	0.293017456359102	4.52618453865337	0.206499476891459	0.247426782328161	FALSE	0.335858585858586	0.46969696969697	0.558080808080808	0.129675810473815	0.308080808080808	-0.00172827307638765	0.116275604905128	0.18546912584751	0.0227781132705433	0.290059542983162	1	374.01814217719	1815.1976206962	0.51575787893947	0	0	44.5518878698349
